id,sentence1,sentence2,label
10,یہ استثناء 2005 اور 2009 کے آخر میں اس وقت تھا جب اس نے سویڈن میں کارلسٹاڈ یونائیٹڈ بی کے ، سربیا کے ساتھ ایف کے بورک آیاک اور روسی ایف سی ٹیرک گروزنی کے ساتھ کھیلا۔,یہ استثناء 2005 اور 2009 کے آخر میں تھا ، جب اس نے سویڈن میں کارلسٹاڈ یونائیٹڈ بی کے ، سربیا کے ساتھ ایف کے بورک آیاک اور روسی ایف سی ٹیرک گروزنی کے ساتھ کھیلا۔,1
12,دریائے تباکی رومانیہ میں دریائے لورڈا کی ایک آبدھی ہے۔,دریائے لوراڈا رومانیہ میں دریائے تباسی کی ایک معاون ہے۔,0
20,انہوں نے 1993 میں اے لیول کین کاؤنٹی کوگرس اور اے اے پورٹلینڈ سی ڈاگس کے ساتھ کھیلا۔,انہوں نے 1993 میں اے - لیول پورٹلینڈ سی ڈاگس اور اے اے کین کاؤنٹی کوگرس کے ساتھ کھیلا۔,0
26,ونرسکی آئی ای ای ای ، پھی بیٹا کاپا ، اے سی ایم اور سگما الیون کا ممبر ہے۔,ونرسکی ACM ، IEEE ، Phi Beta Kappa اور سگما الیون کا ممبر ہے۔,1
27,1938 میں وہ اینگلو-مصری سوڈان کے سرکاری ماہر بشریات بن گئے اور نوبا کے ساتھ فیلڈ ورک کی قیادت کی۔,1938 میں وہ مصری-انگلو سوڈان کے سرکاری ماہر بشریات بن گئے اور نوبا کے ساتھ فیلڈ ورک کیا۔,0
28,بلی بلی بیٹسن `` بلیک ایڈم '' کے پہلے چار ایشوز میں نمودار ہوئے ، جو 2008 کے آخر اور 2009 کے اوائل کے درمیان شائع ہوئے۔,بلیک ایڈم `` بلی بیٹسن '' کے پہلے چار ایشوز میں نمودار ہوا ، جو 2008 کے آخر اور 2009 کے اوائل کے درمیان شائع ہوا تھا۔,0
32,اس ضرورت کے لئے شمسی نقطہ نظر روایتی طاقت سے چلنے والے طیارے میں شمسی پینل کا استعمال ہے۔,اس ضرورت کے لئے شمسی نقطہ نظر روایتی طور پر چلنے والے طیارے میں شمسی پینل کا استعمال ہے۔,1
35,پولیس نے جاری تحقیقات کے ایک حصے کے طور پر گلوکار رمی ٹومی اور اداکار کاویہ مادھاون ، دونوں صدیق کے قریبی دوست اور ان کی اہلیہ دلیپ سے بھی پوچھ گچھ کی۔,پولیس نے جاری تفتیش کے ایک حصے کے طور پر گلوکار رمی ٹومی اور اداکار کاویہ مادھاون سے بھی پوچھ گچھ کی۔,1
36,وہ ویرل رواں آرکیسٹرل میوزک کے ساتھ ملتے ہیں اور مبہم ، تقریبا جان بوجھ کر بے رنگ آوازوں پر مشتمل ہوتے ہیں۔,وہ رنگ سے پاک ، براہ راست کھیلے ہوئے موسیقی سے ملتے ہیں اور مبہم ، تقریبا جان بوجھ کر ویرل آرکیسٹرل آوازوں پر مشتمل ہوتے ہیں۔,0
38,ہولی موسیقی کے لحاظ سے ایلٹن جان سے متاثر تھا۔,ہولی ہولی کو ایلٹن جان نے موسیقی سے متاثر کیا۔,1
39,ٹیم نے 19 فروری کو اسی شام اگلے کھیل میں ہونے والی تبدیلیوں کا جواب دیا۔,ٹیم نے اسی کھیل میں ہونے والی تبدیلیوں کا جواب دیا جو اگلے 19 فروری کی شام۔,0
40,موجودہ سمر لیگ کا ایک حصہ نشا سلور نائٹس ، شہر کی کولیجیٹ ٹیم ہے۔,سمر کالججیٹ لیگ کا ایک حصہ نشاوا سلور نائٹس شہر کی موجودہ ٹیم ہے۔,0
48,1966 میں مشرقی جرمنی میں 1949 میں مغربی جرمنی میں آخری بار ، `` فالبیل 'کا استعمال کیا گیا تھا۔,1949 میں مشرقی جرمنی میں 1966 میں ، 1949 میں مغربی جرمنی میں آخری بار ، `` فال بیل '' کا استعمال کیا گیا تھا۔,1
51,نہر یورپ اور بیلجیئم میں سب سے قدیم بحری نہروں میں سے ایک ہے۔,نہر بیلجیئم اور واقعی یورپ میں سب سے قدیم بحری نہروں میں سے ایک ہے۔,0
52,2009 میں وہ واپس فلاڈیلفیا چلا گیا اور آج نیو یارک شہر میں رہتا ہے۔,وہ 2009 میں فلاڈیلفیا واپس چلا گیا اور اب وہ نیو یارک شہر میں رہتا ہے۔,1
53,نیو یارک سٹی کے شہر کلیمور ، اوکلاہوما میں پیٹ کے کینسر کی وجہ سے ان کا انتقال ہوگیا ، جہاں لن رِگز میموریل 30 جون 1954 کو واقع ہے۔,نیو یارک شہر میں 30 جون 1954 کو پیٹ کے کینسر کی وجہ سے ان کا انتقال ہوگیا۔ کلیمور ، اوکلاہوما میں لن رِگز میموریل کا گھر ہے۔,0
55,اسٹپسٹس جرمنی کے شہر کورنیؤبرگ میں پیدا ہوئے تھے اور انہوں نے اپنا بچپن ویانا کے اسٹامرسڈورف میں گزارا تھا۔,اسٹپسٹ کورنوئبرگ میں پیدا ہوئے تھے ، اور انہوں نے اپنا بچپن اسٹیمرڈورف ، ویانا میں گزارا تھا۔,1
67,کیٹا خاندان نے 12 ویں صدی سے لے کر 17 ویں صدی کے اوائل تک پری امپیریل اور امپیریل مالی پر حکمرانی کی۔,کیٹا خاندان نے 12 ویں سے 17 ویں صدی کے اوائل تک مالی سے قبل امپیریل اور امپیریل پر حکمرانی کی۔,1
68,`` فرشتہ آنکھیں '' ایک 1946 کا مشہور گانا ہے جس میں میٹ ڈینس نے تشکیل دیا ہے ، جس میں ارل برینٹ کی دھن ہے۔,`` فرشتہ آنکھیں '' ایک مشہور گانا ہے جو 1946 میں ارل برینٹ نے تشکیل دیا تھا ، جس میں میٹ ڈینس کے متن تھے۔,0
83,یہ موسیقی شیام نے لکھی تھی اور دھن کو سریکومارن تھامپی اور ستیان انتھیککڈ نے تشکیل دیا تھا۔,یہ موسیقی شیام نے لکھی تھی اور اس کی دھن سریکومارن تھامپی اور ستیان انتککڈ نے کمپوزیشن کی تھی۔,1
84,یہ فلم ایک تجارتی ہٹ تھی ، اور سرجیو سولیما کی ایک کامیاب فلموں میں سے ایک تھی اور سابق اسپگیٹی - ہدایتکار کے مغربی ممالک سے کم سیاسی۔,یہ فلم ایک تجارتی ہٹ تھی ، اور سرجیو سولیما کی زیادہ سیاسی فلموں میں سے ایک ، اور سابق اسپگیٹی - ہدایتکار کے مغربی ممالک سے کم کامیاب تھی۔,0
95,کبیر نے سریکا سے کہا کہ وہ رنویر کے کھیل کو ختم کرنے کے اپنے منصوبے کو ظاہر کرے۔,کبیر نے سریکا سے کہا کہ وہ رنویر کے کھیل کو اپنے پاس ختم کرنے کے اپنے منصوبے کو ظاہر کرے۔,1
96,ٹیم نے 19 فروری کو اسی شام اگلے کھیل میں ہونے والی تبدیلیوں کا جواب دیا۔,ٹیم نے اگلے فروری کی شام ہونے والی اسی کھیل میں ہونے والی تبدیلیوں کا جواب دیا۔,0
98,لیفٹیننٹ جان گیج نے مئی 1805 میں انہیں بحیرہ شمالی کے لئے کمیشن دیا ، اور لیفٹیننٹ رابرٹ رمسی نے 1806 میں ان کی جگہ لے لی۔,لیفٹیننٹ رابرٹ رمسی نے مئی 1805 میں اسے شمالی بحیرہ شمالی میں داخل کیا ، اور لیفٹیننٹ جان گیج نے 1806 میں ان کی جگہ لے لی۔,0
104,ایما ٹاؤنشینڈ کی نمائندگی ڈیوڈ گوڈون نے ڈی جی اے ایسوسی ایٹس میں کی ہے۔,ڈیوڈ ڈیوڈ گوڈون کی نمائندگی ڈی جی اے ایسوسی ایٹس میں ایما ٹاؤنشینڈ کے ذریعہ کی گئی ہے۔,0
105,سمر کالججیٹ لیگ کا ایک حصہ نشاوا سلور نائٹس شہر کی موجودہ ٹیم ہے۔,موجودہ سمر لیگ کا ایک حصہ نشاوا سلور نائٹس ، شہر کی کالججیٹ ٹیم ہیں۔,0
112,پل کے مغربی سرے سے ، پنسلوینیا روٹ 268 جنوب کی طرف پارکر اور شمال کی طرف ایملٹن تک جاتا ہے۔,پنسلوینیا روٹ 268 پل کے مغربی سرے سے جنوب اور شمال میں ایملٹن تک جاتا ہے۔,1
116,یہ برطانیہ میں عام تھے ، لیکن یورپ میں ، کم از کم بڑے انجنوں کے لئے ، یہ نسبتا rare کم ہی ہوتا ہے۔,یہ برطانیہ میں شاذ و نادر ہی تھے ، لیکن یورپ میں ، کم از کم بڑے انجنوں کے لئے ، وہ نسبتا common عام ہیں۔,0
118,السٹن 21 دسمبر 1965 کو میری لینڈ کے آکسن ہل میں پیدا ہوا تھا۔ اس نے کنیکٹیکٹ کے نیو ہیون میں آکسن ہل ہائی اسکول میں تعلیم حاصل کی۔,وہ 21 دسمبر 1965 کو میری لینڈ کے شہر آکسن ہل میں پیدا ہوا تھا اور اس نے کنیکٹیکٹ کے نیو ہیون کے ہائی اسکول میں تعلیم حاصل کی تھی۔,1
119,امریکی ہلاکتوں کی کل 28 ہلاکت ہوئی ، جبکہ ویت نام کانگ کے نقصانات 345 ہلاک اور مزید 192 کے تخمینے میں ہلاک ہوگئے۔,مجموعی طور پر ، 28 امریکی متاثرین ہلاک ہوگئے ، جبکہ ویت نام کانگ کے نقصانات 345 اور 192 کے تخمینے کے مطابق ہلاک ہوگئے۔,1
120,سی اے میں ، چارٹرڈ اکاؤنٹنٹ (سری لنکا سری لنکا) کا عنوان صرف سری لنکا کے اکاؤنٹنٹس انسٹی ٹیوٹ کے ممبروں کے ذریعہ استعمال کیا جاسکتا ہے۔,سی اے میں ، چارٹرڈ اکاؤنٹنٹ (سری لنکا سری لنکا) کا عنوان سری لنکا کے چارٹرڈ اکاؤنٹنٹس انسٹی ٹیوٹ کے صرف ممبران ہی استعمال کرسکتے ہیں۔,1
123,سیمیو کا تعلق 14 مارچ کو ای پلس کے بقیہ ای پلس کے حصول کے بعد ، ڈچ ٹیلی مواصلات گروپ کے پی این سے ہے۔,14 مارچ کو ای پلس کے بقیہ حصول کے بعد ، سمیو کا تعلق ڈچ ٹیلی مواصلات گروپ کے پی این سے ہے۔,1
126,کوئیکنڈل کے علاوہ ، رابرٹ وائٹ اور جوشوا ساؤل زیمرمین نے ہیمپشائر کاؤنٹی کے لئے چانسری کمشنر کی حیثیت سے خدمات انجام دیں۔,رابرٹ وائٹ اور جوشوا ساؤل زیمرمین نے ہیمپشائر کاؤنٹی کے لئے چانسری کمشنر کی حیثیت سے کوکینڈل کے ساتھ مل کر خدمات انجام دیں۔,1
135,ان خیالات کا اظہار اکثر پروٹسٹنٹ ، پیوریٹن اور انجیلی بشارت کی تحریکوں کے ظہور کے دوران کیا جاتا تھا۔,انجیلی بشارت ، پیوریٹینیکل اور پروٹسٹنٹ تحریکوں کے ظہور کے دوران اکثر ان خیالات کا اظہار کیا جاتا تھا۔,1
141,یو ای ایف اے کپ 1973 - 74 فینورڈ روٹرڈیم نے ٹوٹنہم ہاٹ پور 4: 2 پر جیتا تھا۔,1973 - 74 یو ای ایف اے کپ فیتنورڈ روٹرڈیم نے ٹوٹنہم ہاٹ پور 4 - 2 پر مجموعی طور پر جیتا تھا۔,1
148,ٹلفورڈ ایلی جان ٹول رٹ کا پوتا تھا ، جو کریب رابنسن کا ابتدائی دوست تھا۔,ٹلفورڈ ایلی کریب رابنسن کا پوتا تھا ، جو جان ٹول رٹ کا ابتدائی دوست تھا۔,0
151,اس کے والد کی جوانی میں ہی انتقال ہوگیا ، اور اس کی والدہ ، سیموئل ایڈمز نے 1842 میں کیتھرین اے فگن سے شادی کی ، جو دو سال بعد آرکنساس کے گورنر بن گئے۔,اس کے والد کی جوانی کے دوران انتقال ہوگیا اور ان کی والدہ ، کیتھرین اے فگن نے 1842 میں سموئیل ایڈمز سے شادی کی ، جو دو سال بعد آرکنساس کے گورنر بنے۔,0
152,انہوں نے 13 جون کو البم کے 5 ویں سنگل کی حیثیت سے البم ، `` وائسز '' پر دوسرا ٹریک بھی جاری کیا۔,انہوں نے البم کے 5 ویں سنگل کے طور پر 13 جون کو البم ، `` وائسز '' پر دوسرا ٹریک بھی جاری کیا۔,1
154,سڈنی واٹر بورڈ نے 1888 میں سٹی کونسل سے سڈنی کے لئے پانی کی فراہمی سنبھالی تھی۔,1888 میں ، سڈنی واٹر بورڈ نے سٹی کونسل سے سڈنی کے لئے پانی کی فراہمی سنبھالی۔,1
155,اس کے علاوہ کیو فینگ کا ایک بیٹا ، کی ماؤ بھی تھا۔,کی ماؤ کا ایک بیٹا ، کی فینگ بھی تھا۔,0
162,اس کے پتے باری باری شاخوں کے ساتھ شکل میں ہیں اور ان میں لینس کا بندوبست ، انڈے کے سائز کا یا تقریبا سرکلر ہے اور یہ ایک ڈنڈا لمبا ہے۔,اس کے پتے برانچوں کے ساتھ باری باری ترتیب دیئے جاتے ہیں اور لانس کے سائز کے ، انڈے کے سائز یا تقریبا سرکلر ہوتے ہیں اور لمبا تنے ہوتے ہیں۔,0
163,اس سے میساچوسیٹس اور صوبہ رہوڈ جزیرے کے مابین تنازعہ کے علاقے میں توسیع ہوئی۔,اس سے رہوڈ جزیرے اور صوبہ میساچوسٹس کے مابین تنازعہ کے علاقے کو وسیع کردیا گیا۔,0
164,سلوو ہائی اسکول برک شائر میں گرلز سلیکٹیو گرائمر اسکول تھا ، جو اب سلوو ، بکنگھم شائر تھا۔,سلوو ہائی اسکول ، بکنگھم شائر ، اب برک شائر کے سلوو میں ایک منتخب لڑکیوں کا گرائمر اسکول تھا۔,0
167,یہ لوف کوریب کے قریب ہے ، این 59 روڈ پر اوورٹارڈ اور کلفڈن ، کونیمارا میں۔,یہ اوورٹرارڈ اور کلفڈن کے قریب ہے ، N59 روڈ پر لوف کوریب تک ، کونیمارا میں۔,0
169,اگرچہ سیاہ فام کھلاڑیوں کو خارج کرنا کوئی تحریری اصول نہیں تھا ، لیکن 1933 سے نیشنل فٹ بال لیگ میں کوئی افریقی نژاد امریکی نہیں کھیلا تھا۔,اگرچہ افریقی کھلاڑیوں کو خارج کرنا کوئی تحریری اصول نہیں تھا ، نیشنل فٹ بال لیگ میں کوئی سیاہ فام امریکی کھلاڑی 1933 سے نہیں کھیلا تھا۔,0
170,علی کی موت کے بعد موویہ اقتدار میں آئے اور ایک خاندان قائم کیا۔,موویہ کی موت کے بعد ، علی اقتدار میں آئے اور ایک خاندان کی بنیاد رکھی۔,0
176,1994 میں ، روڈریگو لیو نے ایک سولو کیریئر شروع کرنے کے لئے بینڈ چھوڑ دیا ، اس کی جگہ کارلوس ماریا ٹرینڈاڈ (کی بورڈ سنتھیزائزر) کی جگہ لی گئی۔,1994 میں ، روڈریگو لیو نے ایک سولو کیریئر شروع کرنے کے لئے بینڈ چھوڑ دیا ، اس کی جگہ کارلوس ماریا ٹرینڈاڈ (کی بورڈ سنتھیزائزر) نے لے لیا۔,1
182,1933 میں کیٹیل نے لکھا ہے کہ ، تمام نورڈک ریسوں میں سے ، `` یورپی نسل سب سے زیادہ ذہانت اور مزاج کے استحکام میں تیار ہوئی تھی ''۔,"1933 میں ، کیٹیل نے لکھا ہے کہ تمام نورڈک ریسوں میں سے ، ""ذہانت اور مزاج کے استحکام میں یورپی نسل سب سے زیادہ ترقی یافتہ تھی۔",1
193,ابیس لاسیوکارپا ، جسے عام طور پر مغربی شمالی امریکہ کی ایف آئی آر یا راکی ​​ماؤنٹین ایف آئی آر کہا جاتا ہے ، ایک سبالپائن ایف آئی آر کا درخت ہے۔,ابی لاسیوکارپا ، جسے عام طور پر مغربی شمالی امریکہ کی ایف آئی آر یا راکی ​​ماؤنٹین ایف آئی آر کے نام سے جانا جاتا ہے ، ایک سبالپائن ایف آئی آر کا درخت ہے۔,1
200,امریکی موٹروں نے محدود امداد کی شکل میں صرف تکنیکی مدد فراہم کی۔,امریکی موٹروں نے محدود مدد کی شکل میں صرف تکنیکی مدد فراہم کی۔,1
203,ہیوسٹن کی مرکزی عمارت (ایچ ایم بی) اس سے قبل ہیوسٹن ، ٹیکساس کے ٹیکساس میڈیکل سنٹر میں پرڈینشل بلڈنگ ایک فلک بوس عمارت تھی۔,ہیوسٹن کی مرکزی عمارت (ایچ ایم بی) پہلے پرڈینشل بلڈنگ ، ٹیکساس میڈیکل سنٹر ، ہیوسٹن ، ٹیکساس میں ایک فلک بوس عمارت تھی۔,1
209,1954 میں پیراماریبو واپس آنے کے بعد ، وہ سورینام میں وکیل کی حیثیت سے آباد ہوئے۔,1954 میں سرینام میں واپس آنے کے بعد ، وہ ایک وکیل کی حیثیت سے پراماریبو میں آباد ہوئے۔,0
210,ایروسوچری فلائٹ 4544 کا حادثہ پہلا ہوا بازی کا واقعہ تھا جس میں ایروسوچری شامل تھا ، دوسرا 18 نومبر 2006 کو ایک اور بوئنگ 727 کا حادثہ تھا۔,ایروسوچری فلائٹ 4544 کا حادثہ دوسرا پرواز کا واقعہ تھا جس میں ایروسوچری شامل تھا ، یہ پہلا واقعہ 18 نومبر 2006 کو ایک اور بوئنگ 727 کا حادثہ تھا۔,0
219,کیبوٹ ٹریل - قسط کو کیپ بریٹن میں سائٹ پر فلمایا گیا تھا ، جس میں مشرقی ساحل کے ساتھ ساتھ پیگیس کوو اور نووا اسکاٹیا کے ہائی لینڈز بھی شامل ہیں۔,ایسٹ کوسٹ کے واقعہ کو نووا اسکاٹیا میں مقام پر فلمایا گیا تھا ، جس میں پیگیس کوو اور کیپ بریٹن کے پہاڑی علاقوں میں کیبوٹ ٹریل کے ساتھ شامل تھے۔,0
225,ہرن کی آبادی کو منظم کرنے کا ایک اور طریقہ یہ ہے کہ پیدائش کی شرح کو کنٹرول کیا جائے۔,ہرنوں کی آبادی کو منظم کرنے کا ایک اور طریقہ یہ ہے کہ پیدائش کی شرح کو کنٹرول کیا جائے۔,1
226,یہ نظم چار ٹکڑے ٹکڑے کے مخطوطات میں محفوظ ہے ، جن میں سے ایک ہم عصر ہے۔,نظم چار عصری مخطوطات میں محفوظ ہے ، جن میں سے ایک ٹکڑا ہے:,0
227,منو چاو ، گروپس `` ایئر '' ، کیسیوس ، مریخ چہارم ، لیس نگریس ورٹیس ، اور ایف ایف ایف ، اور ہوو بی نے بھی البم میں حصہ لیا۔,گروپوں '' ایئر `` ، ہووے بی ، مریخ چہارم ، لیس نگریس ورٹیس اور ایف ایف ایف اور منو چاو نے بھی البم میں حصہ لیا۔,0
228,دریائے ہوڈیاسا رومانیہ میں دریائے بریڈو کی ایک معاون ہے۔,دریائے ہوڈیاسا رومانیہ میں دریائے بریڈو کی آب و ہوا ہے۔,1
230,اگرچہ افریقی کھلاڑیوں کو خارج کرنا کوئی تحریری اصول نہیں تھا ، نیشنل فٹ بال لیگ میں کوئی سیاہ فام امریکی کھلاڑی 1933 سے نہیں کھیلا تھا۔,اگرچہ سیاہ فام کھلاڑیوں کو خارج کرنا کوئی تحریری اصول نہیں تھا ، 1933 کے بعد سے نیشنل فٹ بال لیگ میں کوئی افریقی امریکی نہیں کھیلا تھا۔,0
232,اس کے والد پیٹرک بورن ایک رکن پارلیمنٹ ، ٹی ڈی ، سینیٹر اور ڈبلن کے لارڈ میئر تھے۔ ایک اور بھائی الفی بورن بھی ایک ٹی ڈی تھا۔,اس کے والد ، پیٹرک بورن ، ایک مندوب تھے ، سینیٹر اور ڈبلن کے لارڈ میئر تھے ، ایک اور بھائی الفی بورن بھی ٹی ڈی کیا گیا تھا۔,1
234,پہلی سیریز کو دوسرے کے مقابلے میں ناقدین نے بہتر طور پر استقبال کیا تھا۔,دوسری سیریز کو ناقدین نے پہلے سے بہتر طور پر استقبال کیا۔,0
235,فین ووڈ 12 ویں کانگریس کے ضلع میں واقع ہے اور وہ نیو جرسی کے 22 ویں قانون ساز ضلع کا حصہ ہے۔,فین ووڈ 22 ویں کانگریس کے ضلع میں واقع ہے اور وہ نیو جرسی کے 12 ویں ریاستی قانون ساز ضلع کا حصہ ہے۔,0
236,سانٹا کروز دریائے سانٹا کروز کے کنارے واقع ہے جو لگنا ڈی بے کے مشرقی حصے میں بہتا ہے۔,لگونا ڈی بے دریائے سانٹا کروز کے کنارے واقع ہے ، جو سانٹا کروز کے مشرقی حصے میں بہتی ہے۔,0
237,پورٹ ڈی ونسنز واقع ہے جہاں 20 ویں ارونڈیسمنٹ کا جنوب مشرقی کونے پیرس کے 12 ویں ارونڈیسمنٹ کے شمال مشرقی کونے سے ملتا ہے۔,پورٹ ڈی ونسنز واقع ہے جہاں 12 ویں ارونڈیسمنٹ کے شمال مشرقی کونے میں پیرس کے 20 ویں ارونڈیسمنٹ کے جنوب مشرقی کونے سے ملتا ہے۔,0
238,5 مارچ ، 2011 کو ، ایم ٹی وی ہیو نے انی روسی کو ایک اسٹریمنگ لنک شائع کیا ، جس میں ریہناس '' روڈ بوائے `` پرفارم کرتے ہوئے۔,5 مارچ ، 2011 کو ، ایم ٹی وی ہیو نے انی روسی `` روڈ بوائے '' پرفارم کرتے ہوئے ، ریحانہ سے ایک اسٹریمنگ لنک شائع کیا۔,0
242,شاہ کیوئ نے 284 قبل مسیح میں مغربی چاؤ میں کن کے بادشاہ ژاؤ سے ملاقات کی تاکہ الیون کے خلاف اتحاد قائم کیا جاسکے۔,284 قبل مسیح میں ، شاہ کیوئ نے مغربی چاؤ میں کن کے بادشاہ ژاؤ سے ملاقات کی جس نے الیون کے خلاف اتحاد قائم کیا۔,1
243,تانگ خاندان میں چنزو انتظامی خطہ ژوکو کے مشرق میں جدید ہینن کی انتظامیہ کے تحت ہے:,تانگ خاندان میں چنزو کا انتظامی علاقہ مشرقی ژوکو میں جدید ہینن کی انتظامیہ کے تحت ہے:,1
244,`` خالص '' کا بہت مطلب ہے ، اور `` بیلٹر '' یا `` بیلٹا '' کا مطلب بہت اچھا یا اچھا ہے۔,`` خالص '' کا مطلب ہے صرف بہت اور `` بیلٹر '' یا `` بیلٹا '' کا مطلب اچھا یا بڑا ہے۔,0
248,اسٹیفن اسٹیفن کی شادی 29 اگست 1806 کو جیفرسن کاؤنٹی ، الزبتھ کور میں ، جسٹس آف پیس ، بینجمن ہیف نے 29 اگست 1806 کو کی تھی۔,`` 2 '' بینجمن ہو کی شادی 29 اگست 1806 کو جیفرسن کاؤنٹی میں الزبتھ کور کے ساتھ ، جسٹس آف پیس ، اسٹیفن فورڈ نے 29 اگست 1806 کو کی تھی۔,0
253,اس پرجاتیوں کو پہلی بار باضابطہ طور پر نباتات کے ماہر اسٹیفن اینڈلچر نے 1846 میں جوہان جارج کرسچن لہمن کے کام `` Irideae کے حصے کے طور پر بیان کیا تھا۔ پلانٹے پریسیانا ''۔,اس پرجاتیوں کو پہلی بار باضابطہ طور پر 1846 میں نباتات کے ماہر اسٹیفن اینڈلچر نے جوہان جارج کرسچن لہمن کے ذریعہ کام `` Irideae plantae Preissianae '' کے حصے کے طور پر بیان کیا تھا۔,1
256,1912 میں ، ہندوستانی نیشنل کانگریس نے بینک پور میں اپنے 27 ویں اجلاس کا انعقاد راؤ بہادر رگھوناتھ نارسنہنہ مودھولکر کے زیر انتظام امراوتی ، وسطی صوبوں اور بیرار سے کیا۔,1912 میں ، ہندوستانی نیشنل کانگریس نے ایمراوتی اور بیرار کے وسطی صوبوں سے تعلق رکھنے والے راؤ بہادر رگھوناتھ نارسنہنہ مودھولکر کی صدارت میں ، بینک پور میں اپنا 27 واں اجلاس منعقد کیا۔,0
262,سب سے زیادہ عام طور پر استعمال ہونے والے جانوروں کے ریشہ بھیڑوں سے اون کی کٹائی کی جاتی ہے۔ ہاتھ کی بنائی اور شوق بنائی کے لئے ، موٹی ، اون اور ایکریلک سوت اکثر گھومتے رہتے ہیں۔,سب سے زیادہ کثرت سے جانوروں کے ریشہ کو بھیڑوں سے اون کاٹنے کی جاتی ہے۔ ہاتھ کی بنا ہوا اور شوق بنائی کے لئے ، موٹی اون اور ایکریلک سوت اکثر استعمال ہوتے ہیں۔,0
265,ٹیپیکو کمپنی لمیٹڈ اور ٹپیکو کیسینو لمیٹڈ کی بنیاد 2004 میں مالٹا فنانشل سروسز اتھارٹی کے تجارتی رجسٹر میں بین الاقوامی تجارتی کمپنیوں کے طور پر رکھی گئی تھی۔,ٹوپیکو کمپنی لمیٹڈ اور ٹپیکو کیسینو لمیٹڈ کو 2004 میں مالٹا فنانشل سروسز اتھارٹی کے تجارتی رجسٹر میں بین الاقوامی تجارتی کمپنیاں کے طور پر قائم کیا گیا تھا۔,1
278,یہ لوف کوریب کے قریب ہے ، این 59 روڈ پر اوورٹارڈ اور کلفڈن ، کونیمارا میں۔,یہ اوورٹرارڈ اور کلفڈن کے قریب واقع ہے ، N59 روڈ پر لوف کوریب ، کونیمارا میں۔,0
283,14 ستمبر 2006 کو ، لینگ پر واشنگٹن وزرڈز نے دستخط کیے تھے اور انہیں جولائی 2017 میں وزرڈز نے جاری کیا تھا۔,14 ستمبر 2006 کو ، لینگ پر واشنگٹن وزرڈز نے دستخط کیے۔ جولائی 2017 میں ، لینگ کو وزرڈز نے رہا کیا تھا۔,1
284,سنگل کو 12 اکتوبر ، 2012 کو اٹلی میں ریڈیو ایئر پلے پر جاری کیا گیا تھا ، اور اسے 3 دسمبر 2012 کو دنیا بھر میں بھیج دیا گیا تھا۔,سنگل کو 12 اکتوبر ، 2012 کو اٹلی میں ریڈیو ایئر پلے بھیج دیا گیا تھا اور اسے 3 دسمبر ، 2012 کو دنیا بھر میں رہا کیا گیا تھا۔,0
290,اس کی خدمت کے بعد لاک ہارٹ ٹیکساس میں رہتا تھا لیکن حال ہی میں فلوریڈا چلا گیا۔,اس کی خدمت کے بعد ، لاک ہارٹ فلوریڈا میں رہتا تھا ، لیکن حال ہی میں ٹیکساس چلا گیا۔,0
291,یہ شمالی امریکہ میں پایا جاتا ہے ، جہاں اسے نیو فاؤنڈ لینڈ اور لیبراڈور ویسٹ سے برٹش کولمبیا ، شمال میں الاسکا اور یوکون تک ریکارڈ کیا گیا تھا۔,یہ شمالی امریکہ میں پایا جاتا ہے ، جہاں اسے نیو فاؤنڈ لینڈ اور لیبراڈور ویسٹ سے برٹش کولمبیا ، شمال میں الاسکا اور یوکون تک ریکارڈ کیا گیا ہے۔,1
295,اس مغربی رینڈل اسٹاؤن ڈسٹرکٹ میں ووڈلوان ، ملفورڈ مل ، اور بالٹیمور کاؤنٹی شامل ہیں۔,اس مغربی رینڈلسٹاؤن ڈسٹرکٹ میں ووڈلوان ، ملفورڈ مل اور بالٹیمور کاؤنٹی شامل ہے۔,1
298,اسے جان ویلزکوز نے تربیت دی تھی اور جوکی ڈیل رومیوں نے اپنی سب سے اہم دوڑ میں سوار کیا تھا۔,اسے ڈیل رومیوں نے تربیت دی تھی اور اپنی سب سے اہم ریسوں کے دوران جوکی جان ویلزکوز نے سوار کیا تھا۔,0
300,سوانا میں اپنے وقت کے دوران ، چارلس سیلسٹین نے ایک اخبار سے یہ سیکھا کہ ان کا بیٹا ، شرمین ، ساوانا مہم کے دوران فوت ہوگیا تھا ، جنرل نے کبھی اس بچے کو نہیں دیکھا تھا۔,سوانا میں رہتے ہوئے ، چارلس سیلسٹین نے ایک اخبار سے سیکھا کہ اس کا نوزائیدہ بیٹا شرمین ساوانا مہم کے دوران فوت ہوگیا تھا۔ جنرل نے کبھی بچے کو نہیں دیکھا تھا۔,1
305,اس سرورق کو ہیرالڈک آرٹسٹ جان پاسچے نے ڈیزائن کیا تھا اور سنگل `` اسٹیل بندر '' نے آرٹ ڈائریکٹر اینڈریو اسٹیورٹ جیمیسن کا سرورق ڈیزائن کیا ہے۔,اس سرورق کو ہیرالڈک آرٹسٹ اینڈریو اسٹیورٹ جیمسن نے ڈیزائن کیا تھا ، سنگل `` اسٹیل بندر '' نے آرٹ ڈائریکٹر جان پاسچے کا سرورق ڈیزائن کیا ہے۔,0
309,میک کارمیک کا طریقہ جزوی ہائپربولک تفریق مساوات کے عددی حل کے لئے وسیع پیمانے پر استعمال شدہ صوابدیدی اسکیم ہے۔,کمپیوٹیشنل سیال کی حرکیات میں ، میک کارمیک کا طریقہ عددی مساوات کے ہائپربولک جزوی تفریق حل کے لئے وسیع پیمانے پر استعمال شدہ صوابدیدی اسکیم ہے۔,0
311,رائٹ چیپل ہل ، این سی سے نیو یارک منتقل ہوگئے۔,رائٹ چیپل ہل ، این سی سے نیو یارک چلے گئے۔,1
313,اس کے ساتھ ہی ایک قسم کی والار آواز ہے جو کچھ بولی جانے والی زبانوں میں بین الاقوامی صوتی حروف تہجی میں علامت استعمال ہوتی ہے ، جو اس آواز کی نمائندگی کرتی ہے۔,ویلار - انفیکٹیو ایک قسم کی متضاد آواز ہے جو کچھ بولی جانے والی زبانوں میں بین الاقوامی صوتی حروف تہجی میں علامت استعمال ہوتی ہے ، جو یہ آواز ہے۔,0
314,یورپی سرگرمیاں ایبل کا حصہ بن گئیں ، جبکہ ایشیائی سرگرمیاں ہانگ کانگ کے کاروباری جوزف وانگ کو فروخت کی گئیں اور اب اس کا تعلق اسٹیلکس ہولڈنگ سے ہے۔,یورپی سرگرمیاں ایبل کا حصہ بن گئیں جبکہ ایشیائی سرگرمیاں ہانگ کانگ کے کاروباری جوزف وانگ کو فروخت کی گئیں اور اب وہ اسٹیلکس ہولڈنگز کا حصہ ہیں۔,1
321,ابتدائی ایڈوائزری بورڈ کے ممبروں میں الیسٹیئر کوک ، ساؤل بیلو ، والٹر کروکائٹ ، نارمن کزنز ، گور وڈال ، نارمن پوڈورٹز شامل تھے۔,ابتدائی مشاورتی ممبروں میں والٹر کروکائٹ ، نارمن ویٹر ، گور وڈال ، نارمن پوڈوریٹز ، ساؤل بیلو ، اور الیسٹیئر کوک شامل تھے۔,1
328,پیٹلجروی نیشنل پارک فن لینڈ کے شمالی کیریلیا کے علاقے الومانسی کا ایک قومی پارک ہے۔,پیٹکلجروی نیشنل پارک شمالی کیریلیا کے الومانسی کے علاقے میں فن لینڈ کا ایک قومی پارک ہے۔,0
329,انہوں نے 13 جون کو البم کے دوسرے سنگل کے طور پر البم ، `` وائسز '' پر 5 واں ٹریک بھی شائع کیا۔,انہوں نے البم کے دوسرے سنگل کے طور پر 13 جون کو البم ، `` وائسز '' پر 5 واں ٹریک بھی جاری کیا۔,1
335,چوتھے راؤنڈ میں پیٹربورو یونائیٹڈ سے ہارنے سے پہلے اسٹوک نے شیفیلڈ بدھ اور ہڈرز فیلڈ ٹاؤن کو شکست دی۔,شیفیلڈ کے خلاف چوتھے راؤنڈ میں ہارنے سے پہلے اسٹوک نے پیٹربورو یونائیٹڈ اور ہڈرز فیلڈ ٹاؤن کو شکست دی۔,0
349,"اس سے پوچھا گیا کہ اس کا نام کیسے کہنا ہے ، اس نے ""ادبی ڈائجسٹ"" کو بتایا کہ میرا نام اس طرح سنایا جاتا ہے جیسے `` کان '؛ این ہاؤس '' ہجے۔","اس سے پوچھا گیا کہ اس کا نام کیسے کہنا ہے ، اس نے ""ادبی ڈائجسٹ"" کو بتایا کہ میرا نام اس طرح ہجے ہے جیسے کہا جاتا ہے ، کان 'اپوس ؛ این ہاؤس ``.",0
351,کاشت 1880 میں کیوبا میں مٹانزاس میں فرنینڈو ہائڈرک نے متعارف کروائی تھی۔,متانزاس میں اس کی کاشت 1880 میں کیوبا میں فرنینڈو ہائڈریچ نے متعارف کروائی تھی۔,0
361,اگر کسی جملے میں بہت سے گرائمیکل زمرے موجود ہیں تو ، صرف پہلا ہی جمع مارکر پہنتا ہے۔,اگر کسی جملے میں متعدد گرائمیکل زمرے موجود ہیں تو ، صرف کثرت میں پہلا مارکر پہنتا ہے۔,0
371,اس حکومت نے فلاڈیلفیا کو اکتوبر 1777 میں بوسٹن سے باہر جنرل جارج واشنگٹن کی مرکزی فوج میں شامل ہونے کے لئے روانہ کیا۔,رجمنٹ نے اکتوبر 1777 میں فلاڈیلفیا کو بوسٹن سے باہر جنرل جارج واشنگٹن کی مرکزی فوج میں شامل ہونے کے لئے روانہ کیا۔,1
372,1974 میں لاؤ پی ڈی آر نے ورلڈ بینک ، اقوام متحدہ ، اور ایشین ڈویلپمنٹ بینک کی مدد سے اسٹیج II فنڈ قائم کیا۔,ورلڈ بینک ، اقوام متحدہ ، اور ایشین ڈویلپمنٹ بینک کی حمایت سے ، لاؤ پی ڈی آر نے 1974 میں اسٹیج II فنڈ کی بنیاد رکھی۔,1
378,بعد میں اس نے اسے نازی پارٹی کے لئے علامت کے طور پر استعمال کیا اور اسے ایک سفید دائرے اور سرخ پس منظر پر رکھا تاکہ اسے جھنڈے کے طور پر استعمال کیا جاسکے۔,بعد میں اس نے اسے نازی پارٹی کے لئے علامت کے طور پر استعمال کیا اور اسے جھنڈے کے طور پر استعمال کرنے کے لئے اسے سرخ دائرے اور سفید پس منظر پر رکھا۔,0
380,"نقشہ تیار کرنے کے لئے ، ڈیزائنرز کو مستند پنروتپادن پیدا کرنے کے لئے ایمپائر اسٹرائیکس بیک ""سے زیادہ سے زیادہ ماخذی مواد موصول ہوا ہے۔",ہوتھ کے لئے نقشہ بنانے کے ل the ، ڈیزائنرز نے `` سلطنت سے زیادہ سے زیادہ ماخذی مواد حاصل کیا جس سے ممکن ہو کہ مستند پنروتپادن پیدا کیا جاسکے۔,0
384,اس کی شادی الزبتھ `` بیٹسی '' کٹز سے ہوئی ہے۔ وہ آدم ، نیتھینیل اور سارہ ہنڈٹ کا باپ ہے۔,اس کی شادی ایڈم ، نیتھینیل اور سارہ ہنڈٹ کے والد الزبتھ `` بیٹسی '' کٹز سے ہوئی ہے۔,1
385,ایک مکان پر ناراض توانائی کا الزام عائد کیا جاتا ہے اور اندر اندر موجود نیکروومنٹک روح کو شکل ملتی ہے۔,ایک مکان پر نیکروومنٹک توانائی کا الزام عائد کیا جاتا ہے اور اس کے اندر ناراض جذبے کو شکل ملتی ہے۔,0
387,جبکہ اوروس نے فورڈ کار اور ٹرک ڈیزائنوں پر واکر کے تحت کام کیا ، اینجل نے لنکن اور پارا گاڑیوں پر توجہ دی۔,جبکہ اوروس نے واکر کے تحت فورڈ کی کار اور ٹرک ڈیزائنوں پر کام کیا ، اینجل نے لنکن اور مرکری گاڑیوں پر توجہ مرکوز کی۔,1
402,ہیراسیا گونیوبیسیس پرتویی پلمونیٹ ہوا سے چلنے والی زمین کی سست ، ایک چھوٹی سی گیسٹروپڈ مولسک کی ایک قسم ہے جو فیملی اینڈوڈونٹائڈے میں ایک چھوٹی سی گیسٹروپڈ مولسک ہے۔,ہیراسیا گونیوبیسیس ایک چھوٹی سی ہوا میں سانس لینے والی سست کی ایک قسم ہے ، جو فیملی اینڈوڈونٹائڈائی میں ایک پرتویش پلمونیٹ گیسٹروڈ مولوسک ہے۔,0
404,ابتدائی گھاووں میں بظاہر ایک عام ٹشو ہوتا ہے جو مائکروسکوپک امتحان کے تحت غیر معمولی دکھائی دیتا ہے ، اور جس میں اس کے مورفولوجیکل عام ہم منصب کے مقابلے میں کینسر ہونے کا زیادہ امکان ہوتا ہے۔,ابتدائی گھاووں میں بظاہر ایک عام ٹشو ہوتا ہے ، جو مائکروسکوپک امتحانات میں غیر معمولی دکھائی دیتا ہے اور جس میں کینسر اس کے مورفولوجیکل عام ہم منصب سے زیادہ امکان رکھتا ہے۔,1
405,ابو ہیلیفا یا ابو ہولفاہ یا ابو حلیفا یا ابو حیلیفا جنوبی ابو ہیلیفا ضلع میں الحمدی گورنری کے کویت کا ایک چھوٹا سا قصبہ ہے۔,ابو ہیلیفا یا ابو ہلفاہ یا ابو حلیفا یا ابو حیلیفا جنوبی ابو ہیلیفا ضلع میں الحمدی گورنری کے کویت کا ایک چھوٹا سا قصبہ ہے۔,1
408,اسرائیل امریکی جاز ٹرومبونسٹ کائی ونڈنگ اور جے جے جانسن کا ایک البم ہے جس میں 1968 میں ریلیز ہونے والی پرفارمنس پیش کی گئی تھی اور سی پر ریکارڈ کیا گیا ہے۔,اسرائیل امریکی جاز ٹرومبونسٹ کائی ونڈنگ اور جے جے جانسن کا ایک البم ہے جس میں 1968 میں شائع ہوا تھا اور سی پر ریکارڈ کیا گیا تھا۔,1
415,2014 میں ، آدم نے کلاسیکی کہانیاں فرینکین اسٹائن ، ڈورین گرے اور جیکل ہائڈ کارپس ڈیلیکٹی کی بدعنوانی کی ایک گوتھک تریی نظرثانی لکھی۔,2014 میں ایڈم نے کلاسیکی کہانیوں کی ایک گوتھک تریی کے کام لکھے ، فرینکین اسٹائن ، ڈورین گرے اور جیکیل اور ہائڈ کارپس ڈیلیٹی کی بدعنوانی,1
416,مسز خوشی نے 1901 - 1919 اور 1926 میں - 1936 میں اوومبولینڈ میں کام کیا تھا اور وہیں اسکولوں کے پہلے انسپکٹر کی حیثیت سے موجود تھے۔,مسز گلیڈ نے 1901 - 1919 اور 1926 - 1936 میں اوومبولینڈ میں کام کیا تھا ، اور وہاں اسکولوں کے پہلے انسپکٹر کی حیثیت سے وہاں کام کیا تھا۔,1
421,وہ اس کو افسانے کی ایک نئی دریافت کے طور پر بیان کرتا ہے - لکھنے اور اسے چینی ادب کا ایک متک -حقیقت پسندی سمجھتا ہے۔,وہ اس کو افسانہ نگاری کی ایک `` نئی دریافت '' سمجھتا ہے ، اور اسے چینی ادب کی ایک `` mytho- حقیقت پسندی '' کے نامزد کرتا ہے۔,0
428,1953 میں ، ٹیم نے اگست 1959 میں آسٹریلیا اور ایشیاء میں بھی دورہ کیا۔,اس ٹیم نے 1953 میں آسٹریلیا میں اور اگست 1959 میں ایشیاء کا دورہ بھی کیا۔,1
429,رونی فیلڈز نے این بی اے یا این سی اے اے میں ایک بھی کھیل نہیں کھیلا۔,رونی فیلڈز نے این سی اے اے یا این بی اے میں ایک بھی کھیل نہیں کھیلا۔,1
433,نیا کھیل کا میدان بچوں کے لئے جدید فٹنس آلات سے لیس ہے۔,کھیل کا میدان بچوں کے لئے فٹنس کے نئے سامان کے ساتھ جدید ہے۔,0
437,پروبوچینم ٹینیرم ایک قسم کا سمندری سست ہے ، بوکینیڈی فیملی میں ایک حقیقی گیسٹروپڈ مولسک ، پہیے والی سمندری۔,پروبوچینم ٹینیرم سمندری سست کی ایک قسم ہے ، بوکینیڈی فیملی میں ایک سمندری گیسٹروپڈ مولسک ، سچی پہیے۔,0
444,ابراہیم ہارٹ ٹرسٹیز کے صدر اور میئر سلزبرجر سکریٹری تھے۔,صدر میئر سلزبرجر تھے ، اور ابراہیم ہارٹ ٹرسٹی کے سکریٹری تھے۔,0
447,جوہی چاولا کے دو بچے ہیں جو بیوی جہنوی مہتا ، ایک لڑکی ، مہتا (پیدائش 2001) اور ایک لڑکا ، ارجن مہتا (پیدائش 2003) کے ساتھ ہیں۔,مہتا کے دو بچے جوہی چولہ ، ایک لڑکی ، جاہنوی مہتا (2001 میں پیدا ہوئے) اور ایک لڑکا ، ارجن مہتا (پیدائش 2003) کے ساتھ دو بچے ہیں۔,0
450,مخصوص انگلیائی روایت میں پروٹسٹنٹ اور کیتھولک رجحانات کے مابین فرق کی ڈگری معمول کے مطابق انگلیائی گرجا گھروں میں اور انگلیائی اجتماع دونوں میں بحث کا معاملہ ہے۔,انگلیائی روایت کے اندر پروٹسٹنٹ اور کیتھولک رجحانات کے مابین فرق کی ڈگری معمول کے مطابق دونوں مخصوص انگلیائی گرجا گھروں اور انگلیائی برادری میں بحث کا معاملہ ہے۔,0
451,سلوو ہائی اسکول ، بکنگھم شائر ، اب برک شائر کے سلوو میں لڑکیوں کے لئے ایک منتخب اسکول تھا۔,سلوو ہائی اسکول بکنگھم شائر کے سلوو میں گرلز سلیکٹیو گرائمر اسکول تھا ، جو اب برک شائر ہے۔,1
456,لابیتھل بیئر ہاؤس ایک علاقائی بریوری ہے جس میں جرمن انداز کے اثرات ہیں۔,لابیتھل بیئر ہاؤس ایک علاقائی بیئر بریوری ہے ، جس میں جرمن طرز کے اثرات ہیں۔,1
461,لانگ اسرائیل میں پیدا ہوا تھا ، ایک نوجوان کی حیثیت سے آسٹریلیا منتقل ہوا اور 1961 میں وہاں آباد ہوگیا۔,لینگ آسٹریلیا میں پیدا ہوا تھا ، ایک نوجوان کی حیثیت سے اسرائیل ہجرت کر گیا تھا اور 1961 میں وہاں آباد ہوگیا تھا۔,0
475,وہ وسکونسن کے میلواکی میں ریٹائر ہوئے ، جہاں 5 مئی 1903 کو ان کا انتقال ہوگیا۔,ان کا انتقال وسکونسن ، میلواکی میں ہوا ، جہاں وہ 5 مئی 1903 کو ریٹائر ہوئے۔,0
476,ٹوپی کا رنگ بھوری سے بھوری رنگ میں مختلف ہوتا ہے ، اکثر پختگی کے وقت ٹوپی پر پیلے رنگ کی جگہ ہوتی ہے۔,ٹوپی کا رنگ بھوری سے پیلے رنگ میں مختلف ہوتا ہے ، اکثر پختگی کے وقت ٹوپی پر بھوری جگہ ہوتی ہے۔,0
479,دریائے ویلیا لوئی لیمبی یا `` انک '' آئیمون دریائے رومانیہ میں دریائے لوم کی ایک آب و ہوا ہے۔,دریائے والیا لوئی لیمبی یا șimon دریائے رومانیہ میں دریائے لوم کی ایک آبدھی ہے۔,1
481,مکمل باڑ بنیادی طور پر ٹیکساس میں واقع ہے ، اس کی تعمیر نیو میکسیکو ، ایریزونا اور کیلیفورنیا میں ہے۔,مکمل باڑ بنیادی طور پر ٹیکساس میں ہے ، جس کی تعمیر نیو میکسیکو ، ایریزونا اور کیلیفورنیا میں جاری ہے۔,1
486,بوکینم پلچیلم سمندری سست کی ایک قسم ہے ، بوکینیڈی فیملی میں ایک سمندری گیسٹروپڈ مولوسک ، سچی پہیے سے متعلق اسکرول۔,بوکینم پلچیلم سمندری سست کی ایک قسم ہے ، جو فیملی بوکینیڈی ، سمندری پہیے میں ایک حقیقی گیسٹروپڈ مولسک ہے۔,0
494,30 اپریل 1983 کو ، کیوبا کے ناس گوانتانامو بے کے لئے تفویض کردہ ایک سی - 311 ، 13 انسانی جانوں کے نقصان سے ناس جیکسن ویل میں گر کر تباہ ہوا۔,30 اپریل ، 1983 کو ، ایک سی -311 جو ناس گوانتانامو بے میں ناس جیکسن ویل ، کیوبا کو تفویض کیا گیا تھا ، 13 جانوں کے نقصان سے گر کر تباہ ہوگیا۔,0
498,ہنری کے ساتھ اپنی وفاداری کے صلہ کے طور پر ، اس نے جنوبی ویلز میں منافع بخش زمین اور بہت سے دفاتر حاصل کیے۔,ہنری کے ساتھ اپنی وفاداری کے صلہ کے طور پر ، اس نے ساؤتھ ویلز میں بہت ساری زمینیں اور منافع بخش دفاتر حاصل کیے۔,0
500,2010 میں ، نیو یارک یونیورسٹی نے ہارورڈ یونیورسٹی کو 3-1-1 سے شکست دی تاکہ اپنی پہلی قومی چیمپئن شپ جیت سکے۔,2010 میں ، نیو یارک یونیورسٹی نے ہارورڈ یونیورسٹی کو 3-1-1 سے شکست دے کر اپنی پہلی قومی چیمپئن شپ جیت کر۔,1
503,دریائے نیجلوول رومانیہ میں دریائے نیجلوف کی ایک معاون ہے۔,دریائے ناجلوف رومانیہ میں دریائے نجلوول کی ایک آبدھی ہے۔,0
509,اس ایجنسی کا صدر دفتر ارلنگٹن ، ورجینیا میں ہے ، اور فرانس کے پیرس میں اس کا بیرون ملک دفتر ہے۔,اس ایجنسی کا صدر دفتر ارلنگٹن ، ورجینیا میں ہے ، اور فرانس کے پیرس میں اس کا بیرون ملک آپریشن آفس ہے۔,1
517,دریائے نیجلوف رومانیہ میں دریائے نیہلوول کی ایک آب و ہوا ہے۔,دریائے نیجلوول رومانیہ میں دریائے نیجلوف کی ایک معاون ہے۔,0
520,احمد یار خان شاہ پور کے تیوانا خاندان میں پیدا ہوئے تھے ، بیٹا صاحب خان۔,صاحب خان شاہ پور کے تیوانا خاندان میں پیدا ہوئے تھے ، جو احمد یار خان کا بیٹا تھا۔,0
522,نیو یارک کے بروکلین میں پیدا ہوئے ، وہ کیلیفورنیا کے شہر تبورون میں انتقال کر گئے۔,یہ کیلیفورنیا کے شہر تبورون میں پیدا ہوا تھا ، اور وہ نیو یارک کے بروکلین میں انتقال کر گیا تھا۔,0
523,میٹ سے لے کر پیڈنگٹن سے جنوبی کینسنٹن اور جنوب میں مورگیٹ سے لے کر ٹاور ہل تک جنوب تک توسیع کرنے کی تجاویز قبول کی گئیں اور انہیں 29 جولائی 1864 کو شاہی رضامندی ملی۔,میٹ سے لے کر پیڈنگٹن سے جنوبی کینسنٹن اور مشرق میں مورگیٹ سے لے کر ٹاور ہل تک جنوب تک توسیع کرنے تک کی تجاویز قبول کی گئیں اور انہیں 29 جولائی 1864 کو شاہی رضامندی ملی۔,0
527,یہ نظم چار ٹکڑے ٹکڑے کے مخطوطات میں محفوظ ہے ، جن میں سے ایک عصری۔,یہ نظم چار عصری مخطوطات میں محفوظ ہے ، جن میں سے ایک بکھری ہوئی ہے:,0
528,ویبسٹر گرو کی سٹی کونسل میں کونسل گریگ مولر ، کین برنز ، کیتھی ہارٹ ، ڈیبی سالبرگ ، ٹونی ہنٹ اور این ٹولن کے ممبروں پر مشتمل تھا۔,ویبسٹر گروس سٹی کونسل میں کونسل کے ممبران گریگ مولر ، کین برنز ، کیتھی ہارٹ ، ڈیبی سالبرگ ، ٹونی ہنٹ ، اور این ٹولن شامل تھے۔,1
530,لہذا ، الکالی دھاتوں کے گرتے ہوئے پگھلنے اور ابلتے ہوئے مقامات سے پتہ چلتا ہے کہ الکالی دھاتوں کے دھاتی بانڈوں کی طاقت اس گروپ میں کمی آتی ہے۔,لہذا ، الکالی دھاتوں کے گرتے پگھلنے اور ابلتے ہوئے مقامات سے پتہ چلتا ہے کہ گروپ میں الکالی دھاتوں کے دھاتی بانڈوں کی طاقت کم ہوتی ہے۔,1
531,سکریونر اس مخطوطہ کی تاریخ 13 ویں صدی تک ہے ، سی آر گریگوری 12 ویں صدی تک ہے ، فی الحال یہ مخطوطہ انٹف کے ذریعہ 12 ویں صدی تک ہے۔,سکریونر نے اس مخطوطہ کو 12 ویں صدی تک ، سی آر گریگوری کو 13 ویں صدی سے تاریخ قرار دیا۔ فی الحال یہ مخطوطہ INTF کے ذریعہ 12 ویں صدی تک ہے۔,0
532,کاؤنٹی روڈ 540 ہائلینڈ سٹی میں اسٹیٹ روڈ 540 سے چند میل مغرب میں ہے اور 98 امریکی سے کاؤنٹی روڈ 37 بی تک جنوب کی طرف جاتا ہے۔,کاؤنٹی روڈ 540 اسٹیٹ روڈ 540 سے چند میل جنوب میں ہائلینڈ سٹی میں ہے اور وہ 98 امریکی سے کاؤنٹی روڈ 37 بی تک مغرب میں چلتا ہے۔,0
533,ایس پی بی کی اونچائی کا سائز (اندرونی تختی سے بیرونی تختی سے فاصلہ) تقریبا 150 این ایم کے لئے ہوتا ہے ، لیکن سیل سائیکل کے دوران اس کا قطر تبدیل ہوتا ہے ، زیڈ۔,ایس پی بی میں اندرونی اونچائی کا سائز (بیرونی تختی سے مستقل تختی فاصلہ) تقریبا 150 ینیم کے لئے ہوتا ہے ، لیکن سیل سائیکل کے دوران اس کا قطر تبدیل ہوتا ہے ، جیسے۔,0
537,رامی نیمینن (پیدائش 25 فروری 1966) فینیش کے سابقہ ​​فٹ بالر ہیں۔,رامی نیمینن (پیدائش 25 فروری ، 1966) ایک فینیش فٹ بالر ہے۔,1
539,وہ چیک قومی کھلاڑی میروسلاو ہلنکا کا کزن اور سابق کھلاڑی جاروسلاو ہلنکا ایس آر کا بیٹا تھا۔,وہ چیک قومی ٹیم کے کھلاڑی میروسلاو ہلنکا کے کزن اور سابق کھلاڑی جاروسلاو ہلنکا ایس آر کا بیٹا تھا۔,1
541,وہ ہمارے لئے دعا کرنے وہاں موجود تھے اور وہ ہم سے لطف اندوز ہونے کے لئے موجود تھے۔,وہ ہمارے لئے دعا کرنے کے لئے موجود تھے اور وہ ہمارے لطف اٹھانے کے لئے موجود تھے۔,1
543,ولیم لیویلین ولیمز ، جو لیویلین ولیمز (10 مارچ 1867 ء - 22 اپریل ، 1922) کے نام سے مشہور ہیں ، ایک بنیاد پرست صحافی ، وکیل اور ویلش لبرل پارٹی کے سیاستدان تھے۔,ولیم ولیمز ، جسے لیویلین ولیمز (10 مارچ 1867 - 22 اپریل ، 1922) کے نام سے جانا جاتا ہے ، وہ ویلش صحافی ، وکیل ، اور بنیاد پرست لبرل پارٹی کے سیاستدان تھے۔,0
544,وشال طیارہ پولینڈ کا تیسرا سب سے بڑا اور قدیم ترین درخت ہے اور ملک کا سب سے موٹا ہوا لندن طیارہ ہے۔,وشال طیارہ پولینڈ کا تیسرا سب سے بڑا اور قدیم ترین درخت ہے ، اور ملک کا سب سے موٹا ہوا طیارہ ہے۔,1
546,مولمیس دریائے روس کے پرم کری میں ایک ندی ہے ، جو بائیں طرف یزوا ندی کی ایک معاون ہے۔,یزوا روس کے پرم کری میں ایک ندی ہے ، جو دریائے مولیمس کی بائیں بازو کی ایک بائیں بازو ہے۔,0
551,سریکا نے کبیر سے رنویر کے کھیل کو ظاہر کرنے کے اپنے منصوبے کو ختم کرنے کو کہا۔,کبیر نے سریکا سے کہا کہ وہ رنویر کے کھیل کو ختم کرنے کے اپنے منصوبے کو ظاہر کرے۔,0
554,الیکٹرانک اور ڈیجیٹل ویڈیو ٹکنالوجی کی آمد تک ، فحش فلموں کی بڑے پیمانے پر پروڈکشن کو براہ راست مرکزی دھارے میں شامل فلم انڈسٹری سے منسلک کیا گیا تھا۔,الیکٹرانک اور ڈیجیٹل فلموں کی بڑے پیمانے پر پروڈکشن کو فحش نگاری ویڈیو ٹکنالوجی کی آمد تک براہ راست قائم فلمی صنعت سے منسلک کیا گیا تھا۔,0
563,جب کہ 33D فائٹر گروپ غیر فعال تھا ، اسے 33D ٹیکٹیکل گروپ کے ساتھ 33D ٹیکٹیکل فائٹر گروپ کے طور پر مستحکم کیا گیا تھا۔,جب کہ 33 ڈی ٹیکٹیکل گروپ غیر فعال تھا ، اسے 33 ڈی فائٹر گروپ کے ساتھ 33 ڈی ٹیکٹیکل فائٹر گروپ کے طور پر مستحکم کیا گیا تھا۔,0
564,یہ 20 ستمبر 1919 کو میلبورن کے ساؤتھ مشرقی ایدتھ ویل کے نواحی علاقے میلبورن کا کام کرتا ہے۔,یہ 20 ستمبر 1919 کو ایڈتھ ویل کے افتتاحی جنوب مشرقی میلبورن کے نواحی علاقوں میں کام کرتا ہے۔,0
566,ماس é ، نیو یارک کے ویسٹ چیسٹر کاؤنٹی میں پیدا ہوا تھا ، ہالینڈ ، مشی گن میں پلا بڑھا تھا ، اور وہ نوعمروں کے دوران یورپ میں رہتا تھا۔,ماس é نیو یارک کے ویسٹ چیسٹر کاؤنٹی میں پیدا ہوا تھا ، ہالینڈ ، مشی گن میں پلا بڑھا تھا اور وہ اپنے نوعمر دور میں یورپ میں رہتا تھا۔,1
577,فش مین نے کولمبیا یونیورسٹی سے بیچلر کی ڈگری اور براؤن یونیورسٹی سے معاشیات میں ماسٹر کی ڈگری حاصل کی ہے۔,فش مین نے براؤن یونیورسٹی سے بیچلر کی ڈگری اور کولمبیا یونیورسٹی اکنامکس میں ماسٹر کی ڈگری حاصل کی ہے۔,0
579,اس کی کامیابی کے بعد ، جین کیمپین نے جونز کو ٹیلی ویژن کی منیسیریز کے لئے خدمات حاصل کیں جو جینیٹ فریم کی خود نوشت سوانح عمری کی موافقت ، مائی ٹیبل پر فلم فرشتہ میں تبدیل ہوگئیں۔,ان کی کامیابی کے بعد ، جین کیمپین جونز ٹیلی ویژن کی منیسیریز کے لئے جینیٹ فریم کی خودنوشت کی موافقت تھی جو میرے ٹیبل پر فلم فرشتہ میں بدل گئی۔,0
580,اسٹپسٹ ویانا میں پیدا ہوئے تھے ، اور انہوں نے اپنا بچپن اسٹامرسڈورف ، کورننوبرگ میں گزارا تھا۔,اسٹپسٹ ویانا میں پیدا ہوئے تھے اور انہوں نے اپنا بچپن اسٹامرسڈورف ، کورنیؤبرگ میں گزارا تھا۔,1
587,نوارو ارجنٹائن کے صوبہ بیونس آئرس کے شمال مشرق میں ایک پارٹائڈو ہے۔,نوارو بیونس آئرس کے صوبے میں ارجنٹائن کے شمال مشرق میں ایک پارٹائڈو ہے۔,0
598,اپ اسٹریم مشی گن سنٹرل ریلوے پل کا خاتمہ ہے ، جو اپنے پیشرو ، نیاگرا کینٹیلیور برج کے ساتھ ، ریل ٹرانسپورٹ کے لئے ریپڈس برج بھنور کے ساتھ مقابلہ کیا۔,اپ اسٹریم مشی گن سنٹرل ریلوے برج کا خاتمہ ہے ، جس نے ریلوے ٹریفک کے لئے نیاگرا کینٹیلیور برج کے ساتھ اپنے پیشرو ، ریپڈس برج بھنور کے ساتھ مقابلہ کیا۔,0
601,یہ گانا گالا نے لکھا اور تیار کیا تھا ، جسے فلپپو آندریا کارمینی اور موریزیو مولیلا نے تشکیل دیا تھا۔,یہ گانا فلپو آندریا کارمینی اور موریزیو مولیلا کے تیار کردہ گالا نے لکھا تھا اور اس پر مشتمل تھا۔,0
608,ریٹزیئس اسٹاک ہوم میں پیدا ہوا تھا ، اناٹومیسٹ اینڈرس جہاں ریٹزیئس (اور فطرت پسند اور کیمسٹ اینڈرس ریٹزیئس کا پوتا) کا بیٹا تھا۔,ریٹزیئس اسٹاک ہوم میں پیدا ہوا تھا ، اناٹومیسٹ اینڈرس ریٹزیئس (اور نیچرلسٹ اور کیمسٹ اینڈرس جاہان ریٹزیئس کا پوتا) کا بیٹا تھا۔,0
612,2011 کی مردم شماری میں ، 78.8 ٪ باشندے رومانی ، 17 ٪ روما ، 2.7 ٪ ہنگری اور 1.4 ٪ جرمن تھے۔,2011 کی مردم شماری میں ، 78.8 ٪ باشندے روما ، 17 ٪ ہنگری ، 2.7 ٪ رومانی اور 1.4 ٪ جرمن تھے۔,0
613,میوزیم مرکزی طور پر جیانگبیزوئی سی بی ڈی میں واقع ہے ، دریائے جیالنگ کے سنگم اور دریائے یانگسی کے سنگم کے قریب۔,میوزیم مرکزی طور پر جیانگبیزوئی سی بی ڈی میں واقع ہے ، دریائے جیالنگ کے سنگم اور دریائے یانگزے کے سنگم کے قریب۔,1
620,رابنس 21 ستمبر 1933 کو کوونٹری میں پیدا ہوا تھا ، اس کے جڑواں ڈیوڈ ، چارلس اور جیسامین رابنز کے ذریعہ بارہ کے آٹھویں اور نویں بچے تھے۔,ڈیوڈ 21 ستمبر 1933 کو کوونٹری میں اپنے جڑواں والد چارلس اور جیسامین رابنس کے ساتھ پیدا ہوا تھا ، جو آٹھویں اور نویں بچے ، بارہ رابنز کے بچے تھے۔,0
621,بٹالین کو ملکہ کے یارک رینجرز (پہلی امریکی رجمنٹ) (آر سی اے سی) نے برقرار رکھا ہے۔,بٹالین کو ملکہ کے یارک رینجرز (آر سی اے سی) (پہلی امریکی رجمنٹ) نے مستقل کیا ہے۔,1
624,کتز 1947 میں سویڈن میں پیدا ہوا تھا اور وہ ایک سال کی عمر میں نیو یارک چلا گیا تھا۔,کاٹز 1947 میں نیو یارک شہر میں پیدا ہوا تھا اور 1 سال کی عمر میں سویڈن چلا گیا تھا۔,0
626,صفحہ پر موجود تصویر ایک دو جہتی شبیہہ ہے جیسا کہ پہلے سے پیش کردہ 3D کے برخلاف ہے۔,پہلے سے پیش کردہ تھری ڈی کے برخلاف ایک طرف کی تصویر ایک دو جہتی شبیہہ ہے۔,1
627,E EIT میڈیم کے تناظر میں ، `` رک گئی '' روشنی ، فوٹون کی مربوط نظام میں اور پھر سے ایک بار پھر `` کوانٹم '' کی منتقلی سے مراد ہے۔,`` رکے ہوئے '' روشنی سے مراد ایک EIT میڈیم کے تناظر میں `` کوانٹم '' 'فوٹون کو مربوط نظام اور واپسی میں منتقل کیا جاتا ہے۔,1
631,سابقہ ​​اوسط فارمولہ _ 2 کی اعلی اقدار کے لئے زیادہ اہم ہے۔,فارمولا 2 کی اعلی اقدار کے لئے موجودہ اوسط زیادہ اہم ہے۔,0
634,سورینام کی ممتاز خواتین میں جینیفر سائمنز ، مارجکے ڈی جےوالاپرساد ، الزبتھ سیمسن ، سنتھیا میکلوڈ ، اور روتھ وجڈن بوش شامل ہیں۔,سورینام کی سب سے نمایاں خواتین میں جینیفر سائمنز ، ماریجکے ڈیجوالاپرساد ، الزبتھ سیمسن ، سنتھیا میکلوڈ اور روتھ وجڈن بوش شامل ہیں۔,1
636,1924 میں وہ ٹورنٹو میں آئی سی ایم ، اوسلو میں 1932 میں اور 1936 میں زیورک میں آئی سی ایم کے لئے مدعو ترجمان تھے۔,1924 میں وہ ٹورنٹو میں آئی سی ایم کے لئے ، 1932 میں زیورخ میں اور 1936 میں اوسلو میں مدعو ترجمان تھے۔,0
640,بی بی سی ورلڈ سروس نے مائیکل فلینڈرز کی سربراہی میں `` جانوروں ، سبزیوں اور معدنیات '' کے نام سے ایک ورژن بھی نشر کیا جس میں ٹیری ووگن بھی شامل ہے۔,بی بی سی ورلڈ سروس نے مائیکل فلینڈرز کی سربراہی میں ، ٹیری ووگن کے ساتھ ایک پینل کے ساتھ ، `` جانوروں ، سبزیوں اور معدنیات '' کے نام سے ایک ورژن کی نمائش بھی کی۔,1
646,تھامسن کا چھوٹا بھائی ، جولیا ، 1863 میں چارلس مارٹن ہال ، جیوگا کاؤنٹی ، اوہائیو میں پیدا ہوا تھا۔,جولیا کا چھوٹا بھائی ، چارلس مارٹن ہال ، 1863 میں ، جیوگا کاؤنٹی ، اوہائیو کے تھامسن میں پیدا ہوا تھا۔,0
650,دریائے ہوریزو رومانیہ میں دریائے پونورو کی ایک معاون ہے۔,دریائے پونورو رومانیہ میں ہوریزو کی ایک معاون ہے۔,0
654,2002 میں ، یہ گانا برطانوی پروڈیوسر ونسنٹ اسٹورم فیلڈ نے شائع کیا تھا اور انڈیپینڈینٹ نے '' میٹھی ہم آہنگی 02 `` کے طور پر اس کا احاطہ کیا تھا۔,2002 میں ، اس گانے کو برطانوی پروڈیوسر ونسنٹ اسٹورم فیلڈ نے احاطہ کیا تھا اور انڈی انڈیپینٹے کے ذریعہ `` سویٹ ہم آہنگی '02 '' کے نام سے جاری کیا گیا تھا۔,0
655,ڈیوڈ 21 ستمبر 1933 کو کوونٹری میں اپنے جڑواں والد چارلس اور جیسامین رابنس کے ساتھ پیدا ہوا تھا ، جو آٹھویں اور نویں بچے ، بارہ رابنز کے بچے تھے۔,رابنس 21 ستمبر 1933 کو کوونٹری میں پیدا ہوا تھا ، اپنے جڑواں ڈیوڈ ، چارلس اور جیسامین رابنز کے بارہ کے آٹھویں اور نویں بچے کے ساتھ۔,0
661,رجمنٹ نے بوسٹن کو اکتوبر 1777 میں فلاڈیلفیا سے باہر جنرل جارج واشنگٹن کی مرکزی فوج میں شامل ہونے کے لئے روانہ کیا۔,اس حکومت نے فلاڈیلفیا کو اکتوبر 1777 میں بوسٹن سے باہر جنرل جارج واشنگٹن کی مرکزی فوج میں شامل ہونے کے لئے روانہ کیا۔,0
662,اس کمپاؤنڈ کو ڈاکٹر پیٹرک پیج اور ان کی ٹیم نے تیار کیا تھا اور اسے 2007 میں جنکیوٹیکس نے پیٹنٹ کیا تھا۔,اس کمپاؤنڈ کو ڈاکٹر پیٹرک پیج اور ان کی ٹیم نے پیٹنٹ کیا تھا اور اس کی ایجاد 2007 میں جنکیوٹیکس نے کی تھی۔,0
663,1949 میں مشرقی جرمنی ، 1966 میں مغربی جرمنی میں 1949 میں آخری بار `` کیس '' استعمال کیا گیا تھا۔,1949 میں 1966 میں مشرقی جرمنی میں 1949 میں ، 1949 میں ، `` فالبیل 'کا استعمال آخری بار 1949 میں استعمال کیا گیا تھا۔,0
676,رنگو شینا سیتو نیکو کوارٹیٹ کی رہنما ہیں ، اور وہ موسیقار سیٹو کے ساتھ اپنے بہت سے تعاون کے لئے مشہور ہیں۔,سیٹو سیتو نیکو کوارٹیٹ کے سربراہ ہیں اور موسیقار رنگو شینا کے ساتھ اپنے بہت سے تعاون کے لئے مشہور ہیں۔,0
678,ابو ہیلیفا یا ابو ہولفاہ یا ابو حلیفا یا ابو حیلیفا جنوبی کویت میں الحمدی کے گورنری کے ابو ہیلیفا ضلع کا ایک چھوٹا سا قصبہ ہے۔,ابو ہیلیفا یا ابو ہولفاہ یا ابو حلیفا یا ابو حیلیفا جنوبی ابو ہیلیفا ضلع میں الحمدی گورنری کے کویت کا ایک چھوٹا سا قصبہ ہے۔,0
683,اس کے والد لنکن شائر کے پارلیمنٹ کے ممبر این ٹوتبی کا ناجائز بیٹا تھا ، اور ولیم اسکیپ ویتھ۔,اس کے والد لنکن شائر پارلیمنٹ کے ممبر این ٹوتبی کا ناجائز بیٹا تھا ، اور ولیم اسکیپ ویتھ تھا۔,1
687,ان میں میری ٹریسا ریوس ، بولیروس کی ایک کمپوزر ، ایک مصنف جولیٹا راس ، اور ایک گلوکارہ سلویہ ریکسچ شامل ہیں۔,ان میں سلویہ ریکسچ ، بولیروس کی ایک کمپوزر ، میری ٹریسا ریوس ، مصنف ، اور ایک گلوکارہ جولیٹا راس شامل ہیں۔,0
688,اس کے بعد ان کی اہلیہ کیرول اوبر ، بیٹی وایولا اور چار پوتے پوتے تھے۔,اس کے بعد ان کی اہلیہ کیرول اوبر ، ان کی بیٹی وایولا اور چار پوتے پوتے تھے۔,1
689,وہ اس رات ٹیکمسیہ کے مغرب میں اسٹیشن واپس آجاتا ، اور پھر اس کے پڑوسیوں کو مشکوک ہونے سے پہلے ہی کسی دوسرے گھوڑے کے ساتھ وایلیٹ اسپرنگس تک سوار ہوتا۔,وہ اس رات اسٹیشن کا سفر کرتا ، جو ٹیکمسہ کے مغرب میں واقع تھا ، اور پھر اس کے پڑوسیوں کو مشکوک ہونے سے پہلے کسی دوسرے گھوڑے کے ساتھ وایلیٹ اسپرنگس میں واپس آجاتا۔,0
690,اس ایجنسی کا ہیڈ کوارٹر پیرس ، فرانس ، اور اس کے بیرون ملک دفتر - آپریشنز - آفس - ورجینیا میں آفس ہے۔,اس ایجنسی کا صدر دفتر ارلنگٹن ، ورجینیا میں ہے ، اور فرانس کے پیرس میں اس کا بیرون ملک آپریشن آفس ہے۔,0
696,1964 میں ، ڈائیسیس کو برائے نام (ایپسکوپل) رینک کے ٹائٹلر شہری کے طور پر بحال کیا گیا تھا۔,1964 میں ، ڈائیسیس کو برائے نام کو ایپسکوپل کے طور پر کم ترین (ٹائٹلر) رینک کے طور پر بحال کیا گیا تھا۔,0
699,زراعت میں اس کے بعد کا کام بنیادی طور پر لنکن شائر میں تھا ، لیکن اس نے نورفولک میں وسیع پیمانے پر پشتے بھی تجویز کیے ، جو کامیابی کے ساتھ انجام دیئے گئے تھے۔,زراعت میں ان کا مستقبل کا کام بنیادی طور پر نورفولک میں تھا ، لیکن اس نے لنکن شائر میں وسیع پیمانے پر پشتے بھی تجویز کیے ، جو کامیابی کے ساتھ انجام دیئے گئے تھے۔,0
706,جب جیک نٹزے نے پہلی بار `` ضد کی طرح ساتھی '' سنا تو وہ بہت پرجوش تھا کہ وہ فل اسپیکٹر کے ساتھ سن سیٹ بولیورڈ کو نیچے چلاتے ہوئے اپنی کار کا کنٹرول کھو بیٹھا۔,جب فل اسپیکٹر نے پہلی بار `` ضد قسم کے ساتھی '' کی آواز سنی تو وہ اتنا پرجوش ہوگیا کہ جیک نٹزے کے ساتھ سن سیٹ بولیورڈ کے نیچے گاڑی چلاتے ہوئے اس نے اپنی کار کا کنٹرول کھو دیا۔,0
711,کمیونسٹوں کا پختہ یقین تھا کہ مرکزی انٹیلیجنس ایجنسی نے ان احتجاج کو مالی طور پر اور دوسری صورت میں احتیاط سے حمایت کی۔,کمیونسٹوں نے احتیاط سے یقین کیا کہ مرکزی انٹیلیجنس ایجنسی کی مالی اور دوسری صورت میں ان مظاہروں کی بھر پور حمایت کی۔,0
712,یہ پرجاتی مختلف ماحولیاتی گروہوں کے ممبر ہیں ، جن میں زیروفائٹک جھاڑیوں ، لیانا اور درخت ، اشنکٹبندیی پودے ، مائی کوکیٹروٹروفی ، نیز جڑی بوٹیوں کے مختلف نمائندے شامل ہیں۔,یہ پرجاتی مختلف ماحولیاتی گروہوں کے ممبر ہیں ، جن میں اشنکٹبندیی جھاڑیوں ، لیانا اور درخت ، زیروفیٹک پلانٹس ، مائی کوکیٹروٹروفک کے ساتھ ساتھ مختلف جڑی بوٹیوں کے نمائندے شامل ہیں۔,0
713,خان ایک تخرکشک کے ساتھ آگے بڑھا ، سٹسیانوف دو دیگر افراد کے ساتھ سوار ہوا اور اسے گولی مار کر ہلاک کردیا گیا۔,خان ایک تخرکشک کے ساتھ آگے بڑھا ، سٹسیانوف دو دیگر افراد کے ساتھ سوار ہوا اور اسے گولی مار کر ہلاک کردیا گیا۔,1
715,اسکیل کوٹس میں ایک لائبریری ، ایک پوسٹ آفس ، ایک تیراکی کا غسل ہے جسے بیورلی روڈ باتھس ، ایک ہائی اسکول اور دو پرائمری اسکول کہتے ہیں۔,اسکیل کوٹس میں ایک لائبریری ، پوسٹ آفس ، ایک سوئمنگ پول ہے جسے بیورلی روڈ باتھس ، ایک ہائی اسکول اور دو پرائمری اسکول کہتے ہیں۔,1
716,وہ میلبورن میں پیدا ہوا تھا اور جب وہ 10 سال کا تھا تو اپنے کنبے کے ساتھ نیوزی لینڈ منتقل ہوگیا تھا۔,وہ نیوزی لینڈ میں پیدا ہوا تھا ، اور جب وہ 10 سال کا تھا تو اپنے کنبے کے ساتھ میلبورن کے ساتھ ہجرت کر گیا تھا۔,0
725,اس طرح کے آلات کی تاریخ میں ، اس سے پہلے `` ترک '' تھا اور اس نے `` میفسٹو '' کو کامیاب کیا۔,اس طرح کے آلات کی تاریخ میں '' ترک `کامیاب ہوچکا ہے اور '' میفسٹو` `سے پہلے۔,0
737,اگرنات 1906 میں ، کینٹکی کے شہر لوئس ول میں ایک یہودی صہیونی خاندان میں پیدا ہوا تھا۔,اگرنات 1906 میں کینٹکی کے شہر لوئس ول میں ایک صہیونی یہودی خاندان میں پیدا ہوا تھا۔,1
744,ماس é نیو یارک کے ویسٹ چیسٹر کاؤنٹی میں پیدا ہوا تھا ، ہالینڈ ، مشی گن میں پلا بڑھا تھا اور وہ اپنے نوعمر دور میں یورپ میں رہتا تھا۔,ماس é ہالینڈ ، مشی گن میں پیدا ہوا تھا ، وہ نیو یارک کے ویسٹ چیسٹر کاؤنٹی میں پلا بڑھا تھا ، اور وہ نوعمروں کے دوران یورپ میں رہتا تھا۔,0
749,ان تینوں زچگی خاندانوں نے ایمبوج کے پتر فیملی کے ساتھ والو کی بادشاہی پر حکمرانی کی۔,ان تینوں زچگی خاندانوں نے ایمبوج پینے والے خاندان کے ساتھ والو کی بادشاہی پر حکمرانی کی۔,1
751,بی اے سی نے مینیسوٹا آرکسٹرا کی تین سالانہ پرفارمنس پیش کی ہے اور حال ہی میں اس نے ڈیاولو اور مرس کننگھم ڈانس کمپنی کے ذریعہ کام شروع کیے ہیں۔,بی اے سی کے پاس مینیسوٹا آرکسٹرا کی تین سالانہ پرفارمنس ہے اور حال ہی میں ڈیاوولو اور میرس کننگھم ڈانس کمپنی کے ذریعہ کمیشن کے کاموں کو پیش کیا گیا ہے۔,0
757,برائڈل ویل فالس کے قریب یوسمائٹ ویلی میں منرو میڈوز کا نام جارج منرو کے نام پر بھی رکھا گیا ہے۔,یوسمائٹ ویلی کے قریب برڈالویل کیس میں منرو میڈوز کا نام جارج منرو کے لئے بھی رکھا گیا ہے۔,0
761,اینڈیسائٹ ایک غالب لاوا قسم تھی جس میں کچھ نمونے مافک تھے جو بیسالٹک اینڈیسیٹ کے طور پر درجہ بندی کیے جاسکتے ہیں۔,اینڈیسیٹ کچھ نمونے کے ساتھ غالب لاوا کی قسم تھی جو بیسالٹک اینڈیسیٹ کے طور پر درجہ بندی کرنے کے لئے کافی تھے۔,1
763,2016 کے اوائل میں ، سینیٹر باب ہیکیٹ کو سینیٹر کرس وڈنر ، جنہوں نے استعفیٰ دینے کے بعد سینیٹ کے سینیٹ میں مقرر کیا گیا تھا۔,2016 کے اوائل میں ، سینیٹر کرس وڈنر کو اوہائیو سینیٹ میں سینیٹر باب ہیکیٹ کے بعد کامیاب ہونے کے لئے مقرر کیا گیا تھا ، جنہوں نے استعفیٰ دے دیا تھا۔,0
767,عملی طور پر میسکوائٹ `` ماڈیولز '' جاوا - کلاسز ، عام طور پر کنکریٹ کلاس کی تعریفوں کے تجریدی ذیلی طبقات ہیں۔,عملی طور پر ، میسکوائٹ `` ماڈیولز '' جاوا - کلاس عام طور پر خلاصہ طبقاتی تعریفوں کے ٹھوس ذیلی طبقات ہوتے ہیں۔,0
769,پوپ نے 1980 میں ایک حل تجویز کیا تھا جسے چلی نے مسترد کردیا تھا اور ارجنٹائن نے اس کی منظوری دی تھی۔,پوپ نے 1980 میں چلی کے ذریعہ قبول کردہ ایک حل کی تجویز پیش کی تھی اور اسے ارجنٹائن نے مسترد کردیا تھا۔,0
772,1930 اور 1940 کی دہائی میں ، وہ 1928 میں فرینکلن ڈی روزویلٹ اور 1948 میں ہیری ایس ٹرومین کے لئے چار بار ال اسمتھ کے لئے منتخب ہوئے۔,میساچوسٹس نے 1928 میں 1930 اور 1940 کی دہائی میں چار بار فرینکلن ڈی روزویلٹ اور 1948 میں ہیری ایس ٹرومن کے لئے ، 1928 میں ال اسمتھ کو ووٹ دیا۔,1
782,باب عدالتوں `` بلیکڈڈر 'کے طور پر پیش کردہ موسیقی میں وان ولیمز' `` فنتاسیہ آن گرینسلیوز 'ہیں۔,وان ولیمز کی طرف سے وہ موسیقی جو بلیکڈر کورٹس کے طور پر پیش کی جاتی ہے,0
785,یہ بات بھی قابل غور ہے کہ مندرجہ ذیل کوڈ ADL کے بغیر کام کرے گا (اس کا اطلاق ویسے بھی اس پر ہوگا)۔,یہ بات بھی قابل غور ہے کہ مندرجہ ذیل کوڈ ADL کے بغیر کام کرے گا (اس کا اطلاق ویسے بھی اس پر ہوگا)۔,1
787,اس کے بعد یہ منرو میں دریائے اسنوہومیش کی تشکیل کے لئے دریائے اسنوکولمی سے ملتا ہے۔,اس کے بعد یہ منرو میں دریائے اسنوہومیش کی تشکیل کے لئے دریائے اسنوکولمی سے ملتا ہے۔,1
793,اپنی مہم کے دوران ، اس نے دو بار میک کین پر ، ایک بار ٹکسن میں اور ایک بار فلیگ اسٹاف میں بحث کی۔,اپنی مہم کے دوران ، اس نے دو بار میک کین پر ، ایک بار فلیگ اسٹاف میں اور ایک بار ٹکسن میں بحث کی۔,1
795,28 جولائی ، 2006 کو ان کی وفات کے بعد ان کی اہلیہ اسٹیلا جیمل نے اسے ختم کیا اور ڈیوڈ اور اسٹیلا جیمل کی مشترکہ تصنیف کے تحت رہا کیا۔,یہ ان کی اہلیہ اسٹیلا جیمل نے 28 جولائی 2006 کو ان کی وفات کے بعد شائع کیا تھا اور ڈیوڈ اور اسٹیلا جیمل کی مشترکہ تصنیف کے تحت ختم ہوا تھا۔,0
798,سنٹرل بپٹسٹ ایسوسی ایشن جنوبی کیرولائنا سے انڈیانا جانے والے گرجا گھروں کی ایسوسی ایشن ہے ، جس میں مشرقی ٹینیسی اور جنوب مغربی ورجینیا کے بیشتر گرجا گھر ہیں۔,سنٹرل بپٹسٹ ایسوسی ایشن جنوبی کیرولائنا سے ورجینیا جانے والے گرجا گھروں کی ایک ایسوسی ایشن ہے ، جس میں بیشتر گرجا گھر مشرقی ٹینیسی اور جنوب مغربی انڈیانا میں ہیں۔,0
803,کیرن فلپس نے سورن جونز کے اسٹیو کے ساتھ تعلقات کا آغاز کیا۔,اسٹیو نے سورن جونز کے ذریعہ ادا کردہ کیرن فلپس کے ساتھ تعلقات کا آغاز کیا۔,0
808,وڈاس ڈسٹنٹاس 1969 سے میکسیکو کا ٹیلیونوویلا ہے جو ٹیلیویژن کے ذریعہ منتقل کیا گیا تھا اور اصل میں ٹیلی سیسٹیما میکسیکو کے ذریعہ تیار کیا گیا تھا۔,ٹریس وڈاس ڈسٹنٹاس ، 1969 میں میکسیکن کا ٹیلیونوویلا ہے جو ٹیلیویژن کے ذریعہ منتقل کیا گیا تھا اور اصل میں ٹیلی سسٹیما میکسیکو نے تیار کیا ہے۔,1
815,چاندلر نے کمپیوٹر کو سیکھنے کا ایک آلہ سمجھا ، لیکن اس نے ایک مروجہ مقصدیت کو مسترد کردیا جس نے ڈیٹا کو معلومات اور معلومات کو علم کے طور پر تسلیم کیا۔,چاندلر نے کمپیوٹر کو سیکھنے کے ایک آلے کے طور پر پہچان لیا ، لیکن اس نے ایک مروجہ مقصدیت کو مسترد کردیا ، جس نے اعداد و شمار کو معلومات اور معلومات کو علم کے طور پر دیکھا۔,0
817,فیرو میگنیٹ سے پیرا میگنیٹ میں ایک مرحلہ منتقلی دوسرا ہے اور یہ مستقل ترتیب کا حامل ہے۔,فیرو میگنیٹ سے پیرا میگنیٹ میں مرحلہ منتقلی مستقل ہے اور اس کا دوسرا آرڈر ہے۔,0
819,1999 میں سربیا کے مہاجرین کی واپسی سے قبل البانی خاندانوں نے گاؤں سے روانہ کیا۔,1999 میں سرب مہاجرین کی واپسی سے قبل ، البانی خاندانوں نے گاؤں سے روانہ کیا۔,1
827,تاہم ، اصلی ورژن ہلکے ایڈیشن کے حق میں چھوڑ دیا گیا تھا۔,ہلکا ورژن ، تاہم ، اصل ورژن کے حق میں چھوڑ دیا گیا تھا۔,0
833,1864 میں ، اسکاٹ لینڈ کی یونائیٹڈ پریسبیٹیرین مشنری سوسائٹی نے اپنے ایجنٹوں کو چین بھیج دیا۔,یونائیٹڈ پریسبیٹیرین مشنری سوسائٹی آف چین نے 1864 میں اپنے ایجنٹوں کو اسکاٹ لینڈ بھیج دیا۔,0
839,پیرس میں دس سال رہنے کے بعد ، ہڈن اٹلی واپس آئے۔,پیرس میں دس سال کے بعد ، ہڈن اٹلی واپس آئے۔,1
840,وہ جرمنوں نے ڈوبی تھی اور 1943 - 1944 میں دو بار الائیڈ بمباروں نے اسے ختم کردیا تھا اور آخر کار 1946 - 1947 میں اس کی پرورش ہوئی تھی۔,اس کی پرورش جرمنوں نے 1943 میں - 1944 میں کی تھی اور الائیڈ بمباروں نے دو بار ڈوبا تھا اور آخر کار 1946 میں 1947 میں ختم کردیا تھا۔,0
841,1864 میں ، چین کی یونائیٹڈ پریسبیٹیرین مشنری سوسائٹی نے اپنے ایجنٹوں کو اسکاٹ لینڈ بھیج دیا۔,یونائیٹڈ پریسبیٹیرین مشنری سوسائٹی آف چین نے 1864 میں اپنے ایجنٹوں کو اسکاٹ لینڈ بھیج دیا۔,1
843,اس فلم میں للی ربی ، ٹموتھی چلامیٹ ، للی رین ہارٹ ، انتھونی کوئنٹل ، آسکر نیوز ، اور روب ہیوبل ہیں۔,ستارے للی ربی ، تیمتھی چیلمیٹ ، للی رین ہارٹ ، انتھونی کوئنٹل ، آسکر نیوز اور روب ہیوبل۔,1
844,ڈکوٹا سٹی میٹروپولیٹن ریجن سیوکس سٹی ، IA - NE - SD کا حصہ ہے۔,ڈکوٹا سٹی سیوکس سٹی ، IA - NE - SD میٹروپولیٹن شماریاتی علاقہ کا ایک حصہ ہے۔,1
846,گرانٹ کونیل اور گلین مچیباٹا نے فائنل میں وین فریریرا اور جم گریبب 6: 4 ، 6: 3 کو شکست دے کر ٹائٹل جیتا۔,وین فریریرا اور جم گریبب نے فائنل میں گرانٹ کونیل اور گلین مچیباٹا 6 - 4 ، 6 - 3 کو شکست دے کر یہ اعزاز حاصل کیا۔,0
849,1927 میں زگریب میں پارلیمانی انتخابات مقامی انتخابات سے 4 ستمبر 7 دن قبل منعقد ہوئے تھے۔,زگریب میں 1927 کے پارلیمانی انتخابات 4 ستمبر ، مقامی انتخابات سے 7 دن قبل منعقد ہوئے تھے۔,1
851,پروبوچینم ٹینیرم سمندری سست کی ایک قسم ہے ، جو فیملی بوکینیڈی ، سمندری پہیے میں ایک حقیقی گیسٹروپڈ مولسک ہے۔,پروبوچینم ٹینیرم سمندری سست کی ایک قسم ہے ، بوکینیڈی فیملی میں ایک حقیقی گیسٹروپڈ مولوسک ، پہیے میرین۔,1
855,دریائے ویلیا لوئی لیمبی یا لوم دریائے رومانیہ میں دریائے آئیمون کی ایک معاون ہے۔,دریائے ویلیا لوئی لیمبی یا لوم دریائے رومانیہ میں `` انک '' آئیمون ندی کی ایک آب و ہوا ہے۔,0
858,اب اس جینس کو چھپکلیوں کے کنبے میں درجہ بندی کیا گیا ہے ، جسے ایگوانیڈی کے نام سے جانا جاتا ہے ، سب فیملی پولیچروٹینی ، اور اب موجودہ غلط خاندان ، پولیچروٹیڈی میں درجہ بندی نہیں کیا گیا ہے۔,یہ جینس اب چھپکلیوں کے گھرانے میں ہے جسے iguanidae ، subfamily polychrotinae کے نام سے جانا جاتا ہے ، اور اب اس وقت کے غلط خاندان ، پولیچروٹائڈے میں درجہ بندی نہیں کیا جاتا ہے۔,1
859,2012 میں ، یہ شہر پلٹ گیا اور موجودہ ڈیموکریٹ براک اوباما نے جیتا ، جنہوں نے ریپبلکن مِٹ رومنی کو 48 فیصد کے 51 فیصد ووٹ لیا۔,2012 میں ، بورو پلٹ گیا اور موجودہ ڈیموکریٹ براک اوباما نے جیتا ، جنہوں نے ریپبلکن مِٹ رومنی کے 48 ٪ کو 51 فیصد ووٹ لیا۔,1
861,اس کے ساتھ میں ابتدائی انداز کے ساتھ اپنے کچھ میوزیکل خوابوں کو پورا کرنے میں کامیاب رہا ہوں اور یہ نیا انداز واقعی بڑا ، تازہ اور قدرتی طور پر روانی ہے۔,اس کے ساتھ میں اپنے ابتدائی خوابوں میں سے کچھ کو میوزیکل اسٹائل کے ساتھ پورا کرنے میں کامیاب رہا ہوں اور یہ نیا انداز واقعی بڑا ، تازہ اور قدرتی طور پر بہہ رہا ہے۔,0
864,گریڈی ہاورڈ کو اس تاریخ کو پہلے میئر منتخب کیا گیا تھا ، اور 5 جون 1951 کو باضابطہ طور پر اسپرنگ لیک کا عبوری میئر نامزد کیا گیا تھا۔,گریڈی ہاورڈ کو اس تاریخ میں پہلا میئر منتخب کیا گیا تھا اور 5 جون 1951 کو باضابطہ طور پر اسپرنگ لیک کا میئر مقرر کیا گیا تھا۔,0
870,بالوہی بنیادی طور پر پیرس کے اسرے کے ساتھ ساتھ فرانس اور جنوبی افریقہ میں بھی موجود ہے۔,بالوہی بنیادی طور پر فرانس میں اور پیرس کے ساتھ ساتھ جنوبی افریقہ میں بھی موجود ہے۔,0
875,یہ لمبی دیوار اور صلاحیت کے ساتھ اونچی ہوگی۔,یہ لمبی دیوار اور صلاحیت کے ساتھ اونچی ہوگی۔,1
881,الاباما میں تعلیم الاباما کے ثانوی اور پرائمری اسکولوں پر مشتمل ہے ، جس میں الاباما یونیورسٹی ، نجی کالجوں اور سرکاری اور نجی اسکولوں سمیت شامل ہیں۔,الاباما میں تعلیم الاباما کے سرکاری اور نجی اسکولوں پر مشتمل ہے ، جس میں الاباما یونیورسٹی ، نجی یونیورسٹیوں اور سیکنڈری اور پرائمری اسکول شامل ہیں۔,0
893,اس سیریز کا آغاز 18 اپریل ، 2009 کو آسٹریلیا میں نکلوڈین (نیوزی لینڈ اور نیوزی لینڈ) پر آسٹریلیا میں ہوا۔,18 اپریل ، 2009 کو ، سیریز نیوزی لینڈ میں نکلوڈین (آسٹریلیا اور نیوزی لینڈ) پر شروع ہوئی۔,0
894,اس کی ہدایتکاری جارج فٹزمورائس نے کی تھی اور یہ 1917 کے کھیل ، `` ٹائیگر روز '' پر مبنی ہے ، جس میں ولارڈ میک کے ذریعہ تھا۔,جارج فٹزمورائس کی ہدایت کاری میں ، یہ 1917 کے کھیل `` ٹائیگر روز '' پر مبنی ہے جو ولارڈ میک کے ذریعہ ہے۔,1
914,اوڈیا کے لکھے ہوئے مہابھارت کا ورژن - شاعر سرالہ داسا نے لیجنڈ آف نواگونجارا کو بتایا ، کسی اور کے پاس بھی کہانی نہیں ہے۔,اوڈیا کے شاعر سرالہ داسا کے لکھے ہوئے مہابھارت کے ورژن میں ، نواگونجارا کی علامات ہیں۔ کوئی دوسرا ورژن کہانی کو بیان نہیں کرتا ہے۔,0
917,ویمپتی چنینا ستیام (15 اکتوبر ، 1929 - 29 جولائی ، 2012) ایک ہندوستانی ڈانسر اور کوچیپڈی ڈانس فارم کا گرو تھا۔,ویمپتی چنا ستیام (15 اکتوبر 1929 - 29 جولائی 2012) کوچیپڈی ڈانس فارم کا ایک ہندوستانی ڈانسر اور گرو تھا۔,1
921,لی ہائے وائی جی انٹرٹینمنٹ کے تحت جنوبی کوریا کے ایک گلوکار ہیں۔,کوریائی گلوکار لی ہائے وائی جی انٹرٹینمنٹ کے تحت جنوبی کوریا کے گلوکار ہیں۔,1
922,اس طریقہ کار کی مختلف حالتیں بہت سے اخراج کرنے والوں کے لئے اچھے عددی قریب پیدا کرتی ہیں جب دو اور تین جہتوں میں ، تنقیدی اصطلاحات شامل کی جاتی ہیں۔,اس طریقہ کار کی مختلف حالتیں تنقید کرنے والوں کے ل good اچھے عددی قریب پیدا کرتی ہیں جب بہت سی شرائط دو اور تین جہتوں میں شامل ہوتی ہیں۔,0
926,ڑککن کو صرف مراعات یافتہ ناظرین نے ہٹا دیا تھا ، لہذا یہ مناظر زیادہ مباشرت ہوسکتے ہیں۔,ڑککن کو صرف مراعات یافتہ ناظرین نے ہٹا دیا تھا ، لہذا یہ مناظر زیادہ مباشرت ہوسکتے ہیں۔,1
928,یہ پنچکولا سٹی کے چندیمندیر کنٹونمنٹ ایریا کی خدمت کرتا ہے۔,یہ شہر چندرندیر کنٹونمنٹ کے پنچکولا علاقے کی خدمت کرتا ہے۔,0
929,سلوو ہائی اسکول بکنگھم شائر کے سلوو میں گرلز سلیکٹیو گرائمر اسکول تھا ، جو اب برک شائر ہے۔,سلوو ہائی اسکول ، بکنگھم شائر ، اب برک شائر کے سلوو میں ایک منتخب لڑکیوں کا گرائمر اسکول تھا۔,1
930,یوجین ڈی اینگلی 5 اپریل 1851 کو میساچوسٹس کے شہر اٹلیبرو میں جیمز ہنری اینگلیسی اور ان کی اہلیہ ، سابق مریم کیلی کے بیٹے کی حیثیت سے پیدا ہوئے تھے۔,جیمز ہنری اینگلی 5 اپریل 1851 کو میساچوسٹس کے اٹلیبرو ، یوجین ڈی اینگلی اور ان کی اہلیہ ، سابق مریم کیلی کے بیٹے میں پیدا ہوئے تھے۔,0
932,مارتسا لازاری اکتوبر 1943 میں قبرص میں پیدا ہوئی تھیں اور 16 سال کی عمر میں اپنے کنبے کے ساتھ لندن ، انگلینڈ میں ہجرت کر گئیں۔,مارتھا لازاری اکتوبر 1943 میں لندن میں پیدا ہوئی تھی اور وہ 16 سال کی عمر میں اپنے کنبے کے ساتھ قبرص ہجرت کرچکی ہے۔,0
935,5 مارچ ، 2011 کو ، ایم ٹی وی ہیو نے انی روسی کے ساتھ ایک اسٹریمنگ لنک شائع کیا جس میں ریحانہ کا `` روڈ بوائے '' پرفارم کیا گیا تھا۔,5 مارچ ، 2011 کو ، ایم ٹی وی ہیو نے انی روسی `` روڈ بوائے '' پرفارم کرتے ہوئے ، ریحانہ سے ایک اسٹریمنگ لنک شائع کیا۔,0
938,مچپیلہ قبرستان ، نے بھی '' میکپیلہ قبرستان `` یا '' میکفیلہ قبرستان `` کے طور پر بھی کہا ، نیو جرسی کے شہر ہڈسن کاؤنٹی کا ایک قبرستان ہے۔,مچپیلہ قبرستان ، نے بھی `` میکپلہ قبرستان '' ، یا `` میکفیلہ قبرستان '' کے نام سے ہجوم کیا ، نیو جرسی کے شہر ہڈسن کاؤنٹی کا ایک قبرستان ہے۔,1
944,یہ گانا گالا نے فلپو آندریا کارمینی اور موریزیو مولیلا نے تیار کیا تھا اور اس کی تشکیل کی تھی۔,یہ گانا گالا نے لکھا اور تیار کیا تھا ، جسے فلپپو آندریا کارمینی اور موریزیو مولیلا نے تشکیل دیا تھا۔,0
946,پریئر کے مطابق ، شاعر کے دادا ، ڈرامہ نگار اور ناول نگار اولیور گولڈسمتھ کے دادا ، روبرٹ گولڈسمتھ بالیوٹر میں آباد ہونے والے اس خاندان میں پہلا خاندان تھا۔,رابرٹ پریئر کے مطابق ، رابرٹ گولڈسمتھ شاعر ، ڈرامہ نگار ، اور مصنف ، اولیور گولڈسمتھ کے دادا تھے ، جو اس خاندان کا پہلا پہلا خاندان تھا جس نے بالوفٹر کے ساتھ آباد کیا تھا۔,1
952,انجنوں اور ان کے ایندھن کو چھوڑنے سے پیچیدگی کم ہوجائے گی اور پے لوڈ میں اضافہ ہوگا۔,انجنوں اور ان کے ایندھن کو چھوڑنے سے پیچیدگی میں اضافہ ہوگا اور پے لوڈ کو کم کیا جائے گا۔,0
956,ٹوبی اور گنار ہینسن کے مطابق ، اس کی وجہ یہ تھی کہ اس نے نقاب پوش پہنا تھا اس کی وجہ یہ تھی کہ ماسک نے واقعی اس کی شخصیت کا تعین کیا۔,گنر ہینسن نے تبصرہ کیا: `to ٹوبی اور کم کے مطابق ، اس نے نقاب پہنا ہونے کی وجہ یہ تھی کہ ماسک نے واقعی اس کی شخصیت کا تعین کیا۔,0
957,پرائیویٹ کلیبرن اکیڈمی پیرش کلیبورن کے قریب ہینس ول میں واقع ہے۔,پرائیویٹ کلیبرن اکیڈمی کلیبرن پیرش میں واقع ہے ، ہینس ول کے قریب نہیں۔,0
958,NVIDIA ٹائٹن V کا سرکاری طور پر NVIDIA نے 7 دسمبر ، 2017 کو اعلان کیا تھا۔,7 دسمبر ، 2017 کو NVIDIA نے باضابطہ طور پر NVIDIA ٹائٹن V کا اعلان کیا۔,1
959,انہوں نے لندن کے مڈل سیکس اسپتال میں میڈیکل ٹریننگ کی ، اور 1943 میں کلینیکل ڈاکٹر کی حیثیت سے کوالیفائی کیا۔,انہوں نے لندن کے مڈل سیکس اسپتال میں کلینیکل ٹریننگ کی اور 1943 میں ڈاکٹر کی حیثیت سے کوالیفائی کیا۔,0
965,اس نے گلاس میکر کی حیثیت سے پرفارم کیا اور مختلف موسیقی کے آلات پر بہت سے مختلف بینڈوں کے ساتھ کام کیا۔,اس نے گلاس میکر کی حیثیت سے کام کیا اور بہت سے مختلف بینڈوں کے ساتھ مختلف موسیقی کے آلات پر پرفارم کیا۔,0
973,مکینیکل سسٹمز کے اجزاء لچکدار امکانی توانائی کو ذخیرہ کرتے ہیں اگر ان کی افواج کا اطلاق ہوتا ہے تو وہ نظام پر خراب ہوجاتے ہیں۔,میکانکی نظام کے اجزاء لچکدار امکانی توانائی کو ذخیرہ کرتے ہیں اگر وہ نظام پر استعمال کیے جاتے ہیں تو وہ خراب ہوجاتے ہیں۔,1
975,ولیم لیویلین ولیمز کو لیویلین ولیمز (10 مارچ 1867 - 22 اپریل 1922) کے نام سے جانا جاتا ہے ، وہ ویلش صحافی ، وکیل اور بنیاد پرست لبرل پارٹی کے سیاستدان تھے۔,ولیم ولیمز ، جسے لیویلین ولیمز (10 مارچ 1867 - 22 اپریل 1922) کے نام سے جانا جاتا ہے ، وہ ویلش صحافی ، وکیل اور بنیاد پرست لبرل پارٹی کے سیاستدان تھے۔,1
976,بلگئے ایوانوف نے 17 اکتوبر 2015 کو ڈبلیو ایس او ایف ہیوی ویٹ چیمپینشپ کے لئے مہیمن کو چیلنج کیا۔,بلگئے ایوانوف نے 17 اکتوبر 2015 کو ڈبلیو ایس او ایف ہیوی ویٹ چیمپینشپ کے لئے مہیمن کو چیلنج کیا۔,1
989,یہ رچرڈ کریڈ نے قائم کیا تھا ، جسے جارج ایڈورڈز نے بنایا تھا ، جسے کولنز اور مونموت کے جیفری نے ڈیزائن کیا تھا۔,یہ رچرڈ کریڈ نے ڈیزائن کیا تھا ، جسے کولنز اور جیفری نے بنایا تھا اور مونموت کے جارج ایڈورڈز نے لیس کیا تھا۔,0
990,سیکرامنٹو فیئر اوکس اور فولسوم کے مابین (38.651254 ، -121.259279) میں واقع ہے۔,فیئر اوکس سیکرامنٹو اور فولسوم (38.651254 ، -121.259279) کے درمیان واقع ہے۔,0
998,گلبرٹو کے 1987 کے البم `` ٹائم اینڈ ٹائڈ '' پر `` ایسٹروڈ '' ٹریک ، باسیا ٹرزیٹرزیلیسکا کو خراج تحسین ہے۔,سن 1987 سے باسیا ٹرزیٹرزیلیسکا کا البم `` ٹائم اینڈ ٹائڈ '' پر `` ایسٹروڈ '' ٹریک گلبرٹو کو خراج عقیدت پیش کرتا ہے۔,0
999,کلارک کا ایک بیٹا ، رشی تھا ، جو 3 اپریل 2007 کو پیدا ہوا تھا۔ مائکروکومسم میوزک پر جرابوں اور سینڈل ای پی کا نام اس کے لئے نامزد کیا گیا تھا ، رشی زحل۔,رشی کا ایک بیٹا ، کلارک تھا ، جو 3 اپریل 2007 کو پیدا ہوا تھا۔ مائکروکومسم میوزک پر جرابوں اور سینڈل ای پی کا نام اس کے نام پر رکھا گیا تھا ، رشی زحل۔,0
1006,میلوڈی کریٹینڈن نے 2004 میں ایک سولو کیریئر کے حصول کے لئے گروپ چھوڑ دیا تھا ، اور 2005 کے بیشتر نیکول نے اس گروپ کے ساتھ گایا تھا۔,میلوڈی کریٹینڈن نے 2004 میں ایک سولو کیریئر دیکھنے کے لئے گروپ چھوڑ دیا تھا ، اور 2005 کے بیشتر نیکول نے اس گروپ کے ساتھ گایا تھا۔,1
1008,نیم پیشہ ور فٹ بال میں ، سکاٹش ٹیمیں سکاٹش پریمیئرشپ کے نیچے ہر سطح پر مقابلہ کرتی ہیں ، اسکاٹش چیمپین شپ کے نیچے زیادہ تر ٹیمیں نیم پیشہ ور ہیں۔,سکاٹش فٹ بال میں ، ہر سطح پر نیم پیشہ ور ٹیمیں سکاٹش پریمیئرشپ کے نیچے دکھائی دیتی ہیں ، زیادہ تر ٹیمیں اسکاٹش چیمپین شپ کے نیچے نیم پیشہ ور ہیں۔,0
1013,نیو اورلینز کے ڈیبول اور اوون آرکیٹیکٹس تھے اور موبائل کا جی اے چیمبلن ٹھیکیدار تھا۔,آرکیٹیکٹس نیو اورلینز کے ڈیبول اور اوون تھے اور ٹھیکیدار G.A تھا۔ موبائل کا چیمبلن۔,1
1022,مہلک ہائی بلڈ پریشر میں ، ان ہائپر پلاسٹک کی تبدیلیوں کے ساتھ اکثر فائبرنوائڈ انٹیما اور میڈیا کے آرٹیریل نیکروسس ہوتے ہیں۔,مہلک ہائی بلڈ پریشر میں ، ان ہائپر پلاسٹک کی تبدیلیوں کے ساتھ اکثر آرٹیریل انٹیما اور میڈیا کے فبرینوائڈ نیکروسس ہوتے ہیں۔,0
1023,اس ٹیم نے 1953 میں آسٹریلیا میں اور اگست 1959 میں ایشیاء کا دورہ کیا۔,1953 میں ٹیم نے اگست 1959 میں ایشیاء اور آسٹریلیا میں سفر کیا۔,0
1029,یہ فلم نئی فلمی صنعت میں ملیالم گلوکار رافیل کے بارے میں ہے۔,یہ فلم ملیالم فلم انڈسٹری میں ایک نئی گلوکار رافیل کے بارے میں ہے۔,0
1030,1864 میں ، یونائیٹڈ پریسبیٹیرین مشنری سوسائٹی آف چین نے اپنے نمائندوں کو اسکاٹ لینڈ بھیج دیا۔,یونائیٹڈ پریسبیٹیرین مشنری سوسائٹی آف چین نے 1864 میں اپنے ایجنٹوں کو اسکاٹ لینڈ بھیج دیا۔,1
1037,ابتدائی ویکٹر اسپیس فارمولا _ 13 کو دیئے گئے اعداد و شمار کے سلسلے میں `` ابتدائی آبجیکٹ '' یا `` ٹوپولوجیکل ڈھانچہ 'کہا جاتا ہے۔,ابتدائی ویکٹر اسپیس فارمولا 13 کو دیئے گئے اعداد و شمار کے سلسلے میں ابتدائی آبجیکٹ `` یا '' ٹوپولوجیکل ڈھانچہ کہا جاتا ہے۔,1
1040,ان تینوں زچگی خاندانوں نے ایمبوج کے پتر فیملی کے ساتھ والو کی بادشاہی پر حکمرانی کی۔,ان تینوں پتیوں کی خاندانوں نے ماموں کے خاندان ایم بی او جے کے ساتھ والو کی بادشاہی پر حکمرانی کی۔,0
1046,اس فلم میں جیمبی المازان کو بطور الیکس ، برنارڈو گارنیکا کروز ڈیوڈ اور جوناتھن ڈیاز انگولو کو ماریہ کے طور پر ادا کیا گیا ہے۔,اس فلم میں جیمبی المازان مریم ، برنارڈو گارنیکا کروز کو ڈیوڈ اور جوناتھن ڈیاز انگولو کے طور پر بطور الیکس کے طور پر پیش کیا گیا ہے۔,0
1049,اگرچہ سیاہ فام کھلاڑیوں کو خارج کرنا کوئی تحریری اصول نہیں تھا ، 1933 کے بعد سے نیشنل فٹ بال لیگ میں کوئی افریقی امریکی نہیں کھیلا تھا۔,اگرچہ سیاہ فام کھلاڑیوں کو خارج کرنا کوئی تحریری اصول نہیں تھا ، لیکن 1933 سے نیشنل فٹ بال لیگ میں کوئی افریقی نژاد امریکی نہیں کھیلا تھا۔,1
1055,ڈیل کی شادی 1984 سے پیٹریسیا میئر سے ہوئی ہے اور ان کے ساتھ مل کر دو بیٹے ہیں: ریان (پیدائش 1988) اور بلیک (پیدائش 1992)۔,1984 کے بعد سے ، بلیک کی شادی پیٹریسیا میئر سے ہوئی ہے اور اس کے دو بیٹے ہیں: ریان (پیدائش 1988) اور ڈیل (پیدائش 1992)۔,0
1060,جب پلاٹزر نے 1993 میں ایلینٹاؤن میں اپنا دوسرا ریستوراں کھولا تو اس نے اپنے دادا ، پیٹر جوزف وہلیہن کی عزت کرنے کے لئے پی جے وہلیہن کا نام تبدیل کردیا۔,1993 میں ، جب پلاٹزر نے ایلینٹاؤن میں اپنا دوسرا ریستوراں کھولا تو ، اس نے اپنے دادا پیٹر جوزف وہلیہن کے اعزاز کے لئے پی جے وہلیہن کا نام تبدیل کردیا۔,1
1061,اس مشن کے دوران ، 65 فوجی ہلاک ہوئے: 34 نائجیریائی ، 28 چیڈین ، 2 ٹوگولیس اور 1 برکینبی۔,اس مشن کے دوران ، 65 فوجی ہلاک ہوئے: 34 چاڈین ، 28 نائیجیریا ، 2 ٹوگولیس اور 1 برکینبی۔,0
1066,دسمبر 1969 میں 49 ویں آرمی - ڈویژن 29 ویں آرمی - ڈویژن بن گیا۔,دسمبر 1969 میں 29 ویں آرمی - ڈویژن 49 ویں آرمی - ڈویژن بن گیا۔,0
1067,اسکاپس زیادہ تر غیر حاضر یا بہت مختصر ہیں۔,اسکاپس بہت مختصر ہیں یا زیادہ تر غیر حاضر ہیں۔,1
1068,وہ مشاہدہ کی گئی تھی کیونکہ '' میں بہت بڑی صلاحیت اور ایک بہت بڑی صلاحیت ہے ، اور وہ مستقبل میں ایک منفرد میوزیکل شخصیت میں ترقی کرے گی۔,وہ مشاہدہ کی گئی تھی کیونکہ `` میں ایک بہت بڑی صلاحیت اور ایک بہت بڑی صلاحیت ہے ، اور وہ مستقبل میں ایک انوکھی میوزیکل شخصیت میں ترقی کرے گی۔ '',1
1077,جنوری 2013 میں ، یہ اعلان کیا گیا تھا کہ جنکشن پوائنٹ اسٹوڈیوز کی بندش کے بعد وارن اسپیکٹر ڈزنی انٹرایکٹو چلا گیا تھا۔,جنوری 2013 میں ، اعلان کیا گیا تھا کہ ڈزنی انٹرایکٹو کی بندش کے بعد وارن اسپیکٹر نے جنکشن پوائنٹ اسٹوڈیوز چھوڑ دیئے تھے۔,0
1082,ایئر ٹرانسپورٹیشن مقامی طور پر نیو بیڈفورڈ ، برکلے ، اور مشرقی ٹاونٹن کے علاقائی ہوائی اڈے میں چھوٹے ہوائی جہاز کے ذریعہ فراہم کی جاتی ہے۔,ایسٹ ٹاونٹن ، برکلے ، اور نیو بیڈفورڈ کے علاقائی ہوائی اڈے میں چھوٹے طیاروں کے ذریعے ہوائی نقل و حمل کو مقامی طور پر فراہم کیا جاتا ہے۔,0
1084,جب ہم متبادل ٹورنگ مشین کا استعمال کرتے ہیں تو ، ہمارے پاس ایٹیم وسائل ہوتا ہے۔,اگر ہمارے پاس متبادل ٹورنگ مشین ہے تو ، ہم ریسورس ایٹیم کا استعمال کرتے ہیں۔,0
1085,اس نے بوبا واٹسن اور لوئس اوسٹھوزین کے پیچھے دو دھچکے ختم کیے اور اس کی کارکردگی پر افسوس کا اظہار کیا جس کی وجہ سے انہوں نے ٹورنامنٹ نہیں جیتا تھا۔,اس نے لوئس اوسٹھوزین اور بوبا واٹسن کے پیچھے دو اسٹروک ختم کیے اور اس نے ٹورنامنٹ نہیں جیتنے کی وجہ قرار دی۔,1
1086,سیریوس فیصلوں کے سمٹ کے پچھلے میزبان شہروں میں اورلینڈو (2014) ، اسکاٹس ڈیل (2013) اور سان ڈیاگو (2012) شامل ہیں۔,سیریوس ڈیسائزز سمٹ کے سابق میزبان شہروں میں اورلینڈو (2014) ، سان ڈیاگو (2013) ، اور اسکاٹس ڈیل (2012) شامل ہیں۔,0
1091,لوور میں لائٹنگ - پینٹنگ گرم ہے اور یہ نرم دکھائی دیتی ہے ، لیکن یہ سطح پر وارنش کی آواز کا نتیجہ ہوسکتا ہے۔,لوور پینٹنگ میں لائٹنگ گرم ہے اور یہ نرمی دکھائی دیتی ہے ، لیکن یہ سطح پر وارنش کے لہجے کا نتیجہ ہوسکتا ہے۔,1
1092,دریائے مولمیس روس کے پرم کری میں ایک ندی ہے ، جو دریائے یزوا کی بائیں بازو کی ایک بائیں بازو ہے۔,یزوا روس کے پرم کری میں ایک ندی ہے ، جو دریائے مولیمس کی بائیں بازو کی ایک بائیں بازو ہے۔,0
1098,یکم اگست ، 1699 کو ، ولیم بلیٹ نے کرٹن میں اپنی کاپی ہولڈ اراضی سر آرچیبالڈ کیمبل کے حوالے کردی ، جس نے آرگیل ہال کے پہلے ڈیوک ، بِک اسٹاف کو فروخت کیا۔,یکم اگست ، 1699 کو ، ولیم بلکٹ نے کرٹن میں اپنی کاپی ہولڈ اراضی سر آرچیبالڈ کیمبل کے حوالے کردی ، جس نے ہال کو بِکرسٹاف ، پہلی ڈیوک آف ارگیل کو فروخت کیا۔,1
1101,بگ بینڈ اسپیشلز باب کوپر کا ایک 1962 کا البم ہے ، جس میں بل ہولمین ، شارٹی راجرز اور شوہر جون کرسٹی کے ذریعہ ٹریک کردہ پٹریوں کا اہتمام کیا گیا ہے۔,بگ بینڈ اسپیشلز باب کوپر کا 1962 کا البم ہے ، جس میں بل ہولمین ، شارٹی راجرز اور شوہر جون کرسٹی نے ٹریک کیا ہے۔,1
1102,مختلف دھات کی پلیٹوں کے علاوہ ، کچھ معاملات میں کنکریٹ اور سینڈ بیگ کو بہتر ٹینکوں کے لئے استعمال کیا جاتا تھا۔,اصلاحی بکتر بند دھات کی پلیٹوں کے علاوہ ، کچھ معاملات میں مختلف ٹرینوں کے لئے کنکریٹ اور سینڈ بیگ استعمال کیے جاتے تھے۔,0
1103,باربرا بوتھ ایلیسن کیلیفورنیا کے سانٹا کلارا کاؤنٹی میں پیدا ہوئی ، ارب پتی اوریکل کارپوریشن کے چیئرمین لیری ایلیسن اور ان کی سابقہ ​​اہلیہ میگن ایلیسن کی بیٹی۔,میگن ایلیسن ارب پتی اوریکل کارپوریشن کی بیٹی کے طور پر کیلیفورنیا کے سانٹا کلارا کاؤنٹی میں پیدا ہوئے تھے۔ چیئرمین لیری ایلیسن اور ان کی سابقہ ​​بیوی باربرا بوتھ ایلیسن۔,0
1105,گیلرمو کوریا نے البرٹو مارٹن کو 6 - 3 ، 3 - 6 ، 6 - 2 کو شکست دی,6 البرٹو مارٹن نے گیلرمو کوریا کو شکست دی 6 - 3 ، 3 - 6 ، 6 - 2,0
1106,ریڈ بلز ہار گئے لیکن پلے آف کا پہلا دور بنایا۔,ریڈ بلز ہار گئے ، لیکن پلے آف کا پہلا دور بنایا۔,1
1107,12 جنوری 1978: کیمبرج یونائیٹڈ منیجر رون اٹکنسن کو ویسٹ برومویچ البیون کا منیجر مقرر کیا گیا۔,12 جنوری ، 1978: کیمبرج یونائیٹڈ - منیجر رون اٹکنسن کو ویسٹ برومویچ البیون کا منیجر مقرر کیا گیا۔,1
1108,1979 میں اس نے ٹور پر اپنا بہترین سال گزارا ، اٹلانٹا ، جوہانسبرگ اور تل ابیب میں کوارٹر فائنل بنائے۔,1979 میں اس نے ٹور پر بہترین سال گزارا ، تل ابیب ، جوہانسبرگ اور اٹلانٹا میں ایک کوارٹر فائنل۔,1
1120,اگلا ورژن 1986 میں رابرٹ فلر کے بھائی رون نے تیار کیا تھا۔,اگلی ریلیز 1986 میں رابرٹ فلر کے بھائی رون نے بنائی تھی۔,1
1122,یہ مندر جنوبی ایشیائی ممالک سے کوریائی ہندوؤں اور تارکین وطن کے لئے ایک ثقافتی اور مذہبی مرکز کے طور پر کام کرتا ہے۔,یہ ہیکل جنوبی ایشیائی ہندوؤں اور کوریائی ممالک سے آنے والے تارکین وطن کے لئے ثقافتی اور مذہبی مرکز کے طور پر کام کرتا ہے۔,0
1123,کلب ہاؤس کرٹس نے اس وقت ، 000 60،000 کی رقم کے لئے تعمیر کیا تھا ، اور اسے کلب کو بڑے چارج میں کرایہ پر دیا تھا۔,کلب ہاؤس کو کرٹس نے اس وقت کے نامیاتی رقم $ 60،000 کے لئے تعمیر کیا تھا ، اور اسے بڑی فیس کے لئے کلب کو کرایہ پر دیا تھا۔,1
1125,اس پروگرام کے خصوصی مہمان تھے ، پروڈکشن I.G ، ڈینی چو ، کانام ، اور تاشا سے تعلق رکھنے والی مٹسوہیسا ایشیکاوا اور ٹوموہیکو ایشی۔,پروڈکشن I.G ، ڈینی چو ، کانام ، مٹسوہیسہ ایشیکاوا اور ٹوموہیکو ایشی سے تعلق رکھنے والی تاشا کوریا سے مییوکو کے ساتھ اس تقریب کے خصوصی مہمان تھے۔,0
1131,ویمپتی چنا ستیام (15 اکتوبر 1929 - 29 جولائی 2012) کوچیپڈی ڈانس فارم کا ایک ہندوستانی ڈانسر اور گرو تھا۔,ویمپتی چنینا ستیام (15 اکتوبر 1929 - 29 جولائی 2012) کوچیپوڈی ڈانسر اور ہندوستانی رقص کا گرو تھا۔,0
1132,یہ واقعہ بعد میں منایا گیا تھا اور اب ہر سال 25 جنوری کو قومی پولیس کے دن کے طور پر مصر میں منایا جاتا ہے۔,یہ واقعہ بعد میں منایا گیا تھا اور اب ہر سال 25 جنوری کو قومی پولیس ڈے کے طور پر مصر میں یاد کیا جارہا ہے۔,1
1137,اڈی پور گنج باسوڈا کے قریب ہندوستانی ریاست مدھیہ پردیش کا ایک قصبہ ہے۔,گانج باسوڈا اڈی پور کے قریب ہندوستانی ریاست مدھیہ پردیش کا ایک شہر ہے۔,0
1142,اس کے بعد اس کی جگہ نیکیٹاس کا پہلا کزن ہیرکلیئس نے لے لیا ، اور اسے خانقاہی نذر لینے پر مجبور کیا گیا۔,اس کے بعد اس کی جگہ ہرکلیئس کا پہلا کزن ، نیسٹس نے لے لیا ، اور اسے خانقاہوں کی منتیں کرنے پر مجبور کیا گیا۔,0
1147,سب سے پہلے ، کم جرگ والے علاقوں کی بجائے اعلی جرگ اقدار والے علاقوں کی وضاحت کریں۔,سب سے پہلے ، اعلی جرگ والے علاقوں کی بجائے کم جرگ کی قیمت والے علاقوں کی وضاحت کریں۔,0
1151,ابھی تک زینوجیو کے کام فن لینڈ کے ریڈیو سمفنی آرکسٹرا ، لاہتی سمفنی آرکسٹرا ، کیمی سنفونیٹا ، اولو سمفنی آرکسٹرا اور اوونتی کے ذریعہ انجام دیئے گئے ہیں!,ابھی تک زینوجیو کے کام اولو سمفنی آرکسٹرا ، لاہتی سمفنی آرکسٹرا ، کیمی سنفونیٹا ، فننش ریڈیو سمفنی آرکسٹرا اور اوونتی کے ذریعہ انجام دیئے گئے ہیں!,1
1152,یہ رچرڈ کریڈ نے ڈیزائن کیا تھا ، جسے کولنز اور جیفری نے بنایا تھا اور مونموت کے جارج ایڈورڈز نے لیس کیا تھا۔,یہ رچرڈ کریڈ نے پیش کیا تھا ، جسے جارج ایڈورڈز نے بنایا تھا اور اسے کولنز اور مونموت کے جیفری نے ڈیزائن کیا تھا۔,0
1153,میک کال اور لیسیوک نے 2007 کے موسم گرما میں بینڈ چھوڑ دیا ، میک کال کی جگہ اسٹیون توش نے ڈرموں پر لے لی اور جیمی میکلیڈ نے باس کے کاموں کو سنبھال لیا۔,میک کال اور لیسیوک نے 2007 کے موسم گرما میں بینڈ چھوڑ دیا جس کی جگہ میک کال کی جگہ ڈرم پر اسٹیون توش اور جیمی میکلیڈ نے باس کی ڈیوٹی سنبھال لی۔,1
1154,1886 میں ، میلز نے اریزونا کے شعبہ میں چیریکاہوا اپاچی کے رہنما ، جیرونیمو سے لڑنے والی مسلح افواج کے کمانڈر کے طور پر جنرل جارج کروک کی جگہ لی۔,1886 میں ، مائلز نے اریزونا کے محکمہ میں چیریکاہوا اپاچی کے رہنما جیرونیمو کے خلاف لڑنے والے فورسز کے کمانڈر کے طور پر جنرل جارج کروک کی جگہ لی۔,1
1155,برشی ، ہندوستان میں ریاست مہاراشٹرا کے ضلع سولا پور ڈیم کے قریب مقامی ندی پر واقع ایک ارتھ ڈیم ہے۔,پاتھاری ڈیم ، ہندوستان میں ریاست مہاراشٹرا کے ضلع سولا پور کے قریب مقامی ندی پر ایک ارتھفل ڈیم ہے۔,0
1158,اس نے ناٹنگھم کے سیلسٹن کے بروک کی بیٹی مریم سے شادی کی ، اور اس کے بعد ان کے سب سے بڑے بیٹے ، رچرڈ نے اس کے بعد اس کے بعد اس کے بعد ان کے بعد اس کے بعد ان کے بعد ان کے بعد,بروک نے ناٹنگھم کے سیلسٹن کے تیمتھی پوسی کی بیٹی مریم سے شادی کی۔ اس کے بعد اس کے سب سے بڑے بیٹے ، رچرڈ نے اس کی جگہ لی۔,0
1160,لوک یا لوک متعدد (لیکن سب نہیں) کینٹونیز کنیتوں کا چینی رومانیائزیشن ہے جو مینڈارن میں لو کے طور پر رومان ہیں۔,لوک یا لوک متعدد (لیکن سب نہیں) کینٹونیز کنیتوں کا چینی رومانیائزیشن ہے ، جو مینڈارن میں لو کے طور پر رومان ہیں۔,1
1162,مکعب کی صحیح گردشیں ، جو جسم کے اخترن کے اجازت نامے کی طرف سے نمایاں ہوسکتی ہیں ، کو بھی `` s '' میں اجتماعی طور پر بیان کیا گیا ہے۔,مکعب کی مناسب گردشیں ، جو جسم کے اخترن کے تعین کے ذریعہ بیان کی جاسکتی ہیں ، بھی `` s '' میں اجتماعی کی خصوصیات ہیں۔,0
1166,مثال کے طور پر ، امبیبین میں سیربیرس کا اظہار پچھلے ڈورسل اینڈوڈرم میں ہوتا ہے اور چوہوں میں اس کا اظہار پچھلے ویسریل اینڈوڈرم میں ہوتا ہے۔,مثال کے طور پر ، سیربیرس کا اظہار امبیبینوں میں اور پچھلے ویسریل اینڈوڈرم میں چوہوں میں پچھلے ڈورسل اینڈوڈرم میں ہوتا ہے۔,1
1170,انہوں نے لندن کے مڈل سیکس اسپتال میں کلینیکل ٹریننگ کی ، اور 1943 میں میڈیکل ڈاکٹر کی حیثیت سے کوالیفائی کیا۔,انہوں نے لندن کے مڈل سیکس اسپتال میں کلینیکل ٹریننگ کی اور 1943 میں ڈاکٹر کی حیثیت سے کوالیفائی کیا۔,1
1174,سنی نے نومبر 1973 میں راجر گرین وے کی تیاری کے ساتھ ٹریک کاٹ دیا جبکہ کرس گننگ نے یہ انتظام فراہم کیا اور انعقاد کیا۔,نومبر 1973 میں ، راجر سنی نے راجر گرین وے کے ساتھ ٹریک کاٹ دیا ، جبکہ کرس گننگ نے یہ انتظام فراہم کیا اور ان کا انعقاد کیا۔,1
1179,ڈیمن نائٹ (جیمز بلیش کے حوالے سے) نے نائٹ کی کہانی کی ترجمانی کے بارے میں کہا:,جیمز بلیش (ڈیمن نائٹ کے حوالے سے نقل کیا گیا ہے) نے نائٹ کی اپنی کہانی کی ترجمانی کے بارے میں کہا:,0
1180,یہ فلم ملیالم فلم انڈسٹری میں ایک نئی گلوکار رافیل کے بارے میں ہے۔,یہ فلم ملیالم فلم انڈسٹری میں ایک نئی گلوکار رافیل کے بارے میں ہے۔,1
1189,یہ فیملی ایڈیشن کے دو سال سے زیادہ اور پہلے مشہور شخصیت کے ایڈیشن کے تین سال سے زیادہ کے بعد تیسرا سیزن تھا۔,فیملی ایڈیشن کے دو سال سے زیادہ اور پہلے مشہور شخصیت کے ایڈیشن کے تین سال سے زیادہ کے بعد یہ تیسرا سیزن تھا۔,1
1192,ان کا انتقال 19 ستمبر 1891 کو ٹینیسی کے گیلٹن میں ہوا اور اس نے گیلٹن میں میسونک حاصل کیا۔,بونٹنگ کا انتقال 19 ستمبر 1891 کو گیلٹن میں ہوا۔ اسے ٹینیسی کے گیلٹن میں میسونک جنازہ ملا۔,1
1202,پہلوان پھر ادھر ادھر چھلانگ لگاتا ہے اور پیچھے گرنے کے لئے آگے بڑھتا ہے اور مخالف کے سر کو چٹائی میں گرنے دیتا ہے۔,پہلوان پھر آگے بڑھتا ہے اور پیچھے کی طرف گرنے کے لئے گھومتا ہے اور مخالف کے سر کو چٹائی میں گرنے دیتا ہے۔,0
1205,وہ 3 سال کی عمر میں اپنے والدین کے ساتھ فن لینڈ سے ایسٹونیا چلی گئیں اور فی الحال ہیلسنکی میں رہ رہی ہیں۔,وہ 3 سال کی عمر میں اپنے والدین کے ساتھ ایسٹونیا سے فن لینڈ چلی گئیں اور فی الحال ہیلسنکی میں مقیم ہیں۔,0
1207,یہ قصبہ دریائے توریہ کے دائیں کنارے پر ، `` ہورٹا ڈی والنسیا '' کے مغربی سرے پر واقع ہے۔,یہ قصبہ دریائے توریہ کے مغربی ساحل پر ، `` ہورٹا ڈی والنسیا '' کے دائیں کنارے پر واقع ہے۔,0
1211,سلیمان کے مقابلوں کے بہت سے شیطانوں میں یونانی ، عیسائی ، یہودی ، مصری ، عربی اور دیگر روایات ہیں۔,سلیمان کے مقابلوں کے بہت سے شیطانوں میں یونانی ، عیسائی ، یہودی ، مصری ، عرب اور دیگر روایات ہیں۔,1
1212,تانگ خاندان میں چنزو کا انتظامی علاقہ مشرقی ہینن میں جدید ژوکو کی انتظامیہ کے تحت ہے:,تانگ خاندان میں چنزو انتظامی علاقہ مشرقی ژوکو میں جدید ہینن کی انتظامیہ کے تحت ہے:,0
1213,ٹیسٹ مندرجہ ذیل ہے: `` پہلے آپ پرنگنگلیونک فائبر کو محسوس کرتے ہیں اور ظاہر ہونے والے ردعمل کی حوصلہ افزائی کرتے ہیں۔,ٹیسٹ مندرجہ ذیل ہے: پہلے پریگنگلیونک فائبر کی حوصلہ افزائی کریں اور ظاہر ہونے والے ردعمل کو دیکھیں۔,0
1219,یوکھورول ریاست منی پور میں سیاحوں کا ہاٹ سپاٹ بھی ہے۔,منی پور یوکھورول ریاست کا سیاحوں کا ہاٹ سپاٹ بھی ہے۔,0
1222,کیسپر پییوسر (اعلان کیا گیا ، 6 جنوری ، 1525 - 25 ستمبر ، 1602) ایک سوربیائی اصلاح پسند ، معالج ، اور جرمن نژاد کا اسکالر تھا۔,کیسپر پییوسر (6 جنوری ، 1525 تا 25 ستمبر ، 1602) کا اعلان ایک سوربیائی مصلح ، ڈاکٹر اور جرمن نژاد کے اسکالر تھا۔,1
1224,کارنیلیس اولاتونجی ادیبیو نائیجیریا کے سابق سینیٹر ہیں ، جو گورنر تھے اور بعد میں نائیجیریا کے وفاقی وزارت مواصلات کے سربراہ بن گئے۔,کارنیلیس اولاتونجی ادیبیو نائیجیریا کے سابق سینیٹر ہیں ، جو گورنر بن گئے ، اور بعد میں نائیجیریا کی وفاقی وزارت مواصلات کے سربراہ تھے۔,1
1229,میساچوسٹس نے 1928 میں ہیری ایس ٹرومن کو ، 1930 اور 1940 کی دہائی میں چار بار ، اور 1948 میں فرینکلن ڈی روزویلٹ کے لئے ووٹ دیا۔,1930 اور 1940 کی دہائی میں ، وہ 1928 میں فرینکلن ڈی روزویلٹ اور 1948 میں ہیری ایس ٹرومین کے لئے چار بار ال اسمتھ کے لئے منتخب ہوئے۔,0
1231,ابن امیرا صوبہ والنسیا کے الزیرا میں پیدا ہوئی تھیں۔,ابن امیرا الزیرا صوبہ والنسیا میں پیدا ہوئی تھیں۔,0
1239,اگر ہم متبادل ٹورنگ مشین استعمال کرتے ہیں تو ، ہمارے پاس وسائل کا ایٹیم ہے۔,جب ہمارے پاس متبادل ٹورنگ مشین ہوتی ہے تو ، ہم وسائل کے ذریعہ استعمال کرتے ہیں۔,0
1240,13 نومبر ، 2016 کو ، ڈیوڈ ماچاڈو کو ڈینس والیس کے ذریعہ ہیگسن شہر کے قریب فاکس گرو پارک میں قتل کیا گیا تھا۔,13 نومبر 2016 کو ، ڈیوڈ ماچاڈو کے نائب ڈینس والیس کو ہیگسن شہر کے قریب فاکس گروو پارک میں قتل کیا گیا تھا۔,0
1248,1946 میں ان کی موت پر ، اس منصوبے پر ان کے مقالے یکساں طور پر ایک کھردری حالت میں تھے۔,1946 میں ان کی موت کے بعد ، اس منصوبے پر ان کے مقالے یکساں طور پر ایک کھردری حالت میں تھے۔,1
1253,الیگزینڈر بومگرٹنر (پیدائش 27 جون 1841 کو جرمنی کے لکسمبرگ میں ، 1910 میں سینٹ گیلن ، سوئٹزرلینڈ میں فوت ہوا) ادب کی تاریخ کے ایک شاعر اور مصنف تھے۔,الیگزینڈر بومگرٹنر (سینٹ گیل ، سوئٹزرلینڈ میں پیدا ہوا ، 27 جون 1841 میں فوت ہوا لکسمبرگ ، 1910) ادب کی تاریخ کے ایک شاعر اور مصنف تھے۔,0
1264,جیولوجیکل سروے آف کینیڈا کے محققین نے نیو برنسوک صوبے کے لئے نسبتا خطرہ کی صلاحیت میں قدرتی آرسنک تغیر کی ماڈلنگ کی ہے۔,جیولوجیکل سروے آف کینیڈا کے محققین نے صوبہ نیو برنسوک کے لئے نسبتا خطرہ کی صلاحیت میں قدرتی آرسنک تغیر کی ماڈلنگ کی ہے۔,1
1265,ایئر لائن کو آئرلینڈیا نے تیار کیا تھا ، جس نے دیگر پانچ ایئر لائنز بھی تشکیل دی تھی ، یعنی ویواکولمبیا ، ریانیر ، الیجینٹ ایئر ، ویوایروبس اور ٹائیگریر۔,ایئر لائن کی تشکیل آئرلینڈیا نے کی تھی ، جس نے دیگر پانچ ایئر لائنز ، یعنی ویواکولمبیا ، ریانیر ، الیجینٹ ایئر ، ویوایروبس اور ٹائیگریر بھی تیار کی ہے۔,0
1266,دریائے جیمرٹلوئی رومانیہ میں دریائے بریزا کی ایک معاون ہے۔,دریائے بریزا رومانیہ میں دریائے جیمرٹلوئی کی ایک معاون ہے۔,0
1269,یہ سی آر گریگوری نے 1834 میں صبا کی خانقاہ میں خریدا تھا۔ رابرٹ کرزون نے اسے 1883 میں دیکھا۔,یہ 1834 میں سی آر گریگوری نے صبا کے خانقاہ میں ، 1883 میں رابرٹ کرزون نے خریدا تھا۔,1
1275,پربھوپڈا اس وقت خوش ہوا جب گوپال کرشنا نے انہیں سریماد بھگوتم کی پہلی کاپیاں پیش کیں ، جس کا ترجمہ ہندی میں کیا گیا۔,گوپال کرشنا اس وقت خوش ہوئے جب پربھوپڈا نے انہیں ہندی میں ترجمہ شدہ سریمڈ بھگوتم کی پہلی کاپیاں پیش کیں۔,0
1280,سینٹجورج بینک (اور اس کے ماتحت ادارہ بنکسا) کو 1997 میں ایڈوانس بینک نے ایک بار پھر سنبھال لیا۔,اس کے بدلے میں ، ایڈوانس بینک (اور اس کے ماتحت ادارہ بینکسا) کو 1997 میں سینٹ جورج بینک نے اپنے قبضہ میں لیا۔,0
1288,اس کے بعد انہوں نے کلیو لینڈ ، OH میں اسکول پڑھایا ، اور 1856-1859 سے ٹولڈو میں اداکارہ ’سپرنٹنڈنٹ آف اسکول‘ تھے۔,اس کے بعد انہوں نے کلیولینڈ ، اوہ میں اسکول پڑھایا اور 1856-1859 تک ٹولیڈو میں اسکولوں کے قائم مقام سپرنٹنڈنٹ تھے۔,0
1290,یہ نظم چار عصری مخطوطات میں محفوظ ہے ، جن میں سے ایک ٹکڑا ہے:,یہ نظم چار عصری مخطوطات میں محفوظ ہے ، جن میں سے ایک بکھری ہوئی ہے:,1
1291,دیگر مشکلات میں جیمز نیوٹن ہاورڈ کے ہاورڈ ساحل کے کمپوزروں کو فلم کی تبدیلی سے سات ہفتہ قبل پیٹر جیکسن میں تبدیل کرنے کا فیصلہ بھی شامل تھا۔,دیگر مشکلات میں جیمز نیوٹن ہاورڈ کے کمپوزروں کو ہاورڈ شور سے پیٹر جیکسن میں تبدیل کرنے کا فیصلہ بھی شامل تھا۔,0
1293,ڈسٹ بیکر ورلڈ سیریز میں حصہ لینے والے پہلے سیاہ فام مینیجر بن گئے تھے جب سے ٹورنٹو میں اور میں سیٹو گیسٹن میں اور۔,ڈسٹ بیکر ٹورنٹو کے لئے سٹیو گیسٹن کے بعد ورلڈ سیریز میں شامل ہونے اور اس میں حصہ لینے والا پہلا بلیک منیجر بن گیا۔,1
1294,سکومر کا دوست اسٹیفن (مورگن) بحران کی گھڑی میں ان کی مدد کرتا ہے ، اور محبت کرنے والوں کو شادی میں متحد ہوجاتا ہے۔,مورگان کے دوست اسٹیفن (سکومر) ان کے بحران کے وقت میں ان کی مدد کرتے ہیں اور محبت کرنے والے شادی میں متحد ہوجاتے ہیں۔,0
1302,ڈاکٹر ایڈمز نے مس ​​سارہ ہنٹ کو چھوڑ دیا ، جس کے ساتھ اس نے ایک بیٹی سے شادی کی تھی ، 1788 میں ، ایسک میں بی حیاٹ سے شادی کی۔,ڈاکٹر ایڈمز نے مس ​​سارہ ہنٹ سے شادی کی ، جس کے ذریعہ اس نے ایک بیٹی چھوڑ دی ، شادی شدہ ، 1788 میں ، بی حیاٹ ، ایسک سے۔,0
1318,یہ بعض اوقات ڈیزائن کی معروف دلیل کے ریڈکٹیو اشتہاری مضحکہ خیز کے طور پر استعمال ہوتا ہے ، جو اس طرح چلتا ہے:,یہ بعض اوقات ڈیزائن کی طرف سے معروف دلیل کے ریڈکٹیو اشتہار کے طور پر استعمال ہوتا ہے ، جو اس طرح چلتا ہے:,1
1321,کدوا جنوب مشرقی نیپال کے ضلع باڑہ میں نارانی زون میں ایک گاؤں اور گاؤں کی ترقیاتی کمیٹی ہے۔,کدوا جنوب مشرقی نیپال کے ضلع باڑہ میں نارانی زون میں ایک گاؤں اور گاؤں کی ترقیاتی کمیٹی ہے۔,1
1327,بحیرہ مرجان کی لڑائی کے بعد ، `` بارنیٹ نے 1،360 زندہ بچ جانے والوں کو یو ایس ایس لیکسنٹن (سی وی 2) سے سان ڈیاگو سے نومیا منتقل کیا۔,بحیرہ کورل کی لڑائی کے بعد ، `` بارنیٹ نے 1،360 زندہ بچ جانے والوں کو یو ایس ایس لیکسنٹن (سی وی 2) سے نومیا سے سان ڈیاگو منتقل کیا۔,0
1328,روڈ R205 آئرلینڈ میں ایک علاقائی سڑک ہے جو کاؤنٹی کاؤنٹی میں روڈ R199 سے لیٹریم کی کاؤنٹی میں شمالی آئرلینڈ کی سرحد تک ہے ، زیادہ تر کاؤنٹی فرمانگ میں۔,R205 روڈ آئرلینڈ کی ایک علاقائی سڑک ہے جو کاؤنٹی لیٹریم میں R199 روڈ سے کاؤنٹی فرمانگ میں شمالی آئرلینڈ کی سرحد تک ، زیادہ تر کاؤنٹی کاون میں ہے۔,0
1329,شلی مینن نے پانچ شافٹ کا پتہ چلا اور انھیں صاف کردیا جیسے پیسانیاس کے ذریعہ مذکور قبروں کا ذکر کیا گیا تھا۔,شلی مین نے پانچ شافٹ کو صاف کیا اور انہیں پوسانیہ کے ذریعہ مذکور قبروں کے طور پر پہچان لیا۔,0
1333,پہلا ، کائی سنگ ، جن کووا کی بیٹی تھی ، گورڈن چن کے ذریعہ ڈرک اسٹروان کی ماں۔,پہلا ، کائی سنگ ، جن کووا کی بیٹی تھی۔ وہ گورڈن چن کے ڈرک اسٹروان کے ذریعہ والدہ تھیں۔,1
1334,1974 میں ضلع شہری کو ریپٹن رورل ڈسٹرکٹ اور ساؤتھ ایسٹ ڈربشائر رورل ڈسٹرکٹ کے حصے کے ساتھ ملایا گیا تاکہ موجودہ ساؤتھ ڈربشائر ڈسٹرکٹ تشکیل دیا جاسکے۔,1974 میں ، موجودہ ضلع کو ریپٹن رورل ڈسٹرکٹ اور ساؤتھ ایسٹ ڈربشائر رورل ڈسٹرکٹ کے ایک حصے کے ساتھ ملایا گیا تاکہ شہری ساؤتھ ڈربشائر ڈسٹرکٹ تشکیل دیا جاسکے۔,0
1336,مثال کے طور پر ، سیربیرس کا اظہار امبیبینوں میں پچھلے ویسریل اینڈوڈرم میں ہوتا ہے ، اور چوہوں میں اس کا اظہار پچھلے ڈورسل اینڈوڈرم میں ہوتا ہے۔,مثال کے طور پر ، سیربیرس کا اظہار امبیبینوں میں اور پچھلے ویسریل اینڈوڈرم میں چوہوں میں پچھلے ڈورسل اینڈوڈرم میں ہوتا ہے۔,0
1342,ابراہیم ہارٹ بورڈ آف ٹرسٹی کے صدر ، اور میئر سلزبرجر سکریٹری تھے۔,ابراہیم ہارٹ صدر ، اور مائر سلزبرجر سکریٹری ، بورڈ آف ٹرسٹی تھے۔,1
1348,انہوں نے ہم عصر آرکیٹیکٹس جیسے جیون گیان گیاکومو دی کنفورٹو ، بارٹولومیو پچیٹیٹی اور فرانسسکو گریمالڈی کے ساتھ تعاون کیا۔,اس نے ہم عصر آرکیٹیکٹس جیسے جیون جیاکومو دی کنفورٹو ، بارٹولومیو پچیٹیٹی اور فرانسسکو گریمالڈی کے ساتھ تعاون کیا ہے۔,1
1353,بولیویا کے کوچابامبا میں پیدا ہوئے ، وہ 1990 کی دہائی میں میکسیکو سٹی اور بعد میں لاس اینجلس چلی گئیں۔,وہ بولیویا کے کوچابمبا میں پیدا ہوئی تھی۔ 1990 کی دہائی میں ، وہ میکسیکو سٹی اور بعد میں لاس اینجلس چلی گئیں۔,1
1357,لیڈن میں پیدا ہوئے ، ڈی رائٹر نے ایف سی اتریچٹ ، ایف سی ڈین بوش ، ایکسلسیئر ، آر کے سی والواجک اور ایف سی ایمن کے لئے کھیلا ہے۔,ڈی رائٹر لیڈن میں پیدا ہوئے تھے اور وہ آر کے سی والواجک ، ایف سی ڈین بوش ، ایکسلسیئر ، ایف سی اتریچٹ اور ایف سی ایمن کے لئے کھیلے تھے۔,1
1361,ورمونٹ شمال میں مچم سے ملحق ہے ، مغرب میں نوناواڈنگ اور جنگل کی پہاڑی ، جنوب میں جنوب میں ورمونٹ اور وانٹیرنا اور رنگ ووڈ مشرق میں۔,ورمونٹ شمال کی طرف مچم کے ذریعہ ، نوناواڈنگ اور فارسٹ ہل کے مغرب میں ، ورمونٹ کے ذریعہ جنوب میں اور وانٹیرنا اور رنگ ووڈ کے ذریعہ مشرق میں ہے۔,1
1363,ڈاکٹر جولیو اسکوائر جنکیرا کا پہلا اراپونگاس میں تعمیر کیا گیا تھا ، اس کا نام ڈاکٹر جولیو جنکویرا کے نام پر رکھا گیا تھا جس کا نام اراپونگاس کے پہلے میئر کے نام پر رکھا گیا تھا۔,جولیو جنکییرا کا پہلا اراپونگاس میں تعمیر کیا گیا تھا ، اور اس کا نام ڈاکٹر جولیو اسکوائر جنکویرا کے نام پر رکھا گیا تھا ، جس کا نام اراپونگا کے پہلے میئر کے نام پر رکھا گیا تھا۔,0
1364,پرکاش راج نے اگست 2017 میں بھی ٹیم میں شمولیت اختیار کی تاکہ مبینہ طور پر پروڈیوسر الوری چکراپانی کا کردار ادا کیا جاسکے۔,اگست 2017 میں ، الوری چکرپانی نے بھی پروڈیوسر پرکاش راج کا کردار ادا کرنے ٹیم میں شمولیت اختیار کی۔,0
1376,میریڈیئن میں ڈیاکن ، اسکندریہ ، مغربی ، فیئربری اور ٹوبیاس کے رہائشیوں پر مشتمل ہے ، جس سے 303 نیبراسکا اسکول ڈسٹرکٹ تشکیل دیا گیا ہے۔,میریڈیئن ڈیککن ، فیئربری ، مغربی ، اسکندریہ ، اور ٹوبیاس کے رہائشیوں پر مشتمل ہے ، جس سے 303 نیبراسکا اسکول ڈسٹرکٹ تشکیل دیا گیا ہے۔,1
1380,جولائی ، اوسطا ، سب سے سرد مہینہ ، جنوری میں سب سے زیادہ گرم۔,جولائی اوسطا سب سے زیادہ گرم مہینہ ہے اور جنوری سب سے زیادہ سرد ہے۔,0
1385,ہرن کی آبادی کو منظم کرنے کا ایک اور طریقہ یہ ہے کہ زرخیزی کی شرح کو کنٹرول کیا جائے۔,ہرن کی آبادی پر قابو پانے کا ایک اور طریقہ یہ ہے کہ زرخیزی کی شرح کو منظم کیا جائے۔,1
1389,پہلا راؤنڈ 23 سے 25 ستمبر 2011 کے اختتام ہفتہ میں سلوواکیا (پریوڈزا) میں ہوا,پہلا راؤنڈ 23-25 ​​ستمبر ، 2011 کے اختتام ہفتہ کو سلوواکیا (پریوڈزا) میں ہوا۔,1
1392,اس نے ماری مگدالین شویگارڈ سے شادی کی ، جو سرکردہ سیاستدان انتون مارٹن شوئیگارڈ کی بھانجی ، ٹیلف ڈاہل شوئیگارڈ کی بیٹی اور بعد کے وزیر اعظم کرسچن ہون شویگارڈ کی خالہ سے شادی ہوئی۔,اس نے ماری مگدالین شویگارڈ سے شادی کی ، جو معروف سیاستدان کرسچن ہون شویگارڈ کی بھانجی ، ٹیلف ڈہل شویگارڈ کی بیٹی اور بعد کے وزیر اعظم انتون مارٹن شوئیگارڈ کی خالہ سے شادی کی۔,0
1394,یہ مشرق سے فارمیا سے ، اور مغرب سے اسپینو ستورنیا کے ایک `` فریزون '' مارنولا سے پہنچا جاسکتا ہے۔,یہ مشرق سے فارمیا سے ، اور مغرب سے اسپینو ستورنیا کے ایک `` فریزون '' مارنولا سے پہنچا جاسکتا ہے۔,1
1399,جب فل اسپیکٹر نے پہلی بار `` ضد قسم کے ساتھی '' کی آواز سنی تو وہ اتنا پرجوش ہوگیا کہ جیک نٹزے کے ساتھ سن سیٹ بولیورڈ کے نیچے گاڑی چلاتے ہوئے اس نے اپنی کار کا کنٹرول کھو دیا۔,جب جیک نٹزے نے پہلی بار `` ضد کی طرح ساتھی '' سنا تو وہ اتنا پرجوش ہوگیا کہ اس نے فل اسپیکٹر کے ساتھ سن سیٹ بولیورڈ کو چلاتے ہوئے اپنی کار کا کنٹرول کھو دیا۔,0
1401,عملے کے کچھ ممبران گولڈن بے میں ہلاک ہوگئے تھے اور دیگر ماوری کے ساتھ کوئی مقامی رابطہ نہیں تھا۔,عملے کے کچھ ممبران گولڈن بے میں ہلاک ہوگئے تھے اور مقامی ماوری سے کوئی دوسرا رابطہ نہیں تھا۔,0
1407,سنگل کا اعلان 31 اکتوبر 2015 کو کیا گیا تھا اور اسے 13 نومبر 2015 کو جاری کیا گیا تھا۔,سنگل کا اعلان 31 اکتوبر ، 2015 کو کیا گیا تھا ، اور اسے 13 نومبر ، 2015 کو شائع کیا گیا تھا۔,1
1410,نئی ٹی وی سیریز میں '' مردہ خوبصورت '' میں ہیزل نے سب سے کم عمر بہن الیگزینڈرا کاپینگر کا کردار ادا کیا۔,ہیزل نے نئی ٹی وی سیریز `` مردہ خوبصورت '' میں سب سے چھوٹی بہن الیگزینڈرا کوپنجر کا کردار ادا کیا۔,1
1414,ان میں سے کچھ کو یہاں بیان کیا گیا ہے اور ان میں سے کچھ ذیل میں `` بیرونی لنکس '' کے تحت جڑے ہوئے ہیں۔,ان میں سے کچھ ذیل میں بیان کیے گئے ہیں اور ان میں سے کچھ کو یہاں `` بیرونی لنکس '' سے منسلک کیا گیا ہے۔,0
1415,سکاٹش فٹ بال میں ، نیم پیشہ ور ٹیمیں سکاٹش پریمیئرشپ کے نیچے ہر سطح پر مقابلہ کرتی ہیں ، زیادہ تر ٹیمیں اسکاٹش چیمپین شپ کے نیچے نیم پیشہ ور ہیں۔,سکاٹش فٹ بال میں ، نیم پیشہ ور ٹیمیں سکاٹش پریمیئرشپ کے نیچے ہر سطح پر پرفارم کررہی ہیں ، اسکاٹش چیمپین شپ کے نیچے زیادہ تر ٹیمیں نیم پیشہ ور ہیں۔,1
1418,یہ گانا امریکی ہپ ہاپ گروپ جیدی مائنڈ ٹرکس کے واحد `` ڈیزائن میں مالیس '' میں ایک ہک نمونہ ہے۔,یہ گانا سنگل ہپ ہاپ گروپ جیدی مائنڈ چالوں کے ذریعہ `` مالیس میں ڈیزائن '' امریکی میں ایک ہک نمونہ ہے۔,0
1427,جہاں ، فارمولا 5 فارمولا 6 اور فارمولا 7 کی تمام متضاد ہائپرجومیٹرک اقدار کے لئے دو متغیرات اور کنورجنٹ کے ساتھ ہارن کے محدود افعال میں سے ایک ہے۔ یہ کے ذریعہ دیا گیا ہے:,فارمولا 5 فارمولا 6 اور فارمولا 7 کی تمام محدود اقدار کے لئے دو متغیرات اور کنورجنٹ کے ساتھ ہارن کے سنگم ہائپرجومیٹرک افعال میں سے ایک ہے۔ یہ کے ذریعہ دیا گیا ہے:,0
1430,1830 میں ، جیمز امریکن نوآبادیات سوسائٹی (ACS) کے کچھ ممبروں اور آرتھر تپن کی تحریروں کے خاتمے سے متاثر ہوئے۔,1830 میں شروع ہونے والے ، جیمز امریکی نوآبادیات سوسائٹی (ACS) کے کچھ ممبروں اور آرتھر تپن کی تحریروں کے خاتمے سے متاثر ہوئے۔,1
1432,ان کو نمکو بانڈائی نے تیار کیا تھا اور اسے سائبر کنیکٹ 2 کے ذریعہ شائع کیا گیا تھا ، جس کا آغاز 2005 میں `` نارٹو: الٹیمیٹ ننجا '' سے ہوا تھا۔,وہ سائبر کنیکٹ 2 کے ذریعہ تیار کیے گئے تھے اور نمکو بانڈائی نے شائع کیا تھا ، جس کا آغاز `` ناروٹو: الٹیمیٹ ننجا '' 2005 سے ہوا تھا۔,0
1434,شاہراہ 18 اکتوبر 1954 کو منسوخ کردی گئی تھی ، جب ایف ایم 1241 میں توسیع کی گئی تھی۔,شاہراہ 18 اکتوبر 1954 کو منسوخ کردی گئی تھی ، جب ایف ایم 1241 میں توسیع کی گئی تھی۔,1
1436,اس ضرورت کے لئے شمسی نقطہ نظر روایتی طاقت سے چلنے والے طیارے میں شمسی پینل کا استعمال ہے۔,اس ضرورت کے لئے روایتی نقطہ نظر شمسی طیارے میں شمسی پینل کا استعمال ہے۔,0
1443,وہ ویل ، بورس اور روزالینڈ لورون کی ماں تھیں ، اور ان کی بیٹی نفسیات کی پروفیسر بن گئیں۔,وہ ویل ، بورس اور روزالینڈ لورون کی ماں بن گئیں ، ان کی بیٹی نفسیات کی پروفیسر تھیں۔,0
1448,تاریک مادے کے بالواسطہ ثبوت تاریک مادے پر اس کے کشش ثقل کے اثر و رسوخ سے حاصل ہوتے ہیں ، کیونکہ لیبارٹریوں میں مادے کے کوئی اور ذرات نہیں دیکھے گئے ہیں۔,تاریک مادے کے بالواسطہ ثبوت دوسرے مادے پر اس کے کشش ثقل کے اثر و رسوخ سے حاصل ہوتے ہیں ، کیونکہ لیبارٹریوں میں کوئی تاریک مادے کے ذرات نہیں دیکھے گئے ہیں۔,0
1450,ان کی جگہ اولیسگن اوباسانجو (1975) اور مرتضی محمد (1976) نے لگاتار بغاوتوں میں تبدیل کیا۔,ان کی جگہ اولوسگن اوباسانجو (1975 میں) اور مرٹلہ محمد (1976 میں) یکے بعد دیگرے بغاوتوں میں لے گئی۔,1
1454,میک ملن نے دو سال ٹڈ ورتھ میں رائل میڈیکل کارپوریشن میں گزارے - اور بعد میں ڈڈکوٹ میں ، جہاں انہوں نے کورین جنگ میں زخمی فوجیوں کے لئے ایم آر ایس چلایا۔,دو سالوں سے ، میک ملن نے ڈیڈکوٹ میں رائل میڈیکل کارپوریشن میں اور بعد میں ٹڈ ورتھ میں گزارا ، جہاں وہ کورین جنگ میں زخمی فوجیوں کے لئے ایم آر ایس چلاتے ہیں۔,0
1457,`` اکو انکا '' کو سانوما میڈیا (سابقہ ​​سانوما) نے شائع کیا ہے ، جو سانوما میگزینوں کا حصہ ہے۔,`` اکو انکا '' کو سانوما میڈیا (سابقہ ​​سانوما میگزین) نے شائع کیا ہے ، جو سانوما کا حصہ ہے۔,0
1469,راکائی یوگنڈا کا صدر مقام ہے ، جو 1980 کی دہائی کے اوائل میں ، ایڈز کی وبا سے متاثر ہونے والے ضلع راکائی میں مرکز اور پہلا الگ تھا۔,راکائی ضلع راکائی کا صدر مقام ہے ، جو 1980 کی دہائی کے اوائل میں مرکز تھا اور یوگنڈا میں ایڈز کی وبا سے پہلی بار متاثر ہوا تھا۔,0
1473,ایشیائی سرگرمیاں ایبل کا حصہ بن گئیں جبکہ یورپی سرگرمیاں ہانگ کانگ کے کاروباری جوزف وانگ کو فروخت کی گئیں اور اب وہ اسٹیلکس ہولڈنگز کا حصہ ہیں۔,ایشیائی سرگرمیاں ایبل کا حصہ بن گئیں ، جبکہ یورپی سرگرمیاں ہانگ کانگ کے کاروباری جوزف وانگ کو فروخت کی گئیں اور اب اس کا تعلق اسٹیلکس ہولڈنگز سے ہے۔,1
1474,فنڈز بل میلنڈا گیٹس فاؤنڈیشن ، فنانسیر جارج سوروس ، اور ٹکنالوجی کے کاروباری ایڈورڈ ڈبلیو سکاٹ سے آئے ہیں۔,اسٹارٹ اپ فنڈز بل اینڈ میلنڈا گیٹس فاؤنڈیشن ، فنانسیر جارج سوروس ، اور ٹکنالوجی کے کاروباری ایڈورڈ ڈبلیو سکاٹ سے آئے ہیں۔,1
1483,فائنل جنوبی افریقہ کا ایک شہر ہے جو صوبہ موپانی ضلع میونسپلٹی ، لیمپوپو ہے۔,فائنل جنوبی افریقہ کے صوبہ لیمپوپو میں واقع موپانی ضلع میونسپلٹی کا ایک قصبہ ہے۔,0
1486,راشیدی پر الزام نہیں عائد کیا گیا تھا ، لیکن جب مراکش کے حکام نے اسے وطن واپس لایا گیا تھا تو اسے حراست میں لیا گیا تھا۔,راشیدی پر الزام نہیں عائد کیا گیا تھا ، لیکن جب اسے گرفتار کیا گیا تو مراکشی حکام نے اسے وطن واپس لایا تھا۔,0
1491,انہیں 1824 میں سینیکا کاؤنٹی ، 1826 میں ولیمز کاؤنٹی ، اور 1827 میں سینڈوسکی کاؤنٹی کے لئے پراسیکیوشن اٹارنی مقرر کیا گیا تھا۔,انہیں 1824 میں ولیمز کاؤنٹی کے لئے ، 1826 میں سینیکا کاؤنٹی ، اور 1827 میں سینڈوسکی کاؤنٹی کے لئے پراسیکیوٹر مقرر کیا گیا تھا۔,0
1494,جارج ٹاؤن جھیل جارج ٹاؤن اور قریبی شہر راؤنڈ راک کے لئے پینے کے پانی کا ایک ذریعہ بھی ہے۔,جارج ٹاؤن جھیل جارج ٹاؤن اور قریبی شہر راؤنڈ راک کے لئے پینے کے پانی کا ایک ذریعہ بھی ہے۔,1
1496,ہولی موسیقی کے لحاظ سے ایلٹن جان سے متاثر تھا۔,ایلٹن جان ہولی نے موسیقی سے متاثر کیا۔,0
1503,ان کی موت کے وقت ، ڈیوڈ کارڈنل بیٹن اسکاٹ لینڈ کے لارڈ چانسلر ، سینٹ اینڈریوز کے آرک بشپ ، اور اسکاٹ لینڈ میں کارڈنل لیگیٹ تھے۔,ڈیوڈ کارڈنل بیٹن اپنی موت کے وقت اسکاٹ لینڈ کے لارڈ چانسلر تھے ، سینٹ اینڈریوز کے آرچ بشپ اور اسکاٹ لینڈ کے کارڈنل لیگیٹ۔,1
1511,1963 میں کیجیلڈ ڈیچ مین اچانک انتقال کر گئے اور ایریکا نے اسٹوڈیو کو بند کردیا اور برتنوں کو چھوڑ دیا۔,1963 میں کجیلڈ ڈیچ مین اچانک فوت ہوگیا اور ایریکا نے اسٹوڈیو کو بند کردیا اور مٹی کے برتنوں کا فن چھوڑ دیا۔,1
1514,تاہم ، مائیکل جیکسن ، پرنس ، اور میڈونا البم کے اثرات تھے۔,میڈونا ، پرنس اور مائیکل جیکسن ، تاہم ، البم پر اثر انداز تھے۔,1
1515,واحد ٹرام ڈپو میرافلورس میں ہے۔ ٹرمینی سان انتونیو ، اور اورینٹے ہیں۔,واحد ٹرام ڈپو سان انتونیو میں ہے ، ٹرمینی میرافلورز اور اورینٹے ہیں۔,0
1516,انہوں نے پورے شمالی ، وسطی اور جنوبی امریکہ کے ساتھ ساتھ یورپ میں بھی مراقبہ کے مراکز قائم کرنے میں بھی مدد کی۔,انہوں نے پورے یورپ کے ساتھ ساتھ شمالی ، وسطی اور جنوبی امریکہ میں بھی مراقبہ کے مراکز قائم کرنے میں مدد کی۔,0
1517,سری لنکا میں ، چارٹرڈ اکاؤنٹنٹ (سی اے سری لنکا) کا عنوان سری لنکا کے چارٹرڈ اکاؤنٹنٹس کے صرف ممبران ہی استعمال کرسکتے ہیں۔,سی اے میں ، اکاؤنٹنٹ (سری لنکا سری لنکا) کا عنوان صرف سری لنکا میں انسٹی ٹیوٹ آف اکاؤنٹنٹ کے ممبروں کے ذریعہ استعمال کیا جاسکتا ہے۔,0
1519,براؤن نے لوزیانا کے رابرٹ میں سلیمان ایپسکوپل کانفرنس سینٹر بھی تشکیل دیا۔,رابرٹ نے لوزیانا کے براؤن میں سلیمان ایپیسوپل کانفرنس سینٹر کی بنیاد بھی رکھی۔,0
1522,لابیتھل بیئر ہاؤس ایک علاقائی بیئر بریوری ہے ، جس میں جرمن طرز کے اثرات ہیں۔,لابیتھل بیئرہاؤس ایک علاقائی بریوری ہے جس کے انداز پر جرمن اثرات ہیں۔,1
1524,مالیاتی ریگولیٹرز بعض اوقات سیکٹرل ریگولیشن کے ذریعہ اپنے باقاعدہ اداروں کا عالمی نظریہ بانٹتے ہیں۔,سیکٹرل ریگولیشن کے ساتھ ، مالی ریگولیٹرز بعض اوقات اپنے ریگولیٹڈ اداروں کا عالمی نظریہ بانٹتے ہیں۔,1
1532,اپریل 1942 میں ، مونٹاگو سلیٹر انگلینڈ واپس آگیا اور ، واپسی کے فورا بعد ہی ، برٹین سے `` پیٹر گریمز '' کے لئے ان کا لائبریٹسٹ بننے کے لئے کہا۔,اپریل 1942 میں ، برٹین انگلینڈ واپس آئے ، اور واپسی کے فورا. بعد اس نے مونٹاگو سلیٹر سے کہا کہ وہ `` پیٹر گریمز '' کے لئے اس کا لائبریٹسٹ بن جائے۔,0
1534,تین سال بعد اس نے مغربی جرمنی کے لئے ہننکلی میں یورپی چیمپیئنشپ میں اسی مقابلے میں چاندی کا تمغہ جیتا۔,تین سال بعد ، اس نے ہننکلی میں واقع یورپی چیمپیئن شپ میں مغربی جرمنی کے لئے اسی پروگرام میں چاندی کا تمغہ جیتا۔,1
1540,اس بینڈ کی بنیاد ڈن ووڈی ، جارجیا میں 1999 میں رکھی گئی تھی ، جب گٹارسٹ کول الیگزینڈر اور باسسٹ جیرڈ سویلی نے رینیگیڈس چھوڑ دیا تھا ، اور گٹارسٹ بین ایبر بوب نے دوبارہ کام چھوڑ دیا تھا۔,گٹارسٹ بین ایبر بوب اور باسسٹ جیریڈ سویلی کے بعد ، ڈن ووڈی ، جارجیا میں 1999 میں قائم کردہ اس بینڈ نے رینیگیڈس چھوڑ دیا ، اور گٹارسٹ کول الیگزینڈر نے دوبارہ کام چھوڑ دیا۔,0
1542,ان میں سے کچھ کو یہاں بیان کیا گیا ہے اور ان میں سے کچھ ذیل میں `` بیرونی لنکس '' کے تحت جڑے ہوئے ہیں۔,ان میں سے کچھ کو ذیل میں بیان کیا گیا ہے اور ان میں سے کچھ کو یہاں `` بیرونی لنکس 'کے تحت منسلک کیا گیا ہے۔,0
1550,دوسرا ایڈیٹر ہربرٹ ویسلز (2009 سے) ہے ، ایڈیٹر ان چیف مارکس ارمرٹ (2002 سے) ہیں۔,دوسرا ایڈیٹر ہربرٹ ویسلز (2009 سے) ہے ، چیف ایڈیٹر مارکس ارمرٹ (2002 سے) ہیں۔,1
1553,اوکرووسس وینٹرلیس شمالی افریقہ اور یورپ کے کچھ حصوں میں رہنے والے پتے کی چقندر کی ایک قسم ہے۔,اوکرووسس وینٹرلیس یورپ میں پتیوں کی چقندر اور شمالی افریقہ کے کچھ حصوں کی ایک آبائی نسل ہے۔,0
1554,عملے کے کچھ ممبران گولڈن بے میں ہلاک ہوگئے تھے اور دوسرے موری سے کوئی مقامی رابطہ نہیں تھا۔,عملے میں سے کچھ گولڈن بے میں ہلاک ہوگئے تھے اور دیگر ماوری کے ساتھ کوئی مقامی رابطہ نہیں تھا۔,1
1556,ان تینوں پتیوں کی خاندانوں نے ماموں کے خاندان ایم بی او جے کے ساتھ والو کی بادشاہی پر حکمرانی کی۔,ان تینوں زچگی خاندانوں نے والو کی بادشاہی کے ساتھ والو کی بادشاہی پر حکومت کی۔,0
1558,1950 کی دہائی کے اوائل میں ، فیمنگھی نے ایسے کام تخلیق کرنا شروع کردیئے جو خلاصہ آرٹ اور تعمیری فن کے عناصر شامل تھے۔,1950 کی دہائی کے اوائل میں ، فیمنگھی نے ایسے کام تخلیق کرنا شروع کردیئے جو خلاصہ آرٹ تھے ، جس میں تعمیری فن کے عناصر شامل تھے۔,1
1564,پنسلوینیا روٹ 268 پل کے مغربی سرے سے جنوب اور شمال میں ایملٹن تک جاتا ہے۔,پنسلوینیا روٹ 268 پل کے مغربی سرے سے شمال کے پارکر اور جنوب تک ایملٹن تک جاتا ہے۔,0
1566,اس کا نام ، افولابی ، دولت میں پیدا ہوا ہے۔ نائیجیریا میں اس کے عرفی نام کا مطلب ہے اس کی سخت حرکت کی وجہ سے روبوکوپ۔,اس کے نام ، افولابی ، کا مطلب ہے '' دولت پیدا ہوئی `` ، نائیجیریا میں اس کا عرفی نام اس کی سخت حرکتوں کی وجہ سے روبوکوپ ہے۔,0
1567,اپریل 1942 میں ، برٹین انگلینڈ واپس آئے ، اور واپسی کے فورا. بعد اس نے مونٹاگو سلیٹر سے کہا کہ وہ `` پیٹر گریمز '' کے لئے اس کا لائبریٹسٹ بن جائے۔,مونٹاگو سلیٹر اپریل 1942 میں انگلینڈ واپس آئے۔ واپسی کے فورا بعد ہی ، اس نے برٹین سے کہا کہ وہ `` پیٹر گریمز '' کے ل his اس کا لبرٹسٹ بنیں۔,0
1568,وہ پہلے بیرونیٹ ، سر جان لیڈ کے بعد کے بچے پیدا ہوئے تھے ، ان کی والدہ بریور ہنری تھریل کی بہن تھیں۔,وہ سر ہنری تھریل کے بچے کی حیثیت سے پیدا ہوا تھا ، یکم بیرونیٹ ، اس کی والدہ بریور جان لیڈ کی بہن تھیں۔,0
1573,یہ استثناء 2005 اور 2009 کے آخر میں تھا ، جب اس نے کارلسٹاڈ یونائیٹڈ بی کے ، سربیا کے ساتھ ایف سی ٹیرک گروزنی اور روسی ایف کے بورک آک کے ساتھ سویڈن میں کھیلا۔,یہ استثناء 2005 اور 2009 کے آخر میں اس وقت تھا جب اس نے سویڈن میں کارلسٹاڈ یونائیٹڈ بی کے ، سربیا کے ساتھ ایف کے بورک آیاک اور روسی ایف سی ٹیرک گروزنی کے ساتھ کھیلا۔,0
1582,اس واقعہ کو چک تیتھم نے لکھا تھا اور اس کی ہدایت کاری فریڈ سیویج نے کی تھی۔,اس واقعہ کو چک تیتھم نے لکھا تھا اور اس کی سربراہی فریڈ سیویج نے کی تھی۔,1
1584,یہ اجلاس شہر میں مختلف طاقتور یا بااثر مردوکانوں کے مختلف میسینجرز کی آمد سے پرنس کے لئے کھانے کے بہت سے دعوت نامے کے ساتھ رکاوٹ ہے۔,یہ اجلاس شہر میں مختلف طاقتور یا بااثر مردوکانوں کے بہت سے میسینجرز کی آمد سے پرنس کے کھانے کے لئے مختلف دعوت ناموں کے ساتھ رکاوٹ ہے۔,1
1588,بیکسکو ٹیکسٹائل ، بنیادی کیمیکلز ، دواسازی ، جوٹ اور سمندری کھانا تیار کرتا ہے ، اور اس کمپنی میں رئیل اسٹیٹ اور زمین کی ترقی کے مفادات بھی ہیں۔,بیکسکو ٹیکسٹائل ، بنیادی کیمیکل ، دواسازی ، جوٹ اور سمندری کھانے کی اشیاء تیار کرتا ہے۔ کمپنی کے جائداد غیر منقولہ اور زمینی ترقی کے مفادات بھی ہیں۔,1
1591,`` رائڈر کا ڈائجسٹ '' اب ایک ماہانہ میگزین ہے جو دو ورژن کے ساتھ شائع ہوا ہے: دی ریٹیل - ورژن اور 60 - صفحہ مفت ایڈیشن۔,`` رائڈر کا ڈائجسٹ '' اب ایک ماہانہ میگزین ہے جس میں دو ورژن شائع ہوئے ہیں: مفت ایڈیشن ، اور 60 صفحات پرستی کا خوردہ ایڈیشن۔,0
1597,ان کی اہلیہ کلرا سیسبی تھیں ، اور ان کا بیٹا فرینک واٹھے بھی مشہور کمانڈر اور `` سونگ بوک آف فیرینک واٹھے '' کے مصنف بھی تھے۔,ان کی اہلیہ کلرا سیسبی تھیں ، اور ان کا بیٹا فرینک واٹھے بھی مشہور کمانڈر اور `` سونگ بوک آف فیرینک واٹھے '' کے مصنف بھی تھے۔,1
1601,2.5: 1 کا تناسب ملاشی کے کینسر کے مریضوں میں کولوریٹیکل سیل پھیلاؤ کو کم کرتا ہے ، جبکہ 4: 1 کے تناسب کا کوئی اثر نہیں ہوا۔,ایک 2.5: 1 تناسب سے آئتاکار کینسر کے مریضوں میں کولوریٹیکل سیل پھیلاؤ میں کمی واقع ہوئی ہے ، جبکہ 4: 1 تناسب کا کوئی اثر نہیں ہوا۔,0
1603,وہ لندن ، انگلینڈ میں کھڑے چارلس وینڈھم کی پیدائش ہوا تھا اور کیلیفورنیا کے لاس اینجلس میں فوت ہوگیا تھا۔,وہ لندن ، انگلینڈ میں پیدا ہوا تھا ، اور لاس اینجلس ، کیلیفورنیا ، چارلس وینڈھم میں انتقال کر گیا تھا۔,1
1607,برکس کاؤنٹی ، پنسلوینیا ، ریاستہائے متحدہ ، روبسن ٹاؤن شپ میں ایک کمیونٹی ہے۔,برکس کاؤنٹی ، پنسلوینیا ، ریاستہائے متحدہ ، روبسن ٹاؤن شپ میں ایک بستی ہے۔,1
1609,ورمونٹ شمال کی طرف مچم کے ذریعہ ، نوناواڈنگ اور فارسٹ ہل کے مغرب میں ، ورمونٹ کے ذریعہ جنوب میں اور وانٹیرنا اور رنگ ووڈ کے ذریعہ مشرق میں ہے۔,ورمونٹ ساؤتھ شمال کی طرف مچم کے ذریعہ ، مغرب میں نوناواڈنگ اور فارسٹ ہل کے ذریعہ ، ورمونٹ کے جنوب میں اور وانٹیرنا اور رنگ ووڈ کے ذریعہ مشرق میں ہے۔,0
1618,کک تالاب ، جسے جنوبی واٹوپا تالاب کے نام سے بھی جانا جاتا ہے ، لوریل جھیل کے جنوب مشرق میں اور دریائے ٹاونٹن کے مغرب میں واقع ہے۔,کک تالاب ، جو پہلے بھی لوریل لیک کے نام سے جانا جاتا تھا ، دریائے ٹاونٹن کے جنوبی سرے اور جنوبی واٹوپپا تالاب کے مغرب میں واقع ہے۔,0
1619,صرف رونی فیلڈز نے این سی اے اے یا این بی اے میں ایک بھی کھیل نہیں کھیلا۔,رونی فیلڈز نے این بی اے یا این سی اے اے میں ایک بھی کھیل نہیں کھیلا۔,1
1622,ڈنکن میکانٹیئر 6 اکتوبر 1899 کو انگلینڈ کے کینٹ میں کینٹ میں پیدا ہوئے تھے ، کیپٹن ایور ایونگ میکانٹیئر کا بیٹا تھا۔,آئیور ایونگ میکانٹیئر 6 اکتوبر 1899 کو کینٹ ، انگلینڈ میں کینٹ میں کینٹ ڈنکن میکانٹیئر کے بیٹے کی حیثیت سے پیدا ہوئے تھے۔,0
1635,افواہوں میں بھی سانس کی بیماری ہے ، اور جانور کھانے سے انکار کرسکتے ہیں ، سستی ظاہر ہوسکتے ہیں اور اعصابی علامات بھی تیار کرسکتے ہیں۔,افواہوں میں ، سانس کی بیماری بھی موجود ہے ، اور جانور کھانے سے انکار کر سکتے ہیں ، سستی ظاہر ہوسکتے ہیں ، اور اعصابی علامات بھی تیار کرسکتے ہیں۔,1
1637,یہ اسکور کمپوزر موری ییسٹن نے کینساس سٹی بیلے کے آرٹسٹک ڈائریکٹر ولیم وائٹینر کی کوریوگرافی کے ساتھ کیا تھا۔,اسکور کمپوزر ولیم وائٹینر نے کیا تھا ، کنساس 'سٹی بیلے' کے آرٹسٹک ڈائریکٹر موری ییسٹن کی کوریوگرافی کے ساتھ۔,0
1646,1961 میں رائل اوپیرا ہاؤس ، کوونٹ گارڈن ، میں 1961 میں ، جان گیلگڈ نے تیار کیا تھا اور جارج سولٹی کے ذریعہ منعقد کیا گیا تھا۔,`` خواب '' 1961 میں کوونٹ گارڈن کے رائل اوپیرا ہاؤس میں پیش کیا گیا تھا ، جسے جان گیلگڈ نے تیار کیا تھا اور اس کی ہدایتکاری جارج سولٹی نے کی تھی۔,1
1650,22 ستمبر ، 1918 کو اسنوڈونیا کو پہلا وائرلیس ٹیلی گراف پیغام آسٹریلیا سے بھیجا گیا تھا۔,22 ستمبر ، 1918 کو ، آسٹریلیا سے پہلا وائرلیس ٹیلی گراف مواصلات اسنوڈونیا بھیج دیا گیا۔,1
1652,کک تالاب ، جسے جنوبی واٹوپا تالاب کے نام سے بھی جانا جاتا ہے ، لوریل جھیل کے جنوب مشرق میں اور دریائے ٹاونٹن کے مغرب میں واقع ہے۔,ساؤتھ اینڈ میں ، کک تالاب ، جو پہلے جنوبی واٹوپا تالاب کے نام سے بھی جانا جاتا تھا ، لوریل جھیل کے مشرق میں اور دریائے ٹاونٹن کے مغرب میں واقع ہے۔,1
1665,ان کے پاس 13 مقعد نرم ریڑھ کی ہڈی ، 11 سے 13 ڈورسل نرم کرنیں ، 2 ڈورسل ریڑھ کی ہڈی اور 11 سے 13 مقعد کی کرنیں ہیں۔,ان کے پاس 13 ڈورسل ریڑھ کی ہڈی ، 11 سے 13 ڈورسل نرم کرنیں ، 2 مقعد اسپائنز ، اور 11 سے 13 مقعد نرم کرنیں ہیں۔,0
1667,مشترکہ صلاحیت اور کل توانائی کو متحرک توانائی یا `` انرجی پیکیج 'کہا جاتا ہے۔,مشترکہ صلاحیت اور متحرک توانائی کو کل توانائی ، یا `` انرجی پیکیج 'کہا جاتا ہے۔,0
1669,وہ ہمارے لئے دعا کرنے کے لئے موجود تھے ، اور وہ ہم سے لطف اندوز ہونے کے لئے موجود تھے۔,وہ ہمارے لئے دعا کرنے کے لئے موجود تھے اور وہ ہمارے لطف اٹھانے کے لئے موجود تھے۔,1
1672,ابتدائی گھاووں میں بظاہر ایک عام ٹشو ہوتا ہے جو مائکروسکوپک امتحان میں غیر معمولی دکھائی دیتا ہے اور جس میں کینسر اس کے مورفولوجیکل عام ہم منصب سے زیادہ امکان رکھتا ہے۔,ابتدائی گھاووں میں بظاہر ایک عام ٹشو ہوتا ہے جو مائکروسکوپک امتحان کے تحت غیر معمولی دکھائی دیتا ہے ، اور جس میں اس کے مورفولوجیکل عام ہم منصب کے مقابلے میں کینسر ہونے کا زیادہ امکان ہوتا ہے۔,1
1681,`` R. Satarae '' میں سنہری بھوری رنگ کا کوٹ ہے جس میں لمبی ، نرم اور سفید رنگ کے نیچے ہے۔,`` R. Satarae '' میں سنہری بھوری رنگ کا کوٹ ہے جس میں لمبی ، نرم پیٹھ اور سفید رنگ کے نیچے ہے۔,1
1682,یہاں صرف ایک مٹھی بھر ممبران کے ساتھ دو چھوٹے آزاد لیگ باقی ہیں: ہائلینڈ الائنس لیگ اور گرامپین الائنس لیگ۔,دو چھوٹے آزاد لیگ باقی ہیں ، صرف ایک مٹھی بھر ممبران کے ساتھ: گرامپین الائنس لیگ اور ہائی لینڈ الائنس لیگ۔,1
1691,1949 میں مشرقی جرمنی میں 1966 میں ، 1949 میں مغربی جرمنی میں آخری بار ، `` فال بیل '' کا استعمال کیا گیا تھا۔,1949 میں مشرقی جرمنی ، 1966 میں مغربی جرمنی میں 1949 میں آخری بار `` کیس '' استعمال کیا گیا تھا۔,0
1692,اینیٹ امیلیا کرم نے 29 ستمبر 1874 کو سموئیل کرم کی بیٹی برائنٹ سے شادی کی۔ ان کی ایک بیٹی تھی۔,29 ستمبر ، 1874 کو ، اینیٹ امیلیا نے سیموئل کرم کی بیٹی ، کرم برائنٹ سے شادی کی ، اور ان کی ایک بیٹی تھی۔,0
1697,مزید برآں ، چیمپیئن جیک سویگر ، میز اور کوفی کنگسٹن کے مابین ریاستہائے متحدہ امریکہ چیمپینشپ کے لئے ٹرپل دھمکی کا میچ تھا۔,اس کے بعد چیمپیئن کوفی کنگسٹن ، دی میز اور جیک سویگر کے مابین ریاستہائے متحدہ چیمپینشپ کے لئے ٹرپل دھمکی کا میچ تھا۔,0
1700,یہ گانا ایک ٹیلی ویژن سیریز ایف ایکس نیٹ ورک ، `` سنز آف انارکی '' کے دوسرے سیزن کے لئے چھٹے پرومو میں پیش کیا گیا تھا۔,یہ گانا ایک ایف ایکس نیٹ ورک ٹیلی ویژن سیریز `` سنز آف انارکی '' کے دوسرے سیزن کے لئے چھٹے پرومو میں پیش کیا گیا تھا۔,1
1702,انہوں نے اپنے کیریئر کے شروع میں آسٹریلیا میں کھیلا لیکن وکٹورین اسٹیٹ لیگ میں فرینکسٹن سٹی کے لئے کھیلنے کے لئے اسکاٹ لینڈ چلا گیا۔,انہوں نے اپنے کیریئر کے شروع میں اسکاٹ لینڈ میں کھیلا ، لیکن فرینکسٹن سٹی کے لئے وکٹورین اسٹیٹ لیگ میں کھیلنے کے لئے آسٹریلیا چلا گیا۔,0
1707,تازہ ترین ٹریک `` ہر صبح '' پہلے ٹریک `` مارننگ '' کا صوتی گٹار ورژن ہے۔,آخری ٹریک ، `` ہر صبح '' پہلے ٹریک `` مارننگ '' کا صوتی گٹار ورژن ہے۔,1
1709,گریٹڈ برش ٹرکی یا براؤن - کالریڈ برش ٹورکی (`` تالگالا جوبینسیس '') میگاپوڈیڈی خاندان میں پرندوں کی ایک قسم ہے۔,کولیریڈ برش ٹرکی یا براؤن کالرڈ برش ٹرکی (`` تالیگالا جوبینسیس '') میگاپوڈیڈی کے خاندان میں پرندوں کی ایک قسم ہے۔,1
1713,ڈنکن میکانٹیئر 6 اکتوبر 1899 کو انگلینڈ کے کینٹ میں کینٹ میں پیدا ہوئے تھے ، کیپٹن ایور ایونگ میکانٹیئر کا بیٹا تھا۔,ایور ایونگ میکانٹیئر 6 اکتوبر 1899 کو کینٹ ، انگلینڈ میں ، کیپٹن ڈنکن میکانٹیئر کے بیٹے میں پیدا ہوئے تھے۔,0
1717,46 ویں راکٹ ڈویژن کی تاریخ 29 اپریل 1941 سے شروع ہوگی ، جب 188 ویں رائفل ڈویژن کی تشکیل کوناس میں مکمل ہوئی۔,46 ویں راکٹ ڈویژن کی تاریخ 29 اپریل 1941 کو شروع ہوگی ، جب 188 ویں رائفل ڈویژن کی تشکیل کوناس میں مکمل ہوئی۔,1
1721,وہٹلام ، جنہوں نے دسمبر 1975 کے وفاقی انتخابات میں لینڈ سلائیڈنگ میں میلکم فریزر کو شکست دی تھی ، نے ٹریڈ یونین کی تحریک کی خدمت کے لئے ایجرٹن کو نائٹ ہڈ کی پیش کش کی۔,وہٹلام ، جنہوں نے دسمبر 1975 میں وفاقی انتخابات میں لینڈ سلائیڈنگ میں میلکم فریزر کو شکست دی تھی ، نے ٹریڈ یونین کی تحریک کی خدمات انجام دینے کے لئے ایجرٹن کو نائٹ ہڈ کی پیش کش کی۔,1
1724,ان خطوں کو بالترتیب 56 اور 96 کی درجہ بندی کے ساتھ ، معمولی رہائش گاہوں کے لئے ناقص سمجھا جاتا ہے۔,ان سائٹوں کو بالترتیب 56 اور 96 کی درجہ بندی کے ساتھ ناقص رہائش گاہوں کے لئے پردیی خطے سمجھا جاتا ہے۔,0
1725,جوکی کے پاس کوئی متحرک حصے نہیں ، کوئی کارکس نہیں ہے جو پہن سکتا ہے ، یا اسپرنگس جو ٹوٹ سکتا ہے۔,جوکی کے کوئی متحرک حصے نہیں ، کوئی کارکس نہیں ہے جو ٹوٹ سکتا ہے ، یا اسپرنگس جو پہنا جاسکتا ہے۔,0
1727,نئی ٹی وی سیریز میں '' مردہ خوبصورت '' میں ہیزل نے سب سے کم عمر بہن الیگزینڈرا کاپینگر کا کردار ادا کیا۔,الیگزینڈرا کوپنجر نے نئی ٹی وی سیریز '' ڈیڈ خوبصورت '' میں سب سے کم عمر بہن ہیزل کا کردار ادا کیا۔,0
1729,لچکدار امکانی نظام کے اجزاء مکینیکل توانائی کو ذخیرہ کرتے ہیں اگر وہ فورسز پر لاگو ہونے پر سسٹم میں خراب ہوجاتے ہیں۔,مکینیکل سسٹمز کے اجزاء لچکدار امکانی توانائی کو ذخیرہ کرتے ہیں اگر ان کی افواج کا اطلاق ہوتا ہے تو وہ نظام پر خراب ہوجاتے ہیں۔,0
1730,اوکرووسس وینٹرلیس یورپ میں پتیوں کی چقندر اور شمالی افریقہ کے کچھ حصوں کی ایک آبائی نسل ہے۔,اوکرووسس وینٹرلیس پتیوں کی چقندر کی ایک قسم ہے جو یورپ اور شمالی افریقہ کے کچھ حصوں سے ہے,1
1733,یہ سیزن 6 جنوری 1984 کو فالون ، سویڈن میں شروع ہوا ، اور 11 مارچ 1984 کو ناروے کے شہر لیگنا میں ختم ہوا۔,اس سیزن کا آغاز 6 جنوری 1984 کو فالون ، سویڈن میں ہوا ، اور 11 مارچ 1984 کو ناروے کے شہر لیگنا میں ختم ہوا۔,1
1740,ڈی رائٹر ، جو لیڈن میں پیدا ہوئے تھے ، ایف سی اتریچٹ ، ایف سی ڈین بوش ، ایکسلسیئر ، آر کے سی والواجک اور ایف سی ایمن کے لئے کھیلے۔,لیڈن میں پیدا ہوئے ، ڈی رائٹر نے ایف سی اتریچٹ ، ایف سی ڈین بوش ، ایکسلسیئر ، آر کے سی والواجک اور ایف سی ایمن کے لئے کھیلا ہے۔,1
1749,دوسرے حرفی ڈھانچے V ، CV ، یا CCV ہیں جہاں ممکنہ طور پر تضاد ہے۔,ممکنہ حرفی ڈھانچے V ، CV یا CCV ہیں ، جبکہ دوسرا ضمیر ہے۔,0
1750,مصور/ناول نگار پال بولس نے 1950 میں سیڈی کاسم میں ایک تہوار میں امریکی مصنف برائن گیسن کے ساتھ اس علاقے سے پہلی بار موسیقی سنی۔,پول بولس نے امریکی مصنف برائن گیسن کے ساتھ مل کر 1950 میں سیڈی کاسم کے ایک تہوار میں اس علاقے سے موسیقی سنی۔,0
1751,فیرل جبرئیل کے ہیکس کے ساتھ مقابلہ کرتے ہیں ، جبکہ میک کلین نے اپنے مردوں کو ختم کیا۔,فیرل نے گیبریل کے ہیکس کا مقابلہ کیا ، جبکہ میک کلین نے اپنے جوانوں کو ختم کردیا۔,1
1753,یہ جنوبی جزیرے کے بیشتر حصے میں اور مغربی لینڈ سے لے کر وسطی جزیرے میں جزیرہ نما وسطی میں پایا جاتا ہے۔,یہ شمالی جزیرے کے بیشتر حصے اور جزیرہ نما بینکوں سے جنوبی جزیرے پر وسطی ویسٹ لینڈ تک پایا جاتا ہے۔,0
1760,اسف خاندان (جسے بنو اسف بھی کہا جاتا ہے) ایک سنی مسلمان اور نسلی ترکمن خاندان تھے جو کیسروان کے ماؤنٹ لبنان کے علاقے میں مقیم سرداروں کا تھے۔,اسف خاندان (جسے بنو اسف بھی کہا جاتا ہے) ایک سنی مسلمان اور نسلی تھا - لبنان کے کیسروان خطے میں واقع سرداروں کی ترکمن خاندان - پہاڑی۔,0
1762,سنگل کو 12 اکتوبر ، 2012 کو اٹلی میں ریڈیو ایئر پلے پر جاری کیا گیا تھا ، اور اسے 3 دسمبر 2012 کو دنیا بھر میں بھیج دیا گیا تھا۔,سنگل کو 12 اکتوبر ، 2012 کو اٹلی میں ریڈیو ایئر پلے میں جاری کیا گیا تھا اور اسے 3 دسمبر 2012 کو دنیا بھر میں بھیجا گیا تھا۔,1
1764,آکٹویس وار مالیٹ کی دوسری بیٹی ، ایلس انا کیتھرین نے 24 جون 1852 کو کولون میں برطانوی قونصل خانے میں تھامس سے شادی کی۔,اوکٹیوس واری مالیٹ کی دوسری بیٹی ، ایلس انا کیتھرین نے 24 جون 1852 کو برطانوی قونصل خانے ، کولون میں تھامس سے شادی کی۔,1
1769,پروبوچینم ٹینیرم ایک قسم کا سمندری سست ہے ، بوکینیڈی فیملی میں ایک حقیقی گیسٹروپڈ مولسک ، پہیے والی سمندری۔,پروبوچینم ٹینیرم سمندری سست کی ایک قسم ہے ، جو فیملی بوکینیڈی ، سمندری پہیے میں ایک حقیقی گیسٹروپڈ مولسک ہے۔,1
1773,ڈیوڈ ڈیوڈ گوڈون کی نمائندگی ڈی جی اے ایسوسی ایٹس میں ایما ٹاؤنشینڈ نے کی ہے۔,ڈیوڈ گوڈون کی نمائندگی ڈی جی اے ایسوسی ایٹس میں ایما ٹاؤنشینڈ نے کی ہے۔,1
1775,انہوں نے مِٹ رومنی کو 34،000 امریکی ڈالر اور ٹیڈ کروز کو 7،000 امریکی ڈالر کا عطیہ بھی کیا ، جس میں ان کی 2016 کی صدارتی مہم بھی شامل ہے۔,انہوں نے ٹیڈ کروز کو ، 000 34،000 اور 7،000 امریکی ڈالر مِٹ رومنی کو بھی عطیہ کیا ، جس میں ان کی 2016 کی صدارتی مہم بھی شامل ہے۔,0
1776,سادہ میڈیم کو تعدد کے فارمولے _ 2 اور فارمولا _ 3 میں جذب اور اخراج کے موثر کراس سیکشن کے ساتھ نمایاں کیا جاسکتا ہے۔,تعدد فارمولا 2 اور فارمولا 3 میں جذب اور اخراج کے موثر کراس سیکشن کی طرف سے سادہ میڈیم کی خصوصیات ہوسکتی ہے۔,1
1779,ہل ٹاؤن کی نسل 93 ٪ بنیادی طور پر سفید ، 3 ٪ چینی اور 1 ٪ ایشین ہیں۔,ہل ٹاؤن کی نسل بنیادی طور پر 93 ٪ پر سفید ہے۔ 3 ٪ ایشین اور 1 ٪ چینی ہیں۔,0
1781,ڈی رائٹر ، جو لیڈن میں پیدا ہوئے تھے ، ایف سی اتریچٹ ، ایف سی ڈین بوش ، ایکسلسیئر ، آر کے سی والواجک اور ایف سی ایمن کے لئے کھیلے۔,لیڈن میں پیدا ہوئے ، ڈی رائٹر نے آر کے سی والواجک ، ایف سی ڈین بوش ، ایکسلسیئر ، ایف سی اتریچٹ اور ایف سی ایمن کے لئے کھیلا ہے۔,1
1782,ریاضی کے آپریٹرز کی اولیت کو تنقید کا نشانہ بنایا گیا ہے ، تصوراتی طور پر اور 'بٹ ویز منطقی آپریٹرز ہیں جیسے اور +۔,ریاضی کے آپریٹرز کی فوقیت کو تنقید کا نشانہ بنایا گیا ہے۔ تصوراتی طور پر ، اور اور BITISE منطقی آپریٹرز جیسے اور + ہیں۔,1
1783,1974 میں ، اقوام متحدہ ، ایشین ڈویلپمنٹ بینک اور ورلڈ بینک کے تعاون سے ، لاؤ پی ڈی آر نے اسٹیج II فنڈ کی بنیاد رکھی۔,ورلڈ بینک ، اقوام متحدہ ، اور ایشین ڈویلپمنٹ بینک کی حمایت سے ، لاؤ پی ڈی آر نے 1974 میں اسٹیج II فنڈ کی بنیاد رکھی۔,1
1788,دوسری سیریز کو ناقدین نے پہلے سے بہتر ریکارڈ کیا۔,پہلی سیریز ناقدین نے دوسرے سے بہتر ریکارڈ کی تھی۔,0
1801,1949 میں مشرقی جرمنی میں 1966 میں ، 1949 میں مغربی جرمنی میں آخری بار ، `` فال بیل '' کا استعمال کیا گیا تھا۔,1949 میں مغربی جرمنی میں 1966 میں ، 1949 میں مشرقی جرمنی میں آخری بار `` فالبیل 'کا استعمال کیا گیا تھا۔,0
1803,سیڈونا سے پورٹ لنکن تک جزیرہ نما آئیر پر ایک الگ تھلگ تنگ گیج ریلوے بھی موجود ہے۔,پورٹ لنکن سے سیڈونا تک جزیرہ نما آئیر پر ایک الگ تھلگ تنگ گیج ریلوے بھی موجود ہے۔,0
1807,ویبسٹر گروس سٹی کونسل میں کونسل کے ممبران ڈیبی سیلبرگ ، کیتھی ہارٹ ، گریگ مولر ، کین برنس ، ٹونی ہنٹ ، اور این ٹولن شامل تھے۔,ویبسٹر گروس سٹی کونسل میں کونسلرز گریگ مولر ، کین برنز ، کیتھی ہارٹ ، ڈیبی سالبرگ ، ٹونی ہنٹ اور این ٹولن شامل تھے۔,1
1810,اس گروپ نے بڑے پیمانے پر کھیلا اور اسرائیل میں مشہور ہوا ، اور یہاں تک کہ 2007 میں نیو یارک شہر میں بھی گیا۔,اس گروپ نے بڑے پیمانے پر دورہ کیا اور اسرائیل میں مشہور ہوا ، یہاں تک کہ 2007 میں نیو یارک شہر میں کھیل رہا تھا۔,0
1811,ایلٹن جان ہولی نے موسیقی سے متاثر کیا۔,ایلٹن جان موسیقی کے لحاظ سے ہولی سے متاثر تھا۔,1
1812,انہوں نے بلی ایکسٹین کے بینڈ کے ساتھ ریکارڈ کیا اور 1946 میں ، انہوں نے لیونل ہیمپٹن بینڈ کے ساتھ کھیلا۔,انہوں نے لیونل ہیمپٹن کے بینڈ کے ساتھ کھیلا اور 1946 میں انہوں نے بینڈ بلی ایکسٹائن کے ساتھ ریکارڈ کیا۔,0
1814,ان کی موسیقی کو بہت سے لوگوں نے ریپ میٹل اور صنعتی دھات کے اثرات کے ساتھ متبادل دھات کے طور پر سمجھا ہے۔ پچھلے انٹرویوز کے مطابق ، وہ خود کو `` قتل راک '' سمجھتے ہیں۔,ان کی موسیقی کو بہت سے لوگوں نے ریپ میٹل اور صنعتی دھات کے اثرات کے ساتھ متبادل دھات کے طور پر سمجھا ہے ، جو پچھلے انٹرویوز کے مطابق خود کو '' قتل - راک `کہتے ہیں۔,1
1816,سر رابرٹ کا بیٹا انتھونی گلوسٹر شائر کے ہاکسبری کے پہلے جینکنسن بیرونٹ کے پہلے باپ تھے۔,سر رابرٹ ، بیٹے انتھونی انتھونی ، ہاکسبری ، گلوسٹر شائر کے پہلے جینکنسن بیرونٹ کے والد تھے۔,0
1818,چاندلر نے کمپیوٹر کو سیکھنے کے ایک آلے کے طور پر دیکھا ، لیکن اس نے ایک غالب مقصدیت کو مسترد کردیا جس نے ڈیٹا کو معلومات اور معلومات کو علم کے طور پر تسلیم کیا۔,چاندلر نے کمپیوٹر کو سیکھنے کے ایک آلے کے طور پر پہچان لیا ، لیکن اس نے ایک مروجہ مقصدیت کو مسترد کردیا ، جس نے اعداد و شمار کو معلومات اور معلومات کو علم کے طور پر دیکھا۔,0
1820,اس کے بعد یہ دریائے واشیٹا کے جھیل ٹیکسوما کے بازو کے اوپر سے گزرتا ہے۔,پھر یہ دریائے واشیٹا کے جھیل ٹیکسوما بازو کو عبور کرتا ہے۔,1
1826,جارج ٹاؤن جھیل جارج ٹاؤن اور قریبی شہر راؤنڈ راک کے لئے پینے کے پانی کا ایک ذریعہ بھی ہے۔,جارج ٹاؤن جھیل جارج ٹاؤن اور قریبی شہر راؤنڈ راک کے لئے پینے کے پانی کا ذریعہ بھی ہے۔,0
1832,مندرجہ ذیل جدول میں LOD- کیپ ایبل رینڈرنگ کی کارکردگی اور ایک مکمل تفصیل کا طریقہ (`` brute - فورس '') کا موازنہ کیا گیا ہے۔,مندرجہ ذیل جدول میں ایل او ڈی واقف رینڈرنگ اور ایک مکمل تفصیل (`` بروٹ فورس '') کے طریقہ کار کی کارکردگی کا موازنہ کیا گیا ہے۔,1
1834,وولری گروپ کا تھاین ، میلان اور اس کے تجارتی انتظامیہ اور اٹلی میں اس کے تجارتی انتظامیہ اور چارٹر مینجمنٹ میں ہیڈ آفس ہے۔,وولیئر گروپ کا ہیڈ آفس تھائن ، میلان اور اٹلی میں اس کے تجارتی انتظام اور چارٹر مینجمنٹ میں تھا۔,1
1838,وہ اس رات ٹیکمسہ کے مغرب میں واقع اسٹیشن کی طرف لوٹتا ، پھر اس سے پہلے کہ اس کے پڑوسیوں کو مشکوک ہونے سے پہلے کسی دوسرے گھوڑے کے ساتھ وایلیٹ اسپرنگس پر سوار ہو۔,وہ اس رات ، ٹیکمسہ کے مغرب میں اسٹیشن جاتا ، اور پھر اس سے پہلے کہ اس کے پڑوسیوں کو مشکوک ہوسکتا ہے اس سے پہلے کسی دوسرے گھوڑے کے ساتھ وایلیٹ اسپرنگس میں واپس آجائے گا۔,0
1839,گیرکان ٹیگا ڈیرہ کے نئے رہنما سرجیئو بن گئے ، جو پیکالونگن کا مرکزی ریجنٹ بن گئے۔,`` جیرکان ٹگا ڈیرہ '' کے مرکزی رہنما سرجیئو تھے ، جو پیکالونگن کا نیا ریجنٹ بن گئے۔,0
1840,25 جون ، 1866 کو ، وہ لائسیا میں `` نیسا کا ٹائٹلر بشپ ، اور ویلتری کے بشپ مقرر ہوئے۔,انہیں 25 جون 1866 کو لیسیا میں `` نسا '' اور ویلتری کے ٹائٹلر بشپ کے معاون بشپ کے طور پر مقرر کیا گیا تھا۔,0
1842,چیر اور ایم سی اے لیبل تھے جن کے ساتھ 1970 کی دہائی میں کیپ کو زیادہ کامیابی ملی تھی اور وہ 1974 تک ان کے ساتھ رہے۔,کیپ اور ایم سی اے لیبل تھے جن کے ساتھ چیر کو ستر کی دہائی میں زیادہ کامیابی ملی تھی اور وہ 1974 تک ان کے ساتھ رہی۔,0
1844,یہ بات بھی قابل غور ہے کہ مندرجہ ذیل کوڈ ADL کے بغیر کام کرے گا (یہ بہرحال اس پر لاگو ہوتا ہے)۔,یہ بات بھی قابل غور ہے کہ مندرجہ ذیل کوڈ ADL کے بغیر کام کرے گا (اس کا اطلاق ویسے بھی اس پر ہوگا)۔,1
1846,وہ سائبر کنیکٹ 2 کے ذریعہ تیار کیے گئے تھے اور نمکو بانڈائی کے ذریعہ شائع کیا گیا تھا جس کا آغاز 2005 میں `` نارٹو: الٹیمیٹ ننجا '' سے ہوا تھا۔,وہ سائبر کنیکٹ 2 کے ذریعہ تیار کیے گئے تھے اور نمکو بانڈائی نے 2005 میں شروع کیا تھا `` ناروٹو: الٹیمیٹ ننجا '' کے ساتھ شروع کیا گیا تھا۔,1
1848,جان ملٹن نے شیکسپیئر سے مراد کیا ہے اور انجیلا وارن `` کوموس '' کے حوالے سے: '' شیشے ، ٹھنڈی ، ہلکی منتقلی کی لہر `` کے تحت۔,انجیلہ وارن سے مراد شیکسپیئر ہے اور جان ملٹن کے `` کوموس '' کے حوالے سے: `` شیشے ، ٹھنڈی ، پارباسی لہر کے تحت ''۔,0
1852,الیکس ایک اطالوی ٹیلی ویژن سیریز ہے۔ یہ سلسلہ الفریڈو کاسٹیلی ، گوگیلیمو ڈوکولی اور جیورجیو سکاٹلر نے لکھا تھا اور ویڈیو ٹائم کے ذریعہ تیار کیا گیا تھا۔,اطالوی ٹیلی ویژن سیریز الیکس الفریڈو کاسٹیلی ، گوگیلیمو ڈوکولی اور جیورجیو سکاٹلر نے لکھا تھا اور ویڈیو ٹائم کے ذریعہ تیار کیا گیا تھا۔,1
1854,الپس کے شمال میں آسٹریا تک جرمنی کے نام `` ونوتھیک '' اور جرمنی سے آسٹریا تک پھیل گیا۔,انوچے الپس کے شمال میں آسٹریا میں جرمنی کے نام `` ونوتھیک '' اور جرمنی سے آسٹریا تک پھیل چکے ہیں۔,1
1855,مہاراج گنج ہندوستانی ریاست بہار کے ضلع سیوان میں ایک اسمبلی حلقہ ہے۔,سیوان ہندوستانی ریاست بہار کے مہاراج گنج ضلع میں ایک اسمبلی حلقہ ہے۔,0
1856,اسمارٹاس ایک فلم ہے جس کی ہدایتکاری جینا سربو نے کی تھی اور اس میں جوی کنگ اداکاری کی گئی ہے۔,اسمارٹاس جینا سربو اور جوی کنگ کی ایک فلم ہے۔,1
1857,مشن کے دوران 65 فوجی ہلاک ہوگئے ہیں: 34 نائجیریائی ، 28 چاڈین ، 2 ٹوگولیس اور 1 برکینبی۔,اس مشن کے دوران ، 65 فوجی ہلاک ہوئے: 34 نائجیریائی ، 28 چیڈین ، 2 ٹوگولیس اور 1 برکینبی۔,1
1859,`` پتہ لگانے لامحدود '' میں ، جارجیٹ ہیئر کے لکھے ہوئے ایک اسرار ناول میں ، ایک کردار کا موازنہ آرمسٹرونگ سے کیا جاتا ہے۔,آرمسٹرونگ کے لکھے ہوئے ایک اسرار ناول میں ، `` پتہ لگانے لامحدود '' میں ، ایک کردار کا موازنہ جارجیٹ ہیئر سے کیا جاتا ہے۔,0
1860,چیربرگ کے زوال کی وجہ سے آخری عناصر ضائع ہونے کے ساتھ ہی ڈویژن کو نارمنڈی میں جنگ میں تباہ کردیا گیا تھا۔,چیربرگ کے زوال میں اس کے آخری عناصر ضائع ہونے کے ساتھ ہی اس ڈویژن کو نارمنڈی کی لڑائی میں تباہ کردیا گیا تھا۔,1
1870,ویمپتی چنینا ستیام (15 اکتوبر 1929 - 29 جولائی 2012) کوچیپوڈی ڈانسر اور ہندوستانی رقص کا گرو تھا۔,ویمپتی چنینا ستیام (15 اکتوبر ، 1929 - 29 جولائی ، 2012) کوچیپوڈی ڈانسر اور ہندوستانی ڈانس فارم کا گرو تھا۔,1
1871,ماس é نیو یارک کے ویسٹ چیسٹر کاؤنٹی میں پیدا ہوا تھا ، ہالینڈ ، مشی گن میں پلا بڑھا تھا اور وہ یورپ میں جوانی کے دوران رہتا تھا۔,ماس é ہالینڈ ، مشی گن میں پیدا ہوا تھا ، اور وہ نیو یارک کے ویسٹ چیسٹر کاؤنٹی میں پلا بڑھا تھا ، اور جوانی کے دوران یورپ میں رہتا تھا۔,0
1873,ایک ملٹی ویرسی آفاقی نوعیت اور اسی طرح کے درجہ بندی کے ساتھ متبادل کائنات کا ایک مجموعہ ہے۔,ایک ملٹی ویرس متبادل کائنات کا ایک مجموعہ ہے جس میں اسی طرح کی نوعیت اور ایک عالمگیر درجہ بندی ہے۔,0
1876,دریائے جیدانول دریائے جیول ڈی بنیان ، رومانیہ کی ایک آبدھی ہے۔,جیول ڈی ویسٹ ندی رومانیہ میں دریائے جیدانول کی ایک معاون ہے۔,0
1877,لندن میں مقیم ایک زیرزمین آزادانہ طور پر تیار کردہ الیکٹرانک میوزک میگزین تھا ، جس میں برطانوی میوزک اور بلیک میوزک کی مختلف شکلوں کا احاطہ کیا گیا تھا۔,شوک لندن میں واقع ایک برطانوی میوزک میگزین تھا جس میں کالی میوزک اور الیکٹرانک میوزک کی مختلف شکلوں کا احاطہ کیا گیا تھا۔,0
1887,انجن کا وزن ہے اور 54 انچ لمبا ، 29 انچ چوڑا اور 41 انچ اونچا ہے۔,انجن کا وزن ہے اور 54 انچ ، 29 انچ چوڑا اور 41 انچ لمبا ہے۔,0
1891,1977 میں ، نائی نے آبشاروں پر چڑھنے کے لئے روب ٹیلر کے ساتھ اسکاٹ لینڈ اور ناروے کا سفر کیا۔,1977 میں ، روب ٹیلر آبشاروں پر چڑھنے کے لئے اسکاٹ لینڈ اور ناروے کے ساتھ حجام کا سفر کیا۔,0
1894,باسی لینڈ 1964 کا اسٹوڈیو البم ہے جو بلی بائیرز اور اس کے آرکسٹرا کا ، میوزک باسی کے ذریعہ تیار کردہ اور ترتیب دیا گیا ہے۔,باس بسی لینڈ کاؤنٹ باسی اور ان کے 1964 کے آرکسٹرا کا ایک اسٹوڈیو البم ہے ، جس کی موسیقی بلی بائیرز نے تیار کی تھی اور اس کا اہتمام کیا تھا۔,0
1897,ایک طے شدہ پیمائش کے قابل فنکشن فارمولا 18 کے لئے ، فارمولا 19 ایک درمیانے متغیر ہے جس میں بے ترتیب فارمولا 20 اور تغیر فارمولا 21 ہے۔,ایک طے شدہ پیمائش کے قابل فنکشن فارمولا 18 کے لئے ، فارمولا 19 درمیانی فارمولا 20 اور تغیر فارمولا 21 کے ساتھ بے ترتیب متغیر ہے۔,0
1898,"""کائناتی ایکسپلورر"" کو یونیورسل جے جاپان ، یونیورسل میوزک اور پرفیوم ریکارڈز نے 6 اپریل 2016 کو چار مختلف شکلوں میں جاری کیا تھا۔",`` کاسمک ایکسپلورر '' کو 6 اپریل ، 2016 کو یونیورسل میوزک جاپان ، یونیورسل جے ، اور پرفیوم ریکارڈز نے چار مختلف شکلوں میں جاری کیا تھا۔,0
1903,وہ وسکونسن کے میلواکی میں انتقال کر گئے ، جہاں انہوں نے 5 مئی 1903 کو ریٹائر کیا۔,وہ وسکونسن کے میلواکی میں انتقال کر گئے ، جہاں 5 مئی 1903 کو وہ ریٹائر ہوئے۔,1
1907,بیٹکنورٹ نے گٹار کھیلا اور اسے نیو یارک شہر کے سٹرلنگ ساؤنڈ اسٹوڈیوز میں کرس گیہنگر نے مہارت حاصل کی۔,بیٹکنورٹ نے گٹار میں مہارت حاصل کی اور کرس گیرنگر نے اسے نیو یارک شہر کے سٹرلنگ ساؤنڈ اسٹوڈیوز میں کھیلا۔,0
1926,وہ کیلیفورنیا کے شہر تبورون میں پیدا ہوا تھا ، اور وہ نیو یارک کے بروکلین میں انتقال کر گیا تھا۔,یہ کیلیفورنیا کے شہر تبورون میں پیدا ہوا تھا ، اور وہ نیو یارک کے بروکلین میں انتقال کر گیا تھا۔,1
1932,اس کی خدمت کے بعد ، لاک ہارٹ فلوریڈا میں رہتا تھا ، لیکن حال ہی میں ٹیکساس چلا گیا۔,اس کی خدمت کے بعد لاک ہارٹ ٹیکساس میں رہتا تھا لیکن حال ہی میں فلوریڈا چلا گیا۔,0
1935,ڑککن کو صرف مباشرت ناظرین نے ہی ہٹا دیا تھا ، لہذا ان مناظر کو زیادہ مراعات یافتہ ہوسکتا ہے۔,ڑککن کو صرف مراعات یافتہ ناظرین سے ہٹا دیا گیا تھا ، لہذا یہ مناظر زیادہ مباشرت ہوسکتے ہیں۔,0
1939,ہمس میری لینڈ کے بیتیسڈا میں پیدا ہوئے تھے ، اور انہوں نے اپنا بچپن کینیڈا کے ساتھ ساتھ میکسیکو ، نائیجیریا اور مراکش اور چلی سمیت متعدد دیگر ممالک میں بھی گزارا۔,ہمس میکسیکو میں پیدا ہوا تھا اور اس نے اپنا بچپن کینیڈا میں گزارا تھا اور ساتھ ہی ساتھ چلی ، نائیجیریا ، مراکش ، بیتیسڈا اور میری لینڈ سمیت متعدد دیگر ممالک۔,0
1942,2008 - 09 کولوراڈو برفانی تودے کا سیزن فرنچائز کا 37 واں سیزن ، نیشنل ہاکی لیگ میں 14 واں ، اور کولوراڈو برفانی تودے کے طور پر 30 واں تھا۔,سیزن 2008 - 09 کولوراڈو ہمسھلن فرنچائز کا 37 واں سیزن ، نیشنل ہاکی لیگ میں 30 ویں اور کولوراڈو برفانی تودے کے طور پر 14 ویں نمبر پر تھا۔,0
1955,اس سیریز کا آغاز 18 اپریل ، 2009 کو آسٹریلیا میں نکلوڈین (نیوزی لینڈ اور نیوزی لینڈ) پر آسٹریلیا میں ہوا۔,اس سیریز کا آغاز 18 اپریل ، 2009 میں نیکلیڈون (نیوزی لینڈ اور نیوزی لینڈ) پر ہوا۔,1
1956,پیٹلجروی نیشنل پارک فن لینڈ کے شمالی کیریلیا کے علاقے الومانسی کا ایک قومی پارک ہے۔,پیٹیلجروی نیشنل پارک شمالی کیریلیا کے الومانسی خطے میں فن لینڈ کا ایک قومی پارک ہے۔,0
1957,یہ باضابطہ مندروں میں مشق کرنے والے کھانے کی خدمت اور کھانے کا زین انداز ہے۔,یہ زین ہے - رسمی مندروں میں مشق کرنے اور کھانے کا انداز۔,1
1963,5 مارچ ، 2011 کو ، ایم ٹی وی ہیو نے انی روسی کو ایک اسٹریمنگ لنک شائع کیا ، جس میں ریہناس '' روڈ بوائے `` پرفارم کرتے ہوئے۔,5 مارچ ، 2011 کو ، ایم ٹی وی ہیو نے انی روسی کے پرفارم کرنے والی انی روسی کے پرفارم کرتے ہوئے ایک اسٹریمنگ لنک شائع کیا۔,0
1969,گیرکان ٹیگا ڈیرہ کے نئے رہنما سرجیئو تھے ، جو پیکالونگن کا مرکزی ریجنٹ بن گئے تھے۔,گیرکان ٹیگا ڈیرہ کے نئے رہنما سرجیئو تھے ، جو پیکالونگن کا بنیادی ریجنٹ بن گئے تھے۔,1
1976,مارتھا لازاری اکتوبر 1943 میں قبرص میں پیدا ہوا تھا۔ وہ 16 سال کی عمر میں اپنے کنبے کے ساتھ لندن ، برطانیہ میں ہجرت کرگیا۔,مارتھا لازاری اکتوبر 1943 میں لندن میں پیدا ہوئی تھی اور وہ 16 سال کی عمر میں اپنے کنبے کے ساتھ قبرص ہجرت کرچکی ہے۔,0
1979,اپنی مہم کے دوران ، اس نے میک کین پر دو بار ، ایک بار فلیگ اسٹاف میں ، اور ایک بار ٹکسن میں بحث کی۔,اپنی انتخابی مہم کے دوران ، انہوں نے مک کین پر دو بار ، ایک بار ٹکسن میں ، اور ایک بار فلیگ اسٹاف میں بحث کی۔,1
1996,مئی 1983 میں ، برطانیہ کے ایک دورے کا آغاز براہ راست پرفارمنس کے لئے اضافی گٹارسٹ رابن جارج سے ہوا۔,مئی 1983 میں ، برطانیہ کے ایک دورے کا آغاز براہ راست گٹارسٹ رابن جارج کے ساتھ اضافی پرفارمنس کے لئے ہوا۔,0
2001,پراپرٹی منیجر ایک اصطلاح ہے جو برطانیہ میں وسیع پیمانے پر استعمال ہوتا ہے تاکہ سستی سے زیادہ مہنگے رہائش تک نسبتا terms شرائط میں مستقل اختلافات کو بیان کیا جاسکے۔,پراپرٹی مینیجر ایک اصطلاح ہے جو برطانیہ میں وسیع پیمانے پر استعمال ہوتا ہے تاکہ سستی سے زیادہ مہنگے رہائش تک مستقل شرائط میں نسبتا اختلافات کو بیان کیا جاسکے۔,0
2003,جونیئر ڈویژن 1 کے مجموعی فاتحین کو جیمز ڈیلاہنٹ کپ کے ساتھ پیش کیا گیا ہے۔,جونیئر ڈویژن 1 کے فاتحین کو جیمز ڈیلاہنٹ کپ کے ساتھ پیش کیا گیا ہے۔,1
2008,1999 میں البانی مہاجرین کی واپسی سے قبل سربیا کے خاندانوں نے گاؤں سے روانہ کیا۔,1999 میں سربیا کے مہاجرین کی واپسی سے پہلے ، البانی خاندانوں نے اس شہر سے روانہ کیا۔,0
2014,جوکی کے پاس کوئی متحرک حصے نہیں ، کوئی کارکس نہیں ہے جو پہن سکتا ہے ، یا اسپرنگس جو ٹوٹ سکتا ہے۔,جوکی کے کوئی متحرک حصے ، کوئی کارکس نہیں جو ٹوٹ سکتے ہیں ، یا پنکھ جو پہن سکتے ہیں۔,0
2015,یہ 22 دسمبر 2011 کو شائع ہوا تھا اور اس کا اعلان فروری 2012 میں کیا گیا تھا۔,یہ 22 دسمبر 2011 کو رجسٹرڈ تھا اور اسے فروری 2012 میں جاری کیا گیا تھا۔,0
2017,وہ سائبر کنیکٹ 2 کے ذریعہ تیار کیے گئے تھے اور نمکو بانڈائی نے شائع کیا تھا ، جس کا آغاز `` ناروٹو: الٹیمیٹ ننجا '' 2005 سے ہوا تھا۔,ان کو نمکو بانڈائی نے تیار کیا تھا اور سائبر کنیکٹ 2 کے ذریعہ شائع کیا گیا تھا جس کا آغاز 2005 میں `` ناروٹو: الٹیمیٹ ننجا '' سے ہوا تھا۔,0
2018,اس کٹ میں سفید کالر ، نیلے رنگ کے شارٹس اور نیلی موزوں کے ساتھ سبز جرسی پر مشتمل تھا۔,اس کٹ میں سبز رنگ کی جرسی پر مشتمل تھا جس میں سفید کالر ، نیلے رنگ کے شارٹس اور نیلے رنگ کے موزوں تھے۔,1
2021,اس پروگرام میں بوتیک @ ایچ ایس سفیر ، ٹریسا پامر میکالا بانا اور آسٹریلیائی اداکارہ کیلی کلارک نے شرکت کی۔,اس پروگرام میں بوتیک @ ایچ ایس سفیر ، ٹریسا پامر میکالا بانا اور آسٹریلیائی اداکارہ کیلی کلارک نے شرکت کی۔,1
2022,ڈومنڈا سلوا ، جسے ارمادورا لارنس رومیلو ڈومنڈا سلوا اور آر ڈومندھا سلوا کے نام سے بھی جانا جاتا ہے ، وہ سری لنکا کے سیاستدان اور سابقہ ​​ممبر پارلیمنٹ ہیں۔,ارمادورا لارنس رومیلو ڈومنڈا سلوا ، جسے ڈومنڈا سلوا اور آر ڈومندھا سلوا بھی کہا جاتا ہے ، سری لنکا کے سیاستدان اور پارلیمنٹ کے سابق نمائندے ہیں۔,1
2035,یہ 20 ستمبر 1919 کو میلبورن کے ساؤتھ مشرقی ایدتھ ویل کے نواحی علاقے میلبورن کا کام کرتا ہے۔,یہ 20 ستمبر 1919 کو میلبورن کے ساؤتھ مشرقی ایدتھ ویل کے نواحی علاقے میلبورن کی خدمت کرتا ہے۔,1
2039,عملی طور پر ، میسکوائٹ `` ماڈیولز '' جاوا کی کلاسیں ہیں ، عام طور پر ٹھوس طبقاتی تعریفوں کے تجریدی ذیلی طبقات۔,عملی طور پر ، میسکوائٹ `` ماڈیولز '' جاوا - کلاس عام طور پر خلاصہ طبقاتی تعریفوں کے ٹھوس ذیلی طبقات ہوتے ہیں۔,0
2047,11 ستمبر ، 1814 میں جان پیٹر ڈیون نے جان ایڈمز کی پوتی کیرولن اسمتھ سے شادی کی۔,کیرولن اسمتھ نے ستمبر 1814 میں جان ایڈمز کی پوتی جان پیٹر ڈیونت سے شادی کی۔,0
2054,اس طرح کے کھانے میں ، معیاری شراب اکثر استعمال کی جاتی ہے ، عام طور پر شیمپین یا اسی طرح کی چمکتی ہوئی شراب کے ساتھ۔,معیاری شراب عام طور پر اس طرح کے عشائیے میں کھائی جاتی ہے ، اکثر شیمپین یا اسی طرح کی چمکتی ہوئی شراب کے ساتھ کسی نتیجے کے طور پر۔,1
2055,ریاستہائے متحدہ کی مردم شماری بیورو کے مطابق ، کینیسو کا کل سطح کا رقبہ ہے جس میں سے زمین اور ، یا 1.08 ٪ پانی ہے۔,ریاستہائے متحدہ کی مردم شماری بیورو کے مطابق ، کینیسو ایک کل رقبہ ہے جس کا زمین ہے اور 1.08 ٪ پانی ہے۔,1
2058,جو آر کیمپا جونیئر امریکی بحریہ کے سابق نااخت ہیں ، جنہوں نے ریاستہائے متحدہ امریکہ کے بحریہ کے 11 ویں ماسٹر چیف پیٹی آفیسر کی حیثیت سے خدمات انجام دیں۔,جو آر کیمپا جونیئر ریاستہائے متحدہ امریکہ کی بحریہ کے سابق نااخت ہیں ، جنہوں نے امریکی بحریہ کے گیارہویں ماسٹر چیف پیٹی آفیسر کی حیثیت سے خدمات انجام دیں۔,1
2060,آر جے ڈی کے پونم دیوی نے سن 2000 میں دھرمیندر یادو کو جے ڈی یو سے شکست دی تھی۔,آر جے ڈی کے پونم دیوی نے سن 2000 میں جے ڈی یو کی نمائندگی کرتے ہوئے دھرمیندر یادو کو شکست دی۔,1
2063,مارک نولس اور ڈینیئل نیسٹر نے فائنل میں جوناتھن ایرلچ اور اینڈی رام کو 5: 3 ، 5: 4 کے ساتھ شکست دے کر یہ اعزاز حاصل کیا۔,فائنل میں جوناتھن ایرلچ اور اینڈی رام 5 - 3 ، 5 - 4 کو شکست دے کر ، مارک نولس اور ڈینیئل نیسٹر نے یہ اعزاز حاصل کیا۔,1
2069,ٹیری کے ساتھ اوفیلیا اور پورٹیا کے ساتھ اس نے `` ہیملیٹ '' کو زندہ کیا اور `` وینس کا مرچنٹ '' (1879) تیار کیا۔,ٹیری کے طور پر اوفیلیا اور پورٹیا کے ساتھ ، اس نے `` ہیملیٹ '' کو زندہ کیا اور `` وینس کا مرچنٹ '' (1879) تیار کیا۔,1
2073,انہوں نے پورے یورپ کے ساتھ ساتھ شمال ، وسطی اور جنوبی امریکہ میں بھی مراقبہ کے مراکز کے قیام میں مدد کی۔,انہوں نے پورے یورپ کے ساتھ ساتھ شمالی ، وسطی اور جنوبی امریکہ میں بھی مراقبہ کے مراکز کے قیام میں مدد کی۔,1
2074,شاہراہ 18 اکتوبر 1954 کو منسوخ کردی گئی تھی ، جب ایف ایم 1241 میں توسیع کی گئی تھی۔,موٹر وے کو 18 اکتوبر 1954 کو منسوخ کردیا گیا تھا ، جب ایف ایم 1241 میں توسیع کی گئی تھی۔,1
2084,فین ووڈ 22 ویں کانگریس کے ضلع میں واقع ہے اور نیو جرسی کے 12 ویں قانون ساز ضلع کا حصہ ہے۔,فین ووڈ 12 ویں کانگریس کے ضلع میں واقع ہے اور وہ نیو جرسی کے 22 ویں ریاستی قانون ساز ضلع کا حصہ ہے۔,0
2090,`` ٹاونٹن کیسل '' یکم اگست کو ریو ڈی جنیرو میں اور 31 اکتوبر کو پینانگ میں تھا۔,`` ٹاونٹن کیسل '' یکم اگست کو اور 31 اکتوبر کو ریو ڈی جنیرو میں پینانگ میں تھا۔,0
2095,بونی بیڈیلیا کلکن (پیدائش 25 مارچ 1948) ایک امریکی اداکارہ ہیں۔,بونی بیڈیلیا (پیدائش بونی بیڈیلیا کلکن ، 25 مارچ ، 1948) ایک امریکی اداکارہ ہیں۔,0
2097,میڈیون یوگیاکارٹا اور جکارتہ کے مرکزی راستے پر ہے۔,یوگیاکارٹا اور جکارتہ میڈیون کے مرکزی راستے پر واقع ہیں۔,0
2098,سوانا میں اپنے وقت کے دوران ، چارلس سیلسٹین نے ایک اخبار سے یہ سیکھا کہ ان کا بیٹا ، شرمین ، ساوانا مہم کے دوران فوت ہوگیا تھا ، جنرل نے کبھی اس بچے کو نہیں دیکھا تھا۔,سوانا میں رہتے ہوئے ، شرمین نے ایک اخبار سے سیکھا کہ اس کا نوزائیدہ بیٹا چارلس سیلسٹین ساوانا مہم کے دوران فوت ہوگیا تھا۔ جنرل نے کبھی بچے کو نہیں دیکھا تھا۔,0
2110,میکارتھی آکلینڈ میں پیدا ہوئے تھے ، لیکن وہ چار سال کی عمر میں اپنے والدین کے ساتھ کیلیفورنیا کے سان فرانسسکو منتقل ہوگئے تھے۔,میکارتھی آکلینڈ میں پیدا ہوئے تھے ، لیکن وہ چار سال کی عمر میں اپنے والدین کے ساتھ کیلیفورنیا کے سان فرانسسکو چلے گئے تھے۔,1
2113,سکریونر نے اس مخطوطہ کو 12 ویں صدی تک ، سی آر گریگوری کو 13 ویں صدی سے تاریخ قرار دیا۔ فی الحال یہ مخطوطہ INTF کے ذریعہ 12 ویں صدی تک ہے۔,سکریونر اس مخطوطہ کی تاریخ 13 ویں صدی تک ہے ، سی آر گریگوری 12 ویں صدی تک ، اس مخطوطہ کو فی الحال INTF کے ذریعہ 12 ویں صدی کا تاریخ ہے۔,0
2115,نوم پینہ - کمبوڈیا کے دارالحکومت کمبوڈیا میں ویتنام کی دوستی یادگار ، ایک بڑی ٹھوس یادگار ہے جو ویتنام اور کمبوڈیا کے مابین سابقہ ​​اتحاد کو یاد کرتی ہے۔,کمبوڈیا کے دارالحکومت کمبوڈیا میں ویتنام کی دوستی کی یادگار ، ویتنام اور کمبوڈیا کے مابین سابقہ ​​اتحاد کی یاد دلاتے ہوئے ایک بڑی ٹھوس یادگار ہے۔,1
2119,بریورینا شائر میں بریورینا اور گاؤں میں گونگولگون ، اینگلیڈول اور گڈوگا اور گوسٹ ٹاؤن ٹارکون شامل ہیں۔,بریورینا شائر اور گونگولگون ، اینگلیڈول ، گڈوگا اور گوسٹ ٹاؤن ٹارکون کے دیہات۔,0
2131,یکم اگست ، 1699 کو ، بِک اسٹافف نے کرٹن میں اپنی کاپی ہولڈ اراضی سر ولیم بلکٹ کے حوالے کردی جس نے ہال آرگیل کے پہلے ڈیوک ، آرچیبالڈ کیمبل کو فروخت کیا۔,یکم اگست ، 1699 کو ، ولیم بلیٹ نے کرٹن میں اپنی کاپی ہولڈ اراضی سر آرچیبالڈ کیمبل کے حوالے کردی ، جس نے ہال کو یکم ڈیوک آف آرگیل ، بکر اسٹاف کو فروخت کیا۔,0
2145,شیر احمد اکھنڈزادا (جسے شیر محمد اکھنڈزادا بھی کہا جاتا ہے) ایک قبائلی رہنما ہیں جو 2001 سے 2005 تک افغانستان میں ہیلمنڈ کے گورنر تھے۔,شیر احمد اکھنڈزادا (جسے شیر محمد اکھنڈزادا بھی کہا جاتا ہے) ایک قبائلی رہنما ہیں جو 2001 سے 2005 تک افغانستان میں ہلکے ہلکے کے گورنر تھے۔,1
2148,راکائی ضلع راکائی کا صدر مقام ہے ، جو 1980 کی دہائی کے اوائل میں مرکز تھا اور یوگنڈا میں ایڈز کی وبا سے پہلی بار متاثر ہوا تھا۔,راکائی ضلع راکائی کا صدر مقام ہے ، جو 1980 کی دہائی کے اوائل میں ، یوگنڈا میں ایڈز کی وبا سے متاثر ہونے والا مرکز اور پہلا الگ تھا۔,1
2153,اس کا پوتا اداکار الیگزینڈر مولچنف (پیدائش رچرڈ مارنر) تھا۔,اس کا پوتا اداکار رچرڈ مارنر (پیدائش الیگزینڈر مولچنف) تھا۔,0
2155,قومی پارکوں کے علاوہ ، اس علاقے میں دس ریاستی پارکس ، پانچ میونسپل سہولیات ، اور کئی دیگر باغات اور اربیٹمز ہیں۔,میونسپل پارکس کے علاوہ ، اس علاقے میں دس ریاستی پارکس ، پانچ قومی سہولیات اور کئی دیگر باغات اور اربیٹ ہیں۔,0
2156,یہ لکسمبرگ سٹی کے جنوب میں ، مونڈر کین میں مقیم ہے۔,یہ لکسمبرگ میں مقیم ہے - شہر ، مونڈرکانگ کے جنوب میں۔,0
2158,افواہوں میں ، ایک اعصابی بیماری بھی ہے ، اور جانور کھانے سے انکار کر سکتے ہیں ، سستی ظاہر ہوسکتے ہیں اور سانس کے آثار بھی تیار کرسکتے ہیں۔,افواہوں میں بھی سانس کی بیماری ہے ، اور جانور کھانے سے انکار کرسکتے ہیں ، سستی ظاہر ہوسکتے ہیں اور اعصابی علامات بھی تیار کرسکتے ہیں۔,0
2159,بی بی سی کالج آف جرنلزم جون 2005 میں کیون مارش کے ساتھ ایگزیکٹو ایڈیٹر کی حیثیت سے ای لرننگ سیریز کے طور پر کھولا گیا تھا ، جس کا پہلا ڈائریکٹر ون رے تھا۔,جون 2005 میں ، بی بی سی کالج آف جرنلزم کو ای لرننگ سیریز کے طور پر ون رے کے ساتھ ایگزیکٹو ایڈیٹر کی حیثیت سے کھولا گیا ، جس کے پہلے ڈائریکٹر کیون مارش تھے۔,0
2160,جب مضمر منافع پر غور کیا جاتا ہے تو معاشی اخراجات کے ساتھ ساتھ واضح اخراجات کو بھی مدنظر رکھا جاتا ہے۔,جب مضمر منافع پر غور کیا جائے تو ، معاشی اخراجات کے ساتھ ساتھ واضح اخراجات بھی مدنظر رکھے جاتے ہیں۔,1
2161,رامی نیمینن (پیدائش 25 فروری ، 1966) ایک فینیش فٹ بالر ہے۔,رامی نیمینن (پیدائش 25 فروری ، 1966) ایک فینیش فٹ بالر ہے۔,1
2163,پرانگ کو شمال مشرقی تھائی لینڈ کے صوبہ سیساکیٹ کے مغربی حصے میں ایک ضلع (`` امفو '') ہے۔,پرانگ کو شمال مشرقی تھائی لینڈ کے صوبہ سیسکیٹ کے مغربی حصے میں ایک ضلع (`` امفیو '') ہے۔,1
2172,14 ویں ، 16 ویں ، اور 117 ویں لائن میں لڑائی میں دو بٹالین تھیں۔,14 ویں ، 16 ویں اور 117 ویں لائنوں میں ہر ایک لڑائی میں دو بٹالین تھیں۔,1
2190,ماؤنٹ ڈیوو ایک پہاڑ ہے جو وینکوور جزیرے ، برٹش کولمبیا ، کینیڈا ، دریائے سونے کے جنوب مشرق میں اور ریمبلر چوٹی کے جنوب میں واقع ہے۔,ماؤنٹ ڈیوو وینکوور جزیرے ، برٹش کولمبیا ، کینیڈا کا ایک پہاڑ ہے ، جو ریمبلر چوٹی کے جنوب مشرق میں اور دریائے سونے کے جنوب میں ہے۔,0
2192,او ایل ٹی دریائے رومانیہ میں دریائے سیگس کی ایک آب و ہوا ہے۔,دریائے سیگھی ندی رومانیہ میں دریائے اولٹ کی ایک آبدھی ہے۔,0
2198,مونٹریال مونٹریال اسٹارز نے مینیسوٹا وائٹ کیپس (ڈبلیو ڈبلیو ایچ ایل) کے 3 - 1 کو شکست دے کر کلارکسن کپ جیتا۔,مونٹریال اسٹارز نے کلارکسن کپ 3 - 1 مینیسوٹا وائٹ کیپس (ڈبلیو ڈبلیو ایچ ایل) کو شکست دے کر جیتا۔,1
2203,جہاں ستارہ غیر فطری گروپ کی نشاندہی کرتا ہے۔ مزید یہ کہ جب `` G '' محدود ہے تو ، ایک الجبری ڈبل آئسومورفزم ہے۔,جہاں ستارہ الجبری ڈبل گروپ کہتے ہیں ، وہاں ایک غیر فطری isomorphism ہوتا ہے جب `` G '' محدود ہوتا ہے۔,0
2209,ریٹائرمنٹ کے بعد ، وہ کرزیمیئیک میں رہا اور وہیں فوت ہوگیا۔,ریٹائرمنٹ کے بعد ، وہ کرزیمیئیک میں فوت ہوگیا اور وہیں رہا۔,0
2212,یہ بات بھی قابل غور ہے کہ مندرجہ ذیل کوڈ ADL کے بغیر کام کرے گا (اس کا اطلاق ویسے بھی اس پر ہوگا)۔,یہ بات بھی قابل غور ہے کہ مندرجہ ذیل کوڈ ADL کے بغیر کام کرے گا (یہ بہرحال اس پر لاگو ہوتا ہے)۔,1
2213,ایئر لائن کی تشکیل آئرلینڈیا نے کی تھی ، جس نے دیگر پانچ ایئر لائنز ، یعنی ویواکولمبیا ، ریانیر ، الیجینٹ ایئر ، ویوایروبس اور ٹائیگریر بھی تیار کی ہے۔,ایئر لائن کا قیام آئرلینڈیا نے کیا تھا ، جس نے دیگر پانچ ایئر لائنز ، یعنی ویواکولمبیا ، ریانیر ، الیجینٹ ایئر ، ویوایروبس اور ٹائیگریر بھی تیار کیا ہے۔,1
2219,بنگوما کا رومن کیتھولک ڈائیسیس ایک ڈائیسیس ہے جو کینیا کے کلیسیائی صوبے بنگوما میں واقع کسمو شہر میں واقع ہے۔,رومن - بنگوما کا کیتھولک ڈائیسیس کینیا کے چرچ صوبہ بنگوما میں واقع کسمو شہر میں ایک ڈائیسیس ہے۔,1
2226,اتوار کے روز ، گلاسگو کے لئے ایک گھنٹہ خدمت ہے ، لیکن ایڈنبرا اور ڈنبلین کی کوئی خدمت نہیں ہے۔,اتوار کے روز ایڈنبرا اور ڈنبلین کی ایک گھنٹہ خدمت ہے لیکن گلاسگو کی کوئی خدمت نہیں ہے۔,0
2231,بوکینم پلچیلم سمندری سست کی ایک قسم ہے ، بوکینیڈی فیملی میں ایک حقیقی گیسٹروپڈ مولسک ، پہیے والی سمندری۔,بوکینم پلچیلم سمندری سست کی ایک قسم ہے ، بوکینیڈی فیملی میں ایک سمندری گیسٹروپڈ مولوسک ، سچی پہیے سے متعلق اسکرول۔,0
2232,مارٹن ڈام اور رڈیک ایٹپینک نے آخری 6 - 2 ، 6 - 4 میں ، جوناس بیجرک مین اور فیبریس سینٹورو کے خلاف کامیابی حاصل کی۔,فائنل میں 6: 2 ، 6: 4 میں مارٹن ڈام اور رڈیک ایٹپینک نے جوناس بیجرک مین اور فیبریس سینٹورو کے خلاف کامیابی حاصل کی۔,1
2233,وہ 21 دسمبر 1965 کو میری لینڈ کے شہر آکسن ہل میں پیدا ہوا تھا اور اس نے کنیکٹیکٹ کے نیو ہیون کے ہائی اسکول میں تعلیم حاصل کی تھی۔,السٹن 21 دسمبر 1965 کو کنیکٹیکٹ کے نیو ہیون میں پیدا ہوا تھا۔ اس نے میری لینڈ کے آکسن ہل میں آکسن ہل ہائی اسکول میں تعلیم حاصل کی۔,0
2235,پہلی صبح `` ٹریک آخری ٹریک کا صوتی گٹار ورژن ہے '' صبح ``۔,تازہ ترین ٹریک `` ہر صبح '' پہلے ٹریک `` مارننگ '' کا صوتی گٹار ورژن ہے۔,0
2241,انہوں نے اپنے کیریئر کے شروع میں آسٹریلیا میں کھیلا لیکن وکٹورین اسٹیٹ لیگ میں فرینکسٹن سٹی کے لئے کھیلنے کے لئے اسکاٹ لینڈ چلا گیا۔,انہوں نے آسٹریلیا میں اپنے کیریئر کے شروع میں کھیلا ، لیکن وکٹورین اسٹیٹ لیگ میں فرینکسٹن سٹی کے لئے کھیلنے کے لئے اسکاٹ لینڈ چلا گیا۔,1
2242,جب کسی سطح میں صفر کا مستقل گاوسی گھماؤ ہوتا ہے تو ، یہ ایک ترقی پذیر سطح ہے اور سطح کی جیومیٹری ایکلیڈین جیومیٹری ہے۔,جب کسی سطح میں مستقل صفر گاوسی گھماؤ ہوتا ہے ، تو یہ ایک ترقی پذیر سطح ہے اور سطح کی جیومیٹری ایکلیڈین جیومیٹری ہے۔,1
2249,سونی سوری کے ایک عدالت میں اس بیان کے باوجود کہ اسے اپنی حفاظت کا خدشہ ہے ، اسے ڈانٹواڈا میں چھتیس گڑھ اسٹیٹ پولیس کی تحویل میں منتقل کردیا گیا۔,ایک عدالت میں سونی سوری کے اس بیان کے باوجود کہ وہ اپنی حفاظت سے خوفزدہ ہے ، اسے ڈانٹواڈا میں چھتیس گڑھ اسٹیٹ پولیس کی جیل میں منتقل کردیا گیا۔,1
2255,اس کے بعد یہ جھیل ٹیکسوما کے دریائے واشیٹا کے بازو کے اوپر عبور ہوتا ہے۔,یہ اس کے بعد دریائے واشیٹا کے جھیل ٹیکسوما بازو کو عبور کرتا ہے۔,0
2256,کدوا جنوب مشرقی نیپال کے ضلع باڑہ کے نارانی زون میں ایک گاؤں اور گاؤں کی ترقیاتی کمیٹی ہے۔,کدوا جنوب مشرقی نیپال کے ضلع باڑہ میں نارانی زون میں ایک گاؤں اور گاؤں کی ترقیاتی کمیٹی ہے۔,1
2259,سانٹا کروز اسکائی پارک کے اندر سانٹا کروز کاؤنٹی ایک ہوائی اڈہ تھا جو اسکاٹس ویلی ، کیلیفورنیا میں واقع تھا۔,سانٹا کروز کاؤنٹی کے اندر سانٹا کروز اسکائی پارک اسکاٹس ویلی ، کیلیفورنیا میں ایک ہوائی اڈہ تھا۔,0
2262,ان کی چودہ فلموں کے تھیمز کے ساتھ ایک سی ڈی فلپ پاورز نے 2008 میں شائع کی تھی اور اسے 1M1 ریکارڈز نے تیار کیا تھا۔,ان کی 14 فلموں کے تھیمز کی ایک سی ڈی 2008 میں فلپ پاورز نے تیار کی تھی اور اسے 1M1 ریکارڈز نے شائع کیا تھا۔,0
2265,یہ اسکور کمپوزر موری ییسٹن نے کینساس سٹی بیلے کے آرٹسٹک ڈائریکٹر ولیم وائٹینر کی کوریوگرافی کے ساتھ کیا تھا۔,اسکور کمپوزر موری ییسٹن نے کیا تھا ، کنساس سٹی بیلے کے آرٹسٹک ڈائریکٹر ولیم وائٹینر کی کوریوگرافی کے ساتھ۔,1
2268,چک رائنے (اریٹھا فرینکلن اور مارون گیئ کے لئے پہلا باسسٹ) بٹ کے الیکٹرک ڈائریکٹر تھے۔,چک رائنے (اریٹھا فرینکلن اور مارون گیئ کے لئے پہلا باسسٹ) بٹ کے الیکٹرک ڈائریکٹر تھے۔,1
2273,ڈوٹی 1923 میں بوسٹن میں پیدا ہوئے تھے اور 2014 میں گلوسٹر میں فوت ہوگئے تھے۔,ڈوٹی 1923 میں گلوسٹر میں پیدا ہوئے تھے اور 2014 میں بوسٹن میں انتقال کر گئے تھے۔,0
2278,جب اسے کھولا گیا تو ، بی بی سی کے ڈائریکٹر - ٹیلی ویژن ڈیوڈ نکسن اور پہلا پروگرام اسٹوڈیو تھری میں جیرالڈ بیڈل کے ساتھ 'پہلی رات' 'تھا۔,جب اسے کھولا گیا تو بی بی سی - ٹی وی جیرالڈ بیڈل کا ڈائریکٹر تھا ، اور پہلی نشریات '' پہلی رات 'تھی `` اسٹوڈیو تھری میں ڈیوڈ نکسن کے ساتھ۔,0
2283,کسان نے آرمسٹرونگ کو شکست دی - امیدوار ویسلی لوب کو 180 ووٹوں سے شکست دی گئی تھی اور انہیں انتخابات کے بعد عہدے پر برقرار رکھا گیا تھا۔,کسان نے آرمسٹرونگ کے امیدوار ویسلے لوب کو 180 ووٹوں سے شکست دی ، اور انتخابات کے بعد اسے عہدے پر برقرار رکھا گیا۔,1
2284,انہوں نے شیپرٹن ، جیلونگ اور میلبورن میں براہ راست شوز کھیل کر کچھ کامیابی حاصل کی۔,انہوں نے شیپرٹن ، جیلونگ اور میلبورن میں براہ راست شوز کھیل کر کچھ کامیابی حاصل کی۔,1
2289,نیچے دیئے گئے جائزوں میں سرخ رنگ میں شو کے لئے سب سے زیادہ درجہ بندی ہوگی ، اور اس شو کے لئے سب سے کم تشخیص بلیو واقعہ میں ہوگی۔,نیچے دیئے گئے درجہ بندی میں ، شو کے لئے سب سے زیادہ درجہ بندی سرخ ہوگی ، اور شو کی سب سے کم درجہ بندی بلیو واقعہ میں ہوگی۔,1
2297,ان کا انتخاب 1967 کے این بی اے ڈرافٹ کے 7 ویں راؤنڈ (مجموعی طور پر 77 ویں انتخاب) میں فلاڈیلفیا 76ers نے کیا تھا۔,ان کا انتخاب 1967 کے این بی اے ڈرافٹ کے 7 ویں راؤنڈ (مجموعی طور پر 77 ویں چن) میں فلاڈیلفیا 76ers نے کیا تھا۔,1
2298,اسے 28 جنوری 2008 کو برطانیہ میں کونیی ریکارڈنگ کارپوریشن کے ذریعہ اور 18 مارچ 2008 کو ڈومینو ریکارڈز کے ذریعہ ریاستہائے متحدہ میں جاری کیا گیا تھا۔,یہ کونیولر ریکارڈنگ کارپوریشن نے 28 جنوری ، 2008 کو برطانیہ اور ڈومینو ریکارڈز میں 18 مارچ 2008 کو ریاستہائے متحدہ میں شائع کیا تھا۔,1
2299,لونگو نیو جرسی کے شہر بیون میں پیدا ہوا تھا ، اور اس نے جرسی سٹی ، نیو جرسی کے ماریسٹ ہائی اسکول اور روڈ آئلینڈ یونیورسٹی میں تعلیم حاصل کی تھی۔,نیو جرسی کے جرسی سٹی میں پیدا ہوئے ، لونگو نے بیون ، نیو جرسی اور یونیورسٹی آف روڈ آئلینڈ کے ماریسٹ ہائی اسکول میں تعلیم حاصل کی۔,0
2300,جے کلور - ریڈیکل - فضا میں مفت کلورین بھی میتھین کے ساتھ رد عمل کا اظہار کرتی ہے۔,جے کلورین ریڈیکل - ماحول میں مفت کلورین بھی میتھین کے ساتھ رد عمل کا اظہار کرتی ہے۔,1
2302,آخر کار ، `` ویسٹرن ریپبلکن 'میں ، اس نے ایک پیشہ ور نباتات کے ماہر اوہائیو میں بنائے جانے والے پہلے نباتاتی مجموعہ میں سے ایک شائع کیا۔,بالآخر انہوں نے ایک پیشہ ور نباتات کے ماہر اوہائیو میں بنائے گئے پہلے نباتاتی مجموعوں میں سے ایک `` مغربی ریپبلکن `` 'میں شائع کیا۔,1
2303,لی نے اٹلی ، روس ، یونان ، فرانس ، انڈونیشیا اور یونان میں پیشہ ورانہ طور پر کھیلا ہے۔ انہوں نے پورٹو ریکو ، پرتگال اور انڈونیشیا میں قومی چیمپئن شپ جیت لی ہے۔,انہوں نے پیشہ ورانہ طور پر اٹلی ، روس ، یونان ، فرانس ، انڈونیشیا اور یونان میں کھیلا ہے اور پورٹو ریکو ، پرتگال اور انڈونیشیا میں قومی چیمپیئن شپ جیت لی ہے۔,1
2305,30 اپریل 1983 کو ، این اے ایس جیکسن ویل کو تفویض کردہ ایک سی 131 ، کیوبا نے 13 جانوں کے ضیاع کے ساتھ ناس گوانتانامو بے میں گر کر تباہ کیا۔,30 اپریل 1983 کو ، کیوبا کے ناس گوانتانامو بے کے لئے تفویض کردہ ایک سی - 311 ، 13 انسانی جانوں کے نقصان سے ناس جیکسن ویل میں گر کر تباہ ہوا۔,0
2307,دریائے نیجلوف رومانیہ میں دریائے نیہلوول کی ایک آب و ہوا ہے۔,دریائے ناجلوف رومانیہ میں دریائے نجلوول کی ایک آبدھی ہے۔,1
2308,اس پلانٹ میں کچھ طبی خصوصیات ہوسکتی ہیں اور یہ جنوبی ایشیاء اور روایتی چینی طب میں روایتی طب میں استعمال ہوتی رہی ہیں۔,پلانٹ میں کچھ طبی خصوصیات ہوسکتی ہیں اور یہ جنوبی ایشیاء اور روایتی طب میں روایتی چینی طب میں استعمال ہوتی رہی ہیں۔,0
2309,دریائے ملکوف رومانیہ میں دریائے دلکوف کی ایک صحیح آبدھی ہے۔,دریائے ملکوف رومانیہ میں دریائے دلکوف کی ایک ندی ذیلی فوج ہے۔,1
2319,یہ استثناء 2005 اور 2009 کے آخر میں تھا ، جب اس نے سویڈن میں کارلسٹاڈ یونائیٹڈ بی کے ، سربیا کے ساتھ ایف کے بورک آیاک اور روسی ایف سی ٹیرک گروزنی کے ساتھ کھیلا۔,یہ استثناء 2005 اور 2009 کے آخر میں تھا ، جب اس نے کارلسٹاڈ یونائیٹڈ بی کے ، سربیا کے ساتھ ایف سی ٹیرک گروزنی اور روسی ایف کے بورک ااک کے ساتھ سویڈن میں کھیلا۔,0
2322,کیپ ڈان کا نام جارج ڈان نے 1818 میں ، جبرالٹر کے لیفٹیننٹ گورنر جنرل سر فلپ پارکر کنگ کی تعریف کے طور پر کیا تھا۔,کیپ ڈان کا نام 1818 میں فلپ پارکر کنگ نے جبرالٹر کے لیفٹیننٹ گورنر جنرل سر جارج ڈان کی تعریف کے طور پر کیا تھا۔,0
2325,تین سال بعد اس نے مغربی جرمنی کے لئے ہننکلی میں یورپی چیمپیئنشپ میں اسی مقابلے میں چاندی کا تمغہ جیتا۔,تین سال بعد ، اس نے مغربی جرمنی میں یورپی چیمپیئن شپ میں ہننکلی کے لئے اسی پروگرام میں چاندی کا تمغہ جیتا۔,0
2326,انہوں نے البم کے 5 ویں سنگل کے طور پر 13 جون کو البم ، `` وائسز '' پر دوسرا ٹریک بھی جاری کیا۔,انہوں نے 13 جون کو البم کے دوسرے سنگل کی حیثیت سے البم ، `` وائسز '' پر 5 واں ٹریک بھی جاری کیا۔,0
2331,کیبوٹ ٹریل واقعہ کیپ بریٹن میں مقام پر فلمایا گیا تھا ، جس میں مشرقی ساحل کے ساتھ ساتھ پیگیس کوو اور نووا اسکاٹیا کے پہاڑی علاقوں شامل تھے۔,کیبوٹ ٹریل - قسط کو کیپ بریٹن میں سائٹ پر فلمایا گیا تھا ، جس میں مشرقی ساحل کے ساتھ ساتھ پیگیس کوو اور نووا اسکاٹیا کے ہائی لینڈز بھی شامل ہیں۔,1
2332,ونسنٹ گولڈسبورو 3 اکتوبر 1937 کو شکاگو میں پیدا ہوا تھا ، معمار رابرٹ گولڈسبورو اور ولما (جنک) کا بیٹا گولڈسبورو میں تھا۔,رابرٹ گولڈسبورو 3 اکتوبر 1937 کو شکاگو میں رابرٹ ونسنٹ گولڈسبورو اور ولما (جنک) گولڈسبورو آرکیٹیکٹ کے بیٹے کی حیثیت سے پیدا ہوئے تھے۔,0
2333,جوہن لڈویگ جوہن جارج ہولسٹین کا بیٹا تھا ، جو خود ڈینش وزیر اعظم بننے کے لئے تھا ، اور بیلو خاندان کی ایڈا فریڈریک جوچیم۔,جوہن لڈویگ جوہن جارج ہولسٹین کا بیٹا تھا ، جو خود ڈینش وزیر اعظم بنیں گے ، اور بیلو خاندان کی ایڈا فریڈریک جوچیم۔,1
2338,اس کو 1983 میں آرکیٹیکٹس جان برجی (یونیورسٹی سابق طالب علم) اور فلپ جانسن نے ڈیزائن کیا تھا۔,یہ 1983 میں آرکیٹیکٹس فلپ جانسن (یونیورسٹی کے سابق طالب علم) اور جان برجی نے ڈیزائن کیا تھا۔,0
2347,99 ویں نے فوری طور پر ورق آپریشن کی حمایت کی ، جس نے گریناڈا میں اسٹالنسٹ حکومت کو اس کی چالو کرنے کے فورا بعد ہی تبدیل کردیا۔,اس کی چالو کرنے کے فورا بعد ہی ، 99 ویں نے آپریشن ارجنٹ فیوری کی حمایت کی ، جس نے گریناڈا میں اسٹالنسٹ حکومت کی جگہ لے لی۔,1
2351,الفارو تیسری خاتون تھی جس کو گیس چیمبر میں موت کی سزا سنائی گئی تھی اور ، اس کی سزا کے وقت ، وہ کیلیفورنیا میں موت کی قطار میں پہلی خاتون تھیں۔,الفارو پہلی خاتون تھیں جنہیں گیس چیمبر میں موت کی سزا سنائی گئی تھی ، اور سزا سنانے کے وقت کیلیفورنیا میں موت کی قطار میں تیسری خاتون تھیں۔,0
2352,ہنری کے ساتھ اپنی وفاداری کے صلہ کے طور پر ، اس نے ساؤتھ ویلز میں منافع بخش زمین اور بہت سے دفاتر حاصل کیے۔,ہنری کے ساتھ اپنی وفاداری کے صلہ کے طور پر ، اس نے جنوبی ویلز میں منافع بخش زمین اور بہت سے دفاتر حاصل کیے۔,1
2353,ٹرپل دیوی کا ایک نیا مذہبی خیال وِکا کی جدید تحریک کے لئے مرکزی اہمیت کا حامل ہے۔,ٹرپل دیوی کا ایک جدید خیال نئی وِکا کی مذہبی تحریک کا مرکزی مرکز ہے۔,0
2354,میکارتھی کیلیفورنیا کے سان فرانسسکو میں پیدا ہوئے تھے ، لیکن وہ چار سال کی عمر میں اپنے والدین کے ساتھ آکلینڈ چلے گئے۔,میکارتھی آکلینڈ میں پیدا ہوئے تھے ، لیکن وہ اپنے والدین کے ساتھ چار سال کی عمر میں سان فرانسسکو ، کیلیفورنیا منتقل ہوگئے تھے۔,0
2356,ممبروں میں ہنری باربیٹ ، لون ٹالابوٹ ، یوگین شنائیڈر اور جولس ہوچٹ شامل تھے۔,ممبران یوگین شنائیڈر ، لون ٹالابوٹ ، ہنری باربیٹ اور جولس ہوچیٹ تھے۔,1
2358,اس ٹیم نے 1953 میں آسٹریلیا میں اور اگست 1959 میں ایشیاء کا دورہ کیا۔,اس ٹیم نے 1953 میں ایشیاء میں اور اگست 1959 میں آسٹریلیا کا بھی دورہ کیا۔,0
2361,فیرو میگنیٹ سے پیرا میگنیٹ میں ایک مرحلہ منتقلی مستقل ہے اور یہ دوسرا حکم ہے۔,فیرو میگنیٹ سے پیرا میگنیٹ میں ایک مرحلہ منتقلی دوسرا ہے اور یہ مستقل ترتیب کا حامل ہے۔,0
2363,یہ ایک غیر ملکی جزیرہ بافن ہے - جزیرہ کارنیلیس گرنیل بے میں واقع ہے۔,یہ ایک بافن جزیرہ آف شور جزیرہ ہے جو کارنیلیس گرینیل بے میں واقع ہے۔,1
2366,دریائے والیا لوئی لیمبی یا șimon دریائے رومانیہ میں دریائے لوم کی ایک آبدھی ہے۔,دریائے والیا لوئی لیمبی یا `` انک '' آئیمون دریائے رومانیہ میں دریائے لوم کی ایک معاون ہے۔,0
2377,فرینک جیمس نے مقامی ڈریو لابس آرمی کے لئے بھرتی ہونے والی ایک علیحدگی پسند کمپنی میں شمولیت اختیار کی ، اور اگست 1861 میں ولسن کی کریک کی لڑائی میں لڑی۔,فرینک جیمس نے ایک علیحدگی پسند کمپنی میں شمولیت اختیار کی ، مقامی ڈریو لابس آرمی کے لئے بھرتی کیا ، اور اگست 1861 میں ولسن کی کریک کی لڑائی میں لڑا تھا۔,1
2382,1958 سے ، میلکس ویانا اکیڈمی آف میوزک میں وایلن ، تاریخی وایلن ، وایولا ، اور باروک پرفارمنس پریکٹس کے پروفیسر تھے۔,1958 سے ، میلکس ویانا اکیڈمی آف میوزک میں وایلن ، تاریخی وایلن ، وایولا اور باروک پرفارمنس کے پروفیسر تھے۔,1
2383,ڈائریکٹر حیاؤ میازاکی اور ان کے دیرینہ ساتھی اسو تاکاہاٹا کو سابق `` اینیمیج '' ایڈیٹر توشیو سوزوکی کی ہدایت پر اپنا اسٹوڈیو بنانے کی اجازت دی گئی تھی۔,اس نے ڈائریکٹر حیاؤ میازاکی اور ان کے دیرینہ ساتھی آئسو تاکاہاٹا کو سابقہ ​​`` انیمیج '' ایڈیٹر توشیو سوزوکی کی نگرانی میں اپنا اسٹوڈیو بنانے کی بھی اجازت دی۔,1
2384,پچھلے سکریٹریوں میں ایلیسن مریسن ، ٹام میببوٹ شامل ہیں ، جنہوں نے سکاٹش باغبانی ، جان میک لینن ، اور ڈاکٹر جان میکے کو خدمات کے لئے ایم بی ای حاصل کیا۔,پچھلے سکریٹری جان میکے تھے ، جنہوں نے سکاٹش باغبانی ، ایلیسن مریسن ، ٹام میببوٹ ، اور ڈاکٹر جان میکلننن کی خدمات کے لئے ایم بی ای حاصل کیا۔,0
2394,اس جینس کو فی الحال چھپکلیوں کے کنبے میں درجہ بندی کیا گیا ہے ، جسے ایگوانیڈی کے نام سے جانا جاتا ہے ، سب فیملی پولیچروٹینی ، اور اب اب غلط خاندان ، پولیچروٹیڈی میں درجہ بندی نہیں کیا گیا ہے۔,یہ پرجاتی اب چھپکلیوں کے گھرانے میں ہے ، جسے ایگوانیڈی کے نام سے جانا جاتا ہے ، سب فیملی پولیچروٹینی ، اور اب اس وقت کے غلط خاندان ، پولیچروٹائڈے میں درجہ بندی نہیں کیا گیا ہے۔,1
2395,مئی 1976: `` یہ ایک لیموں ہے '' '، باب آسٹن نے لکھا اور مرتب کیا ، جس کی ہدایتکاری باب آسٹن `` کولن ولیمز' 'نے کی۔,مئی 1976: باب آسٹن اور کولن ولیمز کے ذریعہ لکھا ہوا اور مرتب کیا گیا ، جس کی ہدایت کاری باب آسٹن نے کی ہے۔,0
2399,1920 کی دہائی میں اوگڈن یوٹاہ اور پھر سالٹ لیک سٹی جانے کے بعد ، رابرٹسن اور ان کے اہل خانہ 1937 میں میپلٹن یوٹاہ میں آباد ہوئے۔,1920 کی دہائی میں سالٹ لیک سٹی جانے اور پھر 1937 میں میپلٹن یوٹاہ میں اوگڈن یوٹاہ ، رابرٹسن اور اس کے اہل خانہ کے قیام کے بعد۔,0
2401,اس نے ماری مگدالین شویگارڈ سے شادی کی ، جو سرکردہ سیاستدان انتون مارٹن شوئیگارڈ کی بھانجی ، ٹیلف ڈاہل شوئیگارڈ کی بیٹی اور بعد کے وزیر اعظم کرسچن ہون شویگارڈ کی خالہ سے شادی ہوئی۔,اس نے ماری مگدالین شویگارڈ سے شادی کی ، جو سرکردہ سیاستدان کرسچن ہون شوئیگارڈ کی بھانجی ، ٹیلف ڈاہل شوئگارڈ کی بیٹی اور بعد کے وزیر اعظم انٹون مارٹن شویگارڈ کی خالہ سے شادی کی۔,0
2402,NEXCT کے مالک اسٹین برہے تھے ، جو ماہر فلکیات ٹائیج برہے کا بھائی تھے۔,NEXCT کے مالک اسٹین برہے تھے ، جو ماہر فلکیات ٹائیج برہے کا بھائی تھا۔,1
2403,دریائے سیگھے `رومانیہ میں دریائے او ایل ٹی کی ایک آب و ہوا ہے۔,او ایل ٹی دریائے رومانیہ میں دریائے سیگس کی ایک آب و ہوا ہے۔,0
2404,فضائی نقل و حمل مقامی طور پر نیو بیڈ فورڈ ، برکلے ، اور مشرقی ٹاونٹن کے علاقائی ہوائی اڈے میں چھوٹے ہوائی جہاز کے ذریعہ فراہم کی جاتی ہے۔,ایئر ٹرانسپورٹیشن مقامی طور پر نیو بیڈفورڈ ، برکلے ، اور مشرقی ٹاونٹن کے علاقائی ہوائی اڈے میں چھوٹے ہوائی جہاز کے ذریعہ فراہم کی جاتی ہے۔,1
2407,نئے 52 میں کونر ہاک کا ارتھ 2 ورژن ہلکا جلد اور سرخ بالوں والی ، اس کے پری `` فلیش پوائنٹ '' ہم منصب سے زیادہ سے زیادہ رائی ہارپر سے مشابہت رکھتا ہے۔,نئے 52 میں کونر ہاک کا ارتھ 2 ورژن اپنے پیشرو `` فلیش پوائنٹ '' سے زیادہ ہلکے جلد اور سرخ بالوں کے ساتھ مشابہت کرتا ہے۔,0
2409,یہ شہر چندرندیر کنٹونمنٹ کے پنچکولا علاقے کی خدمت کرتا ہے۔,یہ چندرندیر کنٹونمنٹ سٹی کے پنچکولا علاقے میں کام کرتا ہے۔,1
2410,یہ 1605 میں لارڈ کروم ویل کو فروخت کیا گیا تھا اور 1636 میں سر فرانسس بلینڈیل کو بنایا گیا تھا۔,یہ 1605 میں لارڈ کروم ویل کو فروخت کیا گیا تھا اور اسے 1636 میں سر فرانسس بلینڈیل کے حوالے کیا گیا تھا۔,1
2414,ایرانی خواتین کی طرف سے کی گئی بدعات مغربی کلاسیکی موسیقی تک ہی محدود نہیں ہیں۔ مثال کے طور پر ، للی افشر فارسی اور فارسی موسیقی کے امتزاج پر کام کر رہی ہیں۔,ایرانی خواتین کی طرف سے کی جانے والی بدعات کلاسیکی مغربی موسیقی تک ہی محدود نہیں ہیں ، لہذا للی افشر فارسی اور فارسی موسیقی کے امتزاج پر کام کر رہی ہیں۔,1
2420,فوسلز ، جو اکثر سینٹ لوئس میں پائے جاتے ہیں ، ان میں برائوزان - مرجان '' لیتھوسٹروشن `` اور '' لیتھوسٹروشنیلا `` اور روگوسان '' فینسٹرییلینا `شامل ہیں۔,سینٹ لوئس میں اکثر پائے جانے والے فوسلز میں روگوسن مرجان '' لیتھوسٹروشن `` اور '' لیتھو اسٹرووشنیلا `` اور برائوزوان '' فینسٹرییلینا `` شامل ہیں۔,0
2424,اپنے والد ، زیک میک گائر (چارلی کلاؤسن) اور ایوی کو فورا. ہی بتائیں۔,اسے فوری طور پر اس کے والد ، چارلی کلوسن (زیک میک گائر) اور ایوی سے کہو۔,1
2430,دریائے سیگھے `رومانیہ میں دریائے او ایل ٹی کی ایک آب و ہوا ہے۔,دریائے او ایل ٹی رومانیہ میں دریائے سیگس کی ایک آب و ہوا ہے۔,0
2437,آٹزم اسپانسرز بولتا ہے اور لارین تھیری اور ایرک سلیمان کے ذریعہ تیار کردہ مختصر فلم `` آٹزم '' کو تقسیم کرتا ہے۔,آٹزم بولتا ہے اور اس کی کفالت کرتا ہے اور مختصر فلم `` آٹزم ہر دن '' تقسیم کرتا ہے ، جو لارین تھیری اور ایرک سلیمان نے تیار کیا ہے۔,1
2454,ارل سینٹ ونسنٹ ایک برطانوی جہاز تھا جسے 1803 میں پکڑا گیا تھا اور وہ ایک فرانسیسی تجارتی شخص بن گیا تھا۔,ارل سینٹ ونسنٹ ایک فرانسیسی جہاز تھا جسے پکڑا گیا تھا اور 1803 میں برطانوی مرچنٹ مین بن گیا تھا۔,0
2457,1962 میں امریکی ریاستہائے متحدہ امریکہ کے سینیٹ کا انتخاب 6 نومبر 1962 کو جنوبی کیرولائنا کے انتخاب کے لئے منعقد ہوا۔,امریکی سینیٹ کا 1962 کا انتخاب 6 نومبر 1962 کو جنوبی کیرولائنا کے انتخاب کے لئے منعقد ہوا۔,1
2462,اگلا ورژن 1986 میں رون کے بھائی رابرٹ فلر نے تیار کیا تھا۔,اگلا ورژن 1986 میں رون کے بھائی رابرٹ فلر نے تخلیق کیا تھا۔,1
2463,یہ گروپ سوشلسٹ لیبر لیگ اور جیری ہیلی اور برطانوی بین الاقوامی کمیٹی کی سربراہی میں لائن کی طرف سے اپنی پابندی میں زیادہ آواز اٹھا رہا تھا۔,یہ گروپ بین الاقوامی کمیٹی اور جیری ہیلی اور برطانوی سوشلسٹ لیبر لیگ کی سربراہی میں لائن سے اپنے الحاق میں زیادہ مناسب تھا۔,0
2465,مائیکل کیلی اسمتھ اس سے قبل فلاڈیلفیا بینڈ سنڈریلا کے ابتدائی ورژن میں ریلیز ہونے تک اس وقت تک تھے ، اور بعد میں ٹونی ڈسٹرا نے بھی ان کے ساتھ کھیلا۔,مائیکل کیلی اسمتھ اس سے قبل فلاڈیلفیا بینڈ ٹونی ڈسٹرا کے ابتدائی ورژن میں اس کی رہائی تک تھے اور بعد میں سنڈریلا نے بھی ان کے ساتھ کھیلا تھا۔,0
2469,یہ سلسلہ ڈینیئل پیٹری ، جیک ڈونوہو ، اور رچرڈ ارونگ نے تیار کیا تھا اور اس کی ہدایت ڈونلڈ ڈیوس اور ان کی اہلیہ ڈوروتی میتھیوز اور رینی ولیمز نے کی تھی۔,اس سیریز کی ہدایتکاری ڈینیئل پیٹری ، جیک ڈونوہو اور رچرڈ ارونگ نے کی تھی اور اسے ڈونلڈ ڈیوس اور ان کی اہلیہ ڈوروتی میتھیوز اور رینی ولیمز نے تیار کیا تھا۔,0
2474,ایٹائٹوبا کا کلیسیائی پرلیٹ رومن کے شہر ایٹیتوبا کے شہر میں ایک علاقائی تعصب ہے۔,ایٹائٹوبا کا علاقائی تعصب ایک رومن کیتھولک علاقائی پرلیٹریچر ہے جو برازیل کے کلیسیائی صوبہ بیلیم ڈو پیر á میں واقع ایٹیتوبا شہر میں واقع ہے۔,0
2481,وہ 2009 میں فلاڈیلفیا واپس چلا گیا اور اب وہ نیو یارک شہر میں رہتا ہے۔,2009 میں وہ واپس نیو یارک شہر چلا گیا اور آج فلاڈیلفیا میں رہتا ہے۔,0
2487,اس کی آزادی سے پہلے ، فن لینڈ امپیریل روس کے اندر ایک خود مختار گرینڈ ڈچی تھا۔,فن لینڈ اپنی آزادی سے قبل امپیریل روس کا ایک خود مختار گرینڈ ڈچی تھا۔,1
2489,اس نے یکم مارچ ، 2008 کو اسپارٹک ورنا کے خلاف میچ میں بوٹیف پلووڈیو کے ساتھ اے پی ایف جی میں مکمل آغاز کیا ، اور 90 منٹ کا سرکاری کھیل کھیلا۔,ایک پی ایف جی میں ان کی سرکاری پہلی شروعات یکم مارچ 2008 کو اسپارٹک ورنا کے خلاف میچ میں بوٹیف پلوڈیو کے ساتھ تھی ، اس نے 90 منٹ میں کھیلے۔,0
2490,ایک مجوزہ مہادائی ندی (منڈووی ندی) پانی کے موڑ اور ہائرو الیکٹرک پاور پلانٹ کے منصوبے کے نتیجے میں کچھ یا تمام گاولی کو وسرجن کا سامنا کرنا پڑے گا۔,ایک مجوزہ منڈووی ندی (مہادئی ندی) پانی کے ری ڈائریکٹ اور ہائرو الیکٹرک پاور پلانٹ کے منصوبے کے نتیجے میں کچھ یا تمام گاولی کو وسرجن پیدا ہوگا۔,1
2493,کمپیوٹر سیال کی حرکیات میں ، میک کارمیک کا طریقہ عددی مساوات کے ہائپربولک جزوی تفریق حل کے لئے عام طور پر استعمال شدہ صوابدیدی اسکیم ہے۔,کمپیوٹیشنل سیال کی حرکیات میں ، میک کارمیک کا طریقہ عددی مساوات کے ہائپربولک جزوی تفریق حل کے لئے وسیع پیمانے پر استعمال شدہ صوابدیدی اسکیم ہے۔,1
2496,اس نے ہسپانوی گٹار کے بجائے کیوبا کے ٹریس کھیلے ، اور اس نے کیوبا کے اس گٹار کے لئے اپنی اپنی تکنیک تیار کی۔,اس نے کیوبا کے گٹار کے بجائے کیوبا کے ٹریس کھیلے اور اس ہسپانوی گٹار کے لئے اپنی اپنی تکنیک تیار کی۔,0
2497,پوڈکریوا ň وسطی سلوواکیا کے بنسک بیسٹسٹریکا کے علاقے ، ڈیٹوا ضلع میں ایک گاؤں اور میونسپلٹی ہے۔,پوڈکریوا ň وسطی سلوواکیا کے ضلع ڈیٹوا ضلع بنسک بیسٹرا میں ایک گاؤں اور میونسپلٹی ہے۔,0
2498,اگر 1983 میں پارلیمانی انتخابات مقامی انتخاب ہوتے تو سوشلسٹ بائیں طرف پارلیمنٹ میں 8 نشستیں مل جاتی۔,اگر 1983 کے مقامی انتخابات پارلیمانی انتخابات ہوتے تو سوشلسٹ بائیں بازو کو پارلیمنٹ میں 8 نشستیں مل جاتی۔,0
2506,مالٹا سینٹ جولین کے اندر بلوٹا بے کے شمال مشرقی ساحل پر واقع ایک خلیج ہے۔,مالٹا سینٹ جولین کے اندر بلوٹا بے کے شمال مشرقی ساحل پر واقع ایک خلیج ہے۔,1
2508,اسپرٹا میں اپنی بنیادی اور ثانوی تعلیم کے بعد ، اس نے استنبول میں پرٹیوینیال ہائی اسکول مکمل کیا۔,استنبول میں اپنی بنیادی اور ثانوی تعلیم کے بعد اس نے اسپرٹا میں پرٹیوینیال ہائی اسکول مکمل کیا۔,0
2509,ان کا 6 جنوری 1976 کو ایلیکانٹے میں انتقال ہوگیا اور انہیں میڈرڈ کے چرچ کے چرچ میں سپرد خاک کردیا گیا۔,ان کا 6 جنوری 1976 کو میڈرڈ میں انتقال ہوگیا اور انہیں ایلیکینٹ کے چرچ میں سپرد خاک کردیا گیا۔,0
2514,ڈیو ٹومر ایڈ ڈینٹے کا تخلص ہے ، جو روٹجرز کے فارغ التحصیل ہیں ، جو اب فلاڈیلفیا میں رہائش پذیر آزادانہ مصنف ہیں۔,ایڈ ڈینٹے ڈیو ٹومر کا تخلص ہے ، جو روٹجرز کے فارغ التحصیل ہیں ، جو اب فلاڈیلفیا میں آزادانہ مصنف کی حیثیت سے رہتے ہیں۔,0
2532,مئی 1983 میں ، براہ راست گٹارسٹ رابن جارج کے ساتھ برطانیہ کے دورے نے اضافی پرفارمنس کے لئے آغاز کیا۔,مئی 1983 میں ، اضافی گٹارسٹ رابن جارج کے ساتھ برطانیہ کے دورے کا آغاز براہ راست پرفارمنس کے لئے ہوا۔,0
2535,ان بدعات نے بی آر ٹی سسٹم کی زیادہ سے زیادہ حاصل شدہ صلاحیت میں 35،000 مسافروں کو فی گھنٹہ بڑھایا۔,ان بدعات کے ساتھ ، بی آر ٹی سسٹم کی زیادہ سے زیادہ صلاحیت فی گھنٹہ 35،000 مسافروں تک بڑھا دی گئی۔,1
2536,آسٹریلیائی فلسفے کی ان کی پوسٹ ماڈرنسٹ ہسٹری ، '' نوجوانوں کو بدعنوانی '' (2003) نے فلسفہ میں آسٹریلیائی حقیقت پسندانہ روایت کی تعریف کی اور اس نے پولیمیکل اور متعلقہ رجحانات پر حملہ کیا۔,آسٹریلیائی فلسفے کی ان کی پوسٹ ماڈرنسٹ ہسٹری ، '' نوجوانوں کو بدعنوانی '' (2003) نے فلسفے میں آسٹریلیائی حقیقت پسندانہ روایت کی تعریف کی اور اس نے پولیمیکل اور متعلقہ دھاروں پر حملہ کیا۔,1
2539,ڈومنڈا سلوا ، جسے ارمادورا لارنس رومیلو ڈومنڈا سلوا اور آر ڈومندھا سلوا کے نام سے بھی جانا جاتا ہے ، وہ سری لنکا کے سیاستدان اور سابقہ ​​ممبر پارلیمنٹ ہیں۔,ارمادورا لارنس رومیلو ڈومنڈا سلوا ، جسے ڈومنڈا سلوا اور آر ڈومندھا سلوا کے نام سے بھی جانا جاتا ہے ، سری لنکا سے تعلق رکھنے والے ایک سیاستدان اور سابقہ ​​ممبر پارلیمنٹ ہیں۔,1
2540,شا مواصلات کے ایک حصے کے طور پر ، کینویسٹ کے ٹیلی ویژن اسٹیشنوں کو سنبھالنے کی پیش کش کے طور پر ، شا نے سی کے ایم آئی سمیت متعدد عالمی چینلز پر صبح کی مقامی خبروں کا آغاز کرنے کا وعدہ کیا۔,شا مواصلات کی کینویسٹ کے ٹیلی ویژن اثاثوں کو سنبھالنے کی پیش کش کے ایک حصے کے طور پر ، شا نے سی کے ایم آئی سمیت متعدد عالمی اسٹیشنوں پر صبح کے مقامی نیوزکاسٹ لانچ کرنے کا وعدہ کیا۔,1
2541,اس کے بعد یہ سلسلہ تقریبا ہر جگہ بدل جاتا ہے۔,یہ سلسلہ تقریبا ہر جگہ بدل جاتا ہے۔,1
2551,1963 میں ، رائے نے ہندوستان کی کمیونسٹ پارٹی میں شمولیت اختیار کی اور کولکتہ میں بنسروونی میں ٹریڈ یونین کی تحریکوں کی قیادت کی۔,1963 میں ، رائے نے ہندوستان کی کمیونسٹ پارٹی میں شمولیت اختیار کی اور بنسروونی کے ایک علاقے کولکتہ میں ٹریڈ یونین کی تحریکوں کی قیادت کی۔,0
2561,روج والججرو لٹویا کی جنوب مشرقی کاؤنٹی وورو کی ایک جھیل ہے ، جو ایسٹونیا کی سرحد کے قریب ہے۔,روج والججرو لٹویا کی سرحد کے قریب ایسٹونیا میں واقع جنوب مشرقی کاؤنٹی وورو کی ایک جھیل ہے۔,0
2563,یہ ان کی اہلیہ اسٹیلا جیمل نے 28 جولائی 2006 کو ان کی وفات کے بعد شائع کیا تھا اور ڈیوڈ اور اسٹیلا جیمل کی مشترکہ تصنیف کے تحت ختم ہوا تھا۔,یہ ان کی اہلیہ اسٹیلا جیمل نے 28 جولائی 2006 کو ان کی وفات کے بعد ختم کیا تھا اور اسے ڈیوڈ اور اسٹیلا جیمل کی مشترکہ تصنیف کے تحت شائع کیا گیا تھا۔,0
2565,ہیوسٹن کی مرکزی عمارت (ایچ ایم بی) اس سے قبل ہیوسٹن ، ٹیکساس کے ٹیکساس میڈیکل سنٹر میں پرڈینشل بلڈنگ ایک فلک بوس عمارت تھی۔,پرڈینشل بلڈنگ (ایچ ایم بی) کو پہلے ہیوسٹن مین بلڈنگ کہا جاتا تھا ، ٹیکساس کے میڈیکل سنٹر ، ہیوسٹن ، ٹیکساس میں ایک فلک بوس عمارت تھی۔,0
2569,کی فینگ کا ایک بیٹا ، کیو ماؤ بھی تھا۔,اس کے علاوہ کائی ماؤ کا ایک بیٹا ، کی فینگ تھا۔,0
2573,تجزیاتی مفروضوں کا استعمال لسانیات نئے جملے تشکیل دے سکتا ہے اور ترجمہ دستی تشکیل دے سکتا ہے۔,ماہر لسانیات تجزیاتی جملوں کو تشکیل دینے اور ترجمہ دستی تشکیل دینے کے لئے نئے مفروضوں کا استعمال کرسکتے ہیں۔,0
2581,سارہ پالسن نے سیریز کی تعریف کی اور مارسیا کلارک کے اپنے `` غیر معمولی کی تصویر کشی کی۔ '',سارہ پالسن نے سیریز کی تعریف کی اور مارسیا کلارک کی اپنی `` غیر معمولی '' کی پیش کش کی۔,1
2584,ٹوبی اور گنار ہینسن کے مطابق ، اس کی وجہ یہ تھی کہ اس نے نقاب پوش پہنا تھا اس کی وجہ یہ تھی کہ ماسک نے واقعی اس کی شخصیت کا تعین کیا۔,کِم نے تبصرہ کیا: tobe to ٹوبی اور گنار ہینسن کے مطابق ، اس نے نقاب پہنا ہونے کی وجہ یہ تھی کہ ماسک نے واقعتا his اس کی شخصیت کا تعین کیا ''۔,1
2586,لینگ آسٹریلیا میں پیدا ہوا تھا ، ایک نوجوان کی حیثیت سے اسرائیل ہجرت کر گیا تھا اور 1961 میں وہاں آباد ہوگیا تھا۔,لینگ اسرائیل میں پیدا ہوا تھا ، ایک نوجوان کی حیثیت سے آسٹریلیا ہجرت کر گیا تھا اور 1961 میں وہاں آباد ہوا تھا۔,0
2587,کیتھی کیتھی اور اس کے شوہر پیٹر ڈین (پیٹ بییل) مالی طور پر مستحکم ہیں۔,کیتھی اور اس کے شوہر پیٹر ڈین (پیٹ بییل) مالی طور پر مستحکم ہیں۔,1
2589,اے سی وی ایم ایڈنبرا میں مقیم ہے اور اس کے دفاتر گلاسگو ، آبرڈین ، نیو کیسل ، مانچسٹر اور ملٹن کینز میں ہیں۔,ACVM کا صدر دفتر ایڈنبرا میں ہے اور اس کے دفاتر گلاسگو ، آبرڈین ، نیو کیسل ، مانچسٹر اور ملٹن کینز میں ہیں۔,1
2594,ٹیری کے طور پر اوفیلیا اور پورٹیا کے ساتھ ، اس نے `` ہیملیٹ '' کو زندہ کیا اور `` وینس کا مرچنٹ '' (1879) تیار کیا۔,ٹیری کے ساتھ بطور اوفیلیا اور پورٹیا اس نے `` ہیملیٹ '' اور `` وینس کا مرچنٹ '' (1879) تیار کیا ہے۔,1
2599,لوور میں لائٹنگ - پینٹنگ نرم ہے اور گرم ہے ، لیکن یہ سطح پر وارنش کے لہجے کا نتیجہ ہوسکتا ہے۔,لوور پینٹنگ میں لائٹنگ گرم ہے اور یہ نرمی دکھائی دیتی ہے ، لیکن یہ سطح پر وارنش کے لہجے کا نتیجہ ہوسکتا ہے۔,0
2602,ڑککن کو صرف مراعات یافتہ ناظرین نے ہٹا دیا تھا ، لہذا یہ مناظر زیادہ مباشرت ہوسکتے ہیں۔,ڑککن کو صرف مباشرت ناظرین نے ہی ہٹا دیا تھا ، لہذا ان مناظر کو زیادہ مراعات یافتہ ہوسکتا ہے۔,0
2604,اس وقت کے دوسرے اوپیلوں کی طرح ، 2 لیٹر کو شمالی امریکہ میں اوپل کے لئے کارخانہ دار کی والدین کی والدین کمپنی ، جنرل موٹرز نے ڈیزائن اور تیار کیا تھا۔,اس مدت کے دوسرے اوپیلوں کی طرح ، 2 لیٹر کو شمالی امریکہ میں کارخانہ دار کی پیرنٹ کمپنی ، جنرل موٹرز کے ذریعہ اوپل کے لئے ڈیزائن اور تیار کیا گیا تھا۔,1
2608,طیارے کے مسافر کرنل لیفٹیننٹ ڈونلڈ گرانٹ میلارڈ ، کیپٹن جیرالڈ کے ہنافورڈ اور کیپٹن جان ایف لورین تھے۔,طیارے میں رہائش پذیر لیفٹیننٹ کرنل جیرالڈ کے ہنافورڈ ، کیپٹن ڈونلڈ گرانٹ گرانٹ میلارڈ اور کیپٹن جان ایف لورین تھے۔,0
2609,پھر اسی طرح کے پلاٹ کے ساتھ ڈبلیو بی پروگرام کے مقابلے میں ، `` ڈو اوور '' ، `` وہ اکثر تھا '' صرف دو اقساط کے بعد منسوخ کردیا گیا تھا۔,اس کے بعد اسی طرح کے پلاٹ `` ڈو '' ، `` یہ اکثر دو اقساط کو ختم کرنے کے بعد اکثر '' کے ساتھ ایک ڈبلیو بی پروگرام سے موازنہ کیا گیا۔,1
2616,پہلی سیریز ناقدین نے دوسرے سے بہتر ریکارڈ کی تھی۔,پہلی سیریز کو دوسرے کے مقابلے میں ناقدین نے بہتر طور پر استقبال کیا تھا۔,1
2623,یہ عمارت پہلی صدی کے دوسرے نصف حصے یا سیزروڈونم (ٹورز) کی بنیاد کے کم از کم پچاس سال بعد کی ہے۔,یہ تعمیر پہلی صدی کے دوسرے نصف حصے میں ہے ، یا سیزروڈونم (ٹورز) کی تشکیل کے کم از کم پچاس سال بعد۔,1
2626,20 فروری 1959 کو ، وزیر اعظم جان ڈیفن بیکر نے یہ پروجیکٹ مکمل کیا اور پانچ تیر مکمل ہوگئے۔,20 فروری 1959 کو وزیر اعظم جان ڈفین بیکر نے اس منصوبے کو ختم کردیا اور پانچوں کو ختم کرنے والے تیر مکمل ہوگئے۔,1
2628,اس کے والد کی جوانی کے دوران ہی انتقال ہوگیا ، اور اس کی والدہ ، سیموئل ایڈمز نے 1842 میں کیتھرین اے فگن سے شادی کی ، جو بعد میں دو سال بعد آرکنساس کے گورنر بنے۔,اس کے والد کی جوانی کے دوران انتقال ہوگیا اور اس کی والدہ ، سیموئل ایڈمز نے 1842 میں کیتھرین اے فگن سے شادی کی ، جو دو سال بعد آرکنساس کے گورنر بنے۔,1
2639,اطالوی فوج کے بہترین تربیت یافتہ اور لیس یونٹوں میں سے ایک کے طور پر الپینی پیراکاڈوتی نے حال ہی میں افغانستان میں خدمات انجام دیں اور ایک کمپنی کو مسلسل عراق میں تعینات کیا گیا ہے۔,اطالوی فوج کے بہترین تربیت یافتہ اور لیس یونٹوں میں سے ایک کے طور پر ، الپینی پیراکاڈوسٹی نے حال ہی میں عراق میں خدمات انجام دی ہیں اور ایک کمپنی کو مسلسل افغانستان بھیجا جاتا ہے۔,0
2640,اسپین ویمن کی بین الاقوامی اسکواش ٹیم قومی اسکواش ٹیم کے مقابلوں میں اسپین کی نمائندگی کرتی ہے ، اور اس پر ریئل فیڈریکیئن ایسپاؤولا ڈی اسکواش کے زیر انتظام ہے۔,ہسپانوی خواتین کی قومی ٹیم بین الاقوامی اسکواش ٹیم کے مقابلوں میں اسپین کی نمائندگی کرتی ہے اور اس پر ریئل فیڈریکیئن ایسپولا ڈی اسکواش کے زیر انتظام ہے۔,0
2643,جہاں `` G '' نیوٹن کے کوانٹم اور فارمولا _ 4 کی نشاندہی کرتا ہے۔,جہاں `` g '' نیوٹن کا کوانٹم اشارہ کرتا ہے اور فارمولا 4 مادی شعبوں کی مستقل حالت ہے۔,1
2647,30 اپریل ، 1983 کو ، ایک سی -311 جو ناس گوانتانامو بے میں ناس جیکسن ویل ، کیوبا کو تفویض کیا گیا تھا ، 13 جانوں کے نقصان سے گر کر تباہ ہوگیا۔,30 اپریل 1983 کو ، این اے ایس جیکسن ویل کو تفویض کردہ ایک سی 131 ، کیوبا نے 13 جانوں کے ضیاع کے ساتھ ناس گوانتانامو بے میں گر کر تباہ کیا۔,1
2652,ٹائٹل کے محافظ برائن گوٹ فریڈ اور راؤل رامیرز تھے اور فائنل میں تیان ولجوین اور ڈینی ویزر کے خلاف 6 - 3 ، 6 - 3 کے ساتھ جیت گئے۔,برائن گوٹ فریڈ اور راؤل رامیرز دفاعی چیمپئن تھے اور فائنل 6 - 3 ، 6 - 3 میں تیان ولجوین اور ڈینی ویزر کے خلاف جیت گئے۔,1
2656,آر جے ڈی کے دھرمیندر یادو نے 2000 میں جے ڈی یو کی نمائندگی کرتے ہوئے پونم دیوی کو شکست دی۔,2000 نے جے ڈی یو کی نمائندگی کرتے ہوئے آر جے ڈی پونم دیوی کے دھرمیندر یادو کو شکست دی۔,0
2658,وہ ویل ، بورس اور روزالینڈ لورون کی ماں بن گئیں ، ان کی بیٹی نفسیات کی پروفیسر تھیں۔,وہ ویل ، بورس اور روزالینڈ لورون کی ماں بن گئیں۔ اس کی بیٹی نفسیات کی پروفیسر تھی۔,1
2669,یہ البم لاس اینجلس ، کیلیفورنیا میں انبل کرپل نے ریکارڈ کیا تھا۔ لاس اینجلس میں `` لا کاسا '' کے مطالعے میں ملا۔,"اس البم کو لاس اینجلس ، کیلیفورنیا میں انبل کرپل نے ریکارڈ کیا تھا ، جو لاس اینجلس میں ""` لا کاسا '' کے مطالعے میں ملا ہوا تھا۔",1
2672,سنگل کو 12 اکتوبر ، 2012 کو اٹلی میں ریڈیو ایئر پلے پر جاری کیا گیا تھا ، اور اسے 3 دسمبر 2012 کو دنیا بھر میں بھیج دیا گیا تھا۔,سنگل کو 12 اکتوبر 2012 کو اٹلی میں ریڈیو ایئر پلے بھیج دیا گیا تھا اور اسے 3 دسمبر 2012 کو دنیا بھر میں شائع کیا گیا تھا۔,0
2677,یہ قصبہ دریائے توریہ کے دائیں کنارے پر ، `` ہورٹا ڈی والنسیا '' کے مغربی سرے پر واقع ہے۔,یہ قصبہ دریائے توریہ کے مغربی ساحل پر ، `` ہورٹا ڈی والنسیا '' کے دائیں کنارے پر واقع ہے۔,0
2682,22 ستمبر ، 1918 کو اسنوڈونیا کو پہلا وائرلیس ٹیلی گراف پیغام آسٹریلیا سے بھیجا گیا تھا۔,22 ستمبر ، 1918 کو سنوڈونیا نے پہلا وائرلیس ٹیلی گراف پیغام آسٹریلیا کو بھیجا۔,0
2689,مارٹن گولڈ نے مارک ایلن کے خلاف آخری 1 - 0 (104 - 0) جیتا۔,مارک ایلن نے مارٹن گولڈ کے خلاف 1: 0 (104: 0) کا فائنل جیتا۔,0
2690,1982 میں ، اس نے 1995 میں اپنی اہم سرگرمیاں شکاگو اور لاس اینجلس منتقل کردی۔,1982 میں ، اس نے اپنی اصل سرگرمیاں شکاگو اور 1995 میں لاس اینجلس منتقل کردی۔,1
2694,وہ ویل ، بورس اور روزالینڈ لورون کی ماں تھیں۔ اس کی بیٹی نفسیات کے پروفیسر بن گئیں۔,وہ ویل ، بورس اور روزالینڈ لورون کی ماں تھیں ، ان کی بیٹی نفسیات کی پروفیسر بن گئی۔,1
2696,وہ 12 ستمبر 1943 کو ٹیکساس کے گالوسٹن سے روانہ ہوئی اور 16 ستمبر کو کلیدی مغرب پہنچی۔,وہ 12 ستمبر 1943 کو کی ویسٹ سے روانہ ہوئی اور 16 ستمبر کو ٹیکساس کے گالوسٹن میں پہنچی۔,0
2700,ہیملن جیل میں البرٹ پیئرپوائنٹ کے ذریعہ الزبتھ مارشل کے 24 منٹ بعد ، اسے 3 مئی 1947 کو صبح 9: 55 بجے اپنے جرائم کے لئے پھانسی دی گئی۔,الیسبتھ مارشال کے 24 منٹ بعد اسے 3 مئی 1947 کو پھانسی دی گئی ، البرٹ پیئرپوائنٹ نے 9: 55 پر اپنے جرائم کے لئے ہیملن کی جیل میں۔,1
2707,ایک ہی `` کنگ جارج '' ایک یا چوتھے یا دوسرے دونوں میں سے ایک کے طور پر پہلا جہاز ہوسکتا ہے۔,وہی `` کنگ جارج '' ہوسکتا ہے کہ دوسرے دو میں سے ایک یا چوتھے ، یا دونوں کی حیثیت سے پہلا برتن ہوسکتا ہے۔,1
2709,دوندویودق کے پہلے راؤنڈ کے بعد ، ہائن ٹٹ لینڈ نے دوسرے مرحلے میں گوٹ اورمسن سے ملنے کے لئے اسکینٹرز کو شکست دی ، جس نے بیجورن جوہن موری کو شکست دی۔,ڈوئیلز کے پہلے راؤنڈ کے بعد بیجورن جوہن موری نے دوسرے مرحلے میں ہائن ٹٹ لینڈ کو شکست دینے والے گوٹ اورمسن سے ملاقات کے لئے اسکینٹرز کو شکست دی۔,0
2716,برازیلین مرگانسر (`` مرگس آکٹوسیٹیسیس '') عام مرگانسر جینس میں ایک بطخ ہے۔,برازیلین مرگانسر (`` مرگس آکٹوسیٹیسیس '') عام مرگیائی جینس میں ایک بتھ ہے۔,1
2718,عامر خان `` رنگ ڈی باسنتی '' میں مہرہ کا اسکرین پلے پڑھنے کے فورا. بعد کام کرنے پر راضی ہوگئے۔,مہرہ نے عامر خان کی اسکرپٹ کو پڑھنے کے بعد فوری طور پر `` رنگ ڈی بسنتی '' میں تجارت کرنے پر اتفاق کیا۔,0
2726,ایڈمز وِل کولیمن کے مغرب میں ، مشرق میں ، لیک کاؤنٹی کے ذریعہ ، وائلڈ ووڈ کے شمال میں اور سمٹر ویل کے ذریعہ جنوب میں سرحد ہے۔,ایڈمز وِل مغرب کی طرف کولیمن کے ذریعہ ، سمٹر ویل کے مشرق میں ، وائلڈ ووڈ کے شمال میں اور جنوب میں جھیل کاؤنٹی سے ملحق ہے۔,0
2727,حقیقی تسلسل میں ، `` آخری بیٹا 'میں سپرمین پہلی بار موجودہ زوڈ سے ملتا ہے۔,موجودہ تسلسل میں ، `` آخری بیٹے 'میں سپرمین پہلی بار حقیقی زوڈ سے ملتا ہے۔,0
2729,کلیدی کمانڈ اور اثر و رسوخ مربوط عوامل ، یہ ہیں:,ہم آہنگی کمانڈ اور اثر و رسوخ کلیدی عوامل ہیں:,0
2734,عام مرگیانین (`` مرگس آکٹوسیٹیسیس '') برازیل کی جینس مرگینسر میں ایک بتھ ہے۔,برازیلین مرگانسر (`` مرگس آکٹوسیٹیسیس '') عام مرگیائی جینس میں ایک بتھ ہے۔,0
2742,1984 کے بعد سے بلیک کی شادی پیٹریسیا میئر سے ہوئی ہے اور ان کے دو بیٹے ہیں: ریان (پیدائش 1988) اور ڈیل (پیدائش 1992)۔,ڈیل کی شادی 1984 سے پیٹریسیا میئر سے ہوئی ہے اور ان کے ساتھ مل کر دو بیٹے ہیں: ریان (پیدائش 1988) اور بلیک (پیدائش 1992)۔,0
2743,یہ فیملی ایڈیشن کے دو سال سے زیادہ اور پہلے مشہور شخصیت کے ایڈیشن کے تین سال سے زیادہ کے بعد تیسرا سیزن تھا۔,فیملی ایڈیشن کے دو سال سے زیادہ اور تیسرے سلیبریٹی ایڈیشن کے بعد تین سال سے زیادہ کے بعد نشر کرنے والا یہ پہلا سیزن تھا۔,0
2749,پچھلے سکریٹری جان میکے تھے ، جنہوں نے سکاٹش باغبانی ، ایلیسن مریسن ، ٹام میببوٹ ، اور ڈاکٹر جان میکلننن کی خدمات کے لئے ایم بی ای حاصل کیا۔,پچھلے سکریٹریوں میں جان میکے شامل ہیں ، جنہوں نے سکاٹش ہارٹیکلچر ، ایلیسن مریسن ، ٹام میببوٹ اور ڈاکٹر جان میک لینن کو خدمات کے لئے ایم بی ای حاصل کیا۔,1
2753,آڈیو کو براہ راست ڈیجیٹل ریکارڈنگ کے ساتھ نقل کیا جاتا ہے (لہذا آڈیو کوالٹی کو برقرار رکھا جاتا ہے)۔,آڈیو کو براہ راست ڈیجیٹل ریکارڈنگ کے ساتھ برقرار رکھا جاتا ہے (لہذا آڈیو کوالٹی ٹرانسکرپٹ ہے)۔,0
2755,دریائے بریسنک رومانیہ میں دریائے سلیٹینا کی ایک آبدھی ہے۔,دریائے سلیٹینا رومانیہ میں دریائے بریسنک کی ایک آبدھی ہے۔,0
2758,فرانسوائس ڈائر نے گولاگونگ ایون کو 6: 4 ، 6: 2 کو شکست دی,ایون گوولاگونگ نے فرانسوائس ڈائر کو 6 - 4 ، 6 - 2 سے شکست دی۔,0
2760,ڈکوٹا سٹی سیوکس سٹی ، IA - NE ، SD کے میٹروپولیٹن شماریاتی علاقے کا ایک حصہ ہے۔,ڈکوٹا سٹی نی - سیوکس سٹی ، IA - SD میٹروپولیٹن شماریاتی علاقہ کا ایک حصہ ہے۔,0
2762,1863 سے 1866 تک ، ڈینیڈن اور مضافاتی علاقوں میں شمال میں ڈینیڈن ، اوٹاگو ، نیوزی لینڈ میں پارلیمانی ووٹر تھے اور وہ ایک کثیر ممبر ووٹر تھے۔,اوٹاگو ، نیوزی لینڈ اور نواحی علاقوں میں نارتھ 1863 سے 1866 تک ڈینیڈن کے شہر ڈینیڈن میں پارلیمانی ووٹر تھا۔ یہ ایک کثیر ممبر ووٹر تھا۔,0
2765,بائبل کا عذاب اس کے انتہائی رسمی معنوں میں ایک منفی نعمت ہے۔,ایک بائبل کا عذاب ، اس کے انتہائی رسمی معنوں میں ، ایک منفی نعمت ہے۔,1
2773,2011 میں انہوں نے گلوکار میڈونا کی سوانح حیات بھی شائع کی جس کے عنوان سے `` میڈونا کے لئے میڈونا۔ پاپ کی ملکہ ، کاسٹیلوچی کے پبلشر نے لکھا۔,2011 میں انہوں نے گلوکار میڈونا کی سوانح حیات بھی لکھی جس کے عنوان سے `` میڈونا فار میڈونا کوئین آف پاپ '' کے عنوان سے تھا ، جو کاسٹیلوچی کے پبلشر کے ذریعہ شائع ہوا تھا۔,0
2776,لٹو زنگون کلب فٹ بال کے لئے کھیلا۔,زنگون نے لٹو کے لئے کلب فٹ بال کھیلا۔,0
2777,اس کٹ میں سبز رنگ کی جرسی پر مشتمل تھا جس میں نیلے رنگ کے کالر ، نیلے رنگ کے شارٹس اور سفید موزوں تھے۔,اس کٹ میں سفید کالر ، نیلے رنگ کے شارٹس اور نیلی موزوں کے ساتھ سبز جرسی پر مشتمل تھا۔,0
2779,ڑککن کو صرف مراعات یافتہ ناظرین نے ہٹا دیا تھا ، لہذا یہ مناظر زیادہ مباشرت ہوسکتے ہیں۔,ڑککن کو صرف مراعات یافتہ ناظرین سے ہٹا دیا گیا تھا ، لہذا یہ مناظر زیادہ مباشرت ہوسکتے ہیں۔,1
2780,ان کو نمکو بانڈائی نے تیار کیا تھا اور اسے سائبر کنیکٹ 2 کے ذریعہ شائع کیا گیا تھا ، جس کا آغاز 2005 میں `` نارٹو: الٹیمیٹ ننجا '' سے ہوا تھا۔,ان کو نمکو بانڈائی نے تیار کیا تھا اور سائبر کنیکٹ 2 کے ذریعہ شائع کیا گیا تھا جس کا آغاز 2005 میں `` ناروٹو: الٹیمیٹ ننجا '' سے ہوا تھا۔,1
2781,اس گاؤں کا نسلی آئین 98.8 ٪ سفید ، 0.6 ٪ ایشین ، 0.2 ٪ مقامی امریکی اور دو یا زیادہ ریسوں میں سے 0.4 ٪ تھا۔,اس گاؤں کا نسلی میک اپ 98.8 ٪ سفید ، 0.6 ٪ ایشین ، 0.2 ٪ مقامی امریکی ، اور دو یا زیادہ ریسوں سے 0.4 ٪ تھا۔,1
2790,نوبا پہاڑوں اور بلیو نیل کے جنوبی کردفن خطے کی حیثیت کم واضح ہے کیونکہ نسلی اعداد و شمار زیادہ پیچیدہ ہیں۔,نوبا - پہاڑوں اور نیلے رنگ کے نیل کے جنوبی کورڈوفن خطے کی حیثیت کم واضح ہے ، کیونکہ نسلی اعداد و شمار زیادہ پیچیدہ ہیں۔,1
2792,اس سیریز کا آغاز 18 اپریل ، 2009 کو نیوزی لینڈ میں نکلوڈین (آسٹریلیا اور نیوزی لینڈ) کے توسط سے ہوا۔,اس سیریز کا آغاز 18 اپریل 2009 کو نیکلیڈون (نیوزی لینڈ اور نیوزی لینڈ) کے توسط سے آسٹریلیا میں ہوا۔,0
2793,سنگل کا اعلان 31 اکتوبر ، 2015 کو کیا گیا تھا اور اسے 13 نومبر 2015 کو جاری کیا جائے گا۔,سنگل کا اعلان 31 اکتوبر 2015 کو کیا گیا تھا اور اسے 13 نومبر 2015 کو جاری کیا گیا تھا۔,1
2798,وہ اس رات ٹیکمسہ کے مغرب میں واقع اسٹیشن پر سوار ہوتا ، پھر اس سے پہلے کہ اس کے پڑوسیوں کو مشکوک ہوسکتا ہے اس سے پہلے کسی دوسرے گھوڑے کے ساتھ وایلیٹ اسپرنگس میں واپس آجائے گا۔,وہ اس رات ٹیکمسیہ کے مغرب میں اسٹیشن واپس آجاتا ، اور پھر اس کے پڑوسیوں کو مشکوک ہونے سے پہلے ہی کسی دوسرے گھوڑے کے ساتھ وایلیٹ اسپرنگس تک سوار ہوتا۔,0
2805,الیگزینڈر الیگزینڈر تاریخی نیش وِل انٹرنیشنل ریس وے میں 1978 اور 1992 کے ٹریک چیمپیئن تھا ، جسے اب فیئر گراؤنڈ اسپیڈ وے کے نام سے جانا جاتا ہے۔,سکندر تاریخی فیئر گراؤنڈس اسپیڈوے میں 1978 اور 1992 کے ٹریک چیمپیئن تھا ، جسے اب نیشولی انٹرنیشنل ریس وے کے نام سے جانا جاتا ہے۔,0
2812,میک کال اور لیسیوک نے 2007 کے موسم گرما میں بینڈ چھوڑ دیا ، میک کال کی جگہ اسٹیون توش نے ڈرموں پر لے لی اور جیمی میکلیڈ نے باس کے کاموں کو سنبھال لیا۔,میک کال اور لیسیوک نے 2007 کے موسم گرما میں بینڈ چھوڑ دیا جس کی جگہ میک کال کی جگہ جیمی میکلیڈ نے ڈرموں پر اور اسٹیون توش نے باس کے فرائض سنبھالے۔,0
2815,گلبرٹو پر `` ایسٹروڈ '' ٹریک ؛ ایس 1987 کا البم `` ٹائم اینڈ ٹائیڈ '' بسیا ٹرزٹرزیلیسکا کو خراج تحسین پیش کرتا ہے۔,گلبرٹو کے 1987 کے البم `` ٹائم اینڈ ٹائڈ '' پر `` ایسٹروڈ '' ٹریک ، باسیا ٹرزیٹرزیلیسکا کو خراج تحسین ہے۔,1
2820,الیگزینڈرا کوپنجر نے نئی ٹی وی سیریز '' ڈیڈ خوبصورت '' میں سب سے کم عمر بہن ہیزل کا کردار ادا کیا۔,ہیزل نے نئی ٹی وی سیریز '' ڈیڈ خوبصورت '' میں چھوٹی بہن الیگزینڈرا کوپنگر کا کردار ادا کیا۔,0
2824,پروپلیڈیم پیلسنیری سمندری سست کی ایک قسم ہے ، ایک سچا لیمپیٹ ، لیپٹیڈی خاندان میں ایک حقیقی گیسٹروپڈ مولوسک ، سمندری لیمپٹس کے کنبے میں سے ایک ہے۔,پروپلیڈیم پیلسنری سمندری سست کی ایک قسم ہے ، ایک سچا لیمپیٹ ، ایک سمندری گیسٹروڈ مولسک جس میں لیٹیڈی فیملی میں واقع ہے ، جو سچے لمپٹس کے خاندانوں میں سے ایک ہے۔,0
2827,بریڈ کریلن نے آسٹریلیا کے دورے پر بارلا کمبریہ کی نمائندگی کی جس میں 6 دوسرے کھلاڑی برطانیہ کی نمائندگی کرتے تھے ، آسٹریلیا کے دورے پر بھی۔,بریڈ کریلن نے آسٹریلیا کے دورے پر آسٹریلیا کے دورے پر بارلا برطانیہ کی نمائندگی بھی کی جس میں 6 دیگر کھلاڑیوں کے ساتھ کمبریہ کی نمائندگی کی گئی تھی۔,0
2833,اسے 22 دسمبر 2011 کو جاری کیا گیا تھا اور اس کا اعلان فروری 2012 میں کیا گیا تھا۔,یہ 22 دسمبر 2011 کو رجسٹرڈ تھا اور اسے فروری 2012 میں جاری کیا گیا تھا۔,0
2834,کردار اور معدنیات سے متعلق یہ انکشاف 20 نومبر کو ہوا ، جب فوٹیو کو اپنے یوٹیوب چینل پر `` پڑوسیوں '' کے ذریعہ جاری کردہ پردے کے پیچھے ایک ویڈیو میں دیکھا گیا تھا۔,اس کردار اور کاسٹ کا انکشاف 20 نومبر کو ہوا ، جب فوٹیو کو اپنے یوٹیوب چینل پر پردے کے پیچھے `` پڑوسیوں '' کے ذریعہ دیکھا گیا ایک ویڈیو میں جاری کیا گیا تھا۔,0
2850,اگرچہ سیاہ فام کھلاڑیوں کو خارج کرنا کوئی تحریری اصول نہیں تھا ، 1933 کے بعد سے کوئی افریقی نہیں تھا - نیشنل فٹ بال لیگ میں امریکی نہیں کھیلا گیا تھا۔,اگرچہ افریقی کھلاڑیوں کو خارج کرنا کوئی تحریری اصول نہیں تھا ، 1933 کے بعد سے نیشنل فٹ بال لیگ میں کوئی سیاہ فام امریکی نہیں کھیلا تھا۔,0
2855,اصل ٹیم مصنف سال بسسیما اور آرٹسٹ رائے تھامس نے `` دی ایوینجرز '' # 71 (دسمبر 1969) میں تیار کی تھی۔,اصل ٹیم مصنف رائے تھامس اور آرٹسٹ سال بسسما نے `` دی ایوینجرز '' # 71 (دسمبر 1969) میں تخلیق کی تھی۔,0
2863,روایتی `` suikinkutsu '' کی تشکیل کی متعدد جدید تغیرات ہیں۔ ذیل میں دی گئی فہرست میں جدید `` suikinkutsu '' کے کچھ امکانات دکھائے گئے ہیں۔,بہت ساری جدید تغیرات ہیں جو جدید `` suikinkutsu '' کی تشکیل کرتی ہیں: مندرجہ ذیل فہرست روایتی `su Suikinkutsu '' کے لئے کچھ امکانات کو ظاہر کرتی ہے۔,0
2867,بیڈجلرٹ نارتھ ویلز میں گیوینڈڈ ، لیلن ڈینس کے قریب ایک جھیل ہے۔ یہ دریائے گلاسین نے تشکیل دیا ہے۔,للن ڈینس نارتھ ویلز میں گیوینڈڈ ، بیڈجلرٹ کے قریب ایک جھیل ہے ، اور یہ دریائے گلاسین نے تشکیل دی ہے۔,0
2871,اس کو آرکیٹیکٹس فلپ جانسن (یونیورسٹی کے سابق طالب علم) اور جان برجی نے 1983 میں ڈیزائن کیا تھا۔,اس کو 1983 میں آرکیٹیکٹس جان برجی (یونیورسٹی سابق طالب علم) اور فلپ جانسن نے ڈیزائن کیا تھا۔,0
2873,پہلا سیکشن ، ہوکیٹیکا سے روتاپو تک ، 9 نومبر 1906 کو مکمل ہوا ، اور یکم اپریل 1909 کو راس کے لئے مکمل لائن کھولی گئی۔,پہلا سیکشن ، ہوکیٹیکا سے روتاپو تک ، 9 نومبر 1906 کو مکمل ہوا ، اور راس کی پوری لائن 1 اپریل 1909 کو کھول دی گئی۔,1
2878,1781 میں ، الینوائے - گورنر تھامس جیفرسن کلارک نے بریگیڈیئر جنرل کو فروغ دیا اور کینٹکی اور ورجینیا کی کاؤنٹیوں میں اسے پورے ملیشیا کی کمان دی۔,1781 میں ، ورجینیا کے گورنر تھامس جیفرسن نے کلارک کو بریگیڈیئر جنرل کی حیثیت سے ترقی دی اور کینٹکی اور الینوائے کاؤنٹیوں میں تمام ملیشیا کی کمان دی۔,0
2879,وہ ریٹائرمنٹ کے بعد کرزیمیئیک میں رہا اور وہیں فوت ہوگیا۔,ریٹائرمنٹ کے بعد ، وہ کرزیمیئیک میں رہا اور وہیں فوت ہوگیا۔,1
2882,کیبو کیسی پور é نچلے ندی کے مشرق میں ایک وسیع و عریض ہے۔,کیبو کیسپوری ندی کے نچلے داخلی دروازے کے مشرق میں ایک وسیع و عریض ہے۔,0
2890,اوکٹیوس واری مالیٹ کی دوسری بیٹی ، ایلس انا کیتھرین نے 24 جون 1852 کو برطانوی قونصل خانے ، کولون میں تھامس سے شادی کی۔,آکٹویس وار مالیٹ کی دوسری بیٹی ایلس انا کیتھرین نے 24 جون 1852 کو کولون میں برطانوی قونصل خانے میں تھامس سے شادی کی۔,1
2891,لی نے یونان ، روس ، اٹلی ، فرانس ، پورٹو ریکو ، پرتگال اور انڈونیشیا میں پیشہ ورانہ طور پر کھیلا ہے۔ انہوں نے انڈونیشیا اور یونان میں قومی چیمپئن شپ جیت لی ہے۔,انہوں نے پورٹو ریکو ، پرتگال اور انڈونیشیا میں قومی چیمپیئن شپ جیت کر اٹلی ، روس ، یونان ، فرانس ، انڈونیشیا ، اور یونان میں پیشہ ورانہ طور پر کھیلا ہے۔,0
2894,یہ زین مندروں میں استعمال ہونے والے کھانے کی خدمت اور کھانے کا باضابطہ انداز ہے۔,یہ زین - مندروں میں استعمال ہونے والے کھانے کی خدمت اور کھانے کا باضابطہ طریقہ ہے۔,1
2900,وہ ریاضی کے لئے مائشٹھیت کارنیگی اسکالرشپ کے مارٹن ہینسن (لوکاس) کے ساتھ شریک وصول کنندہ ہے۔,مارٹن ہینسن (لوکاس) کے ساتھ وہ ریاضی کے لئے مائشٹھیت کارنیگی اسکالرشپ کے شریک بانی ہیں۔,1
2908,کینال اسٹریٹ کو 1790 میں کھولا گیا تھا اور اس گلی کا نام 1870 آکسفورڈ کینال کے نام پر رکھا گیا تھا۔,آکسفورڈ کینال کو 1790 میں کھولا گیا تھا اور اس گلی کا نام 1870 کے آس پاس کینال اسٹریٹ رکھا گیا تھا۔,0
2913,یہ زین مندروں میں استعمال ہونے والے کھانے کی خدمت اور کھانے کا باضابطہ انداز ہے۔,یہ زین ہے - رسمی مندروں میں مشق کرنے اور کھانے کا انداز۔,0
2917,1999 اور 2003 میں وہ انڈور چیمپیئن بن گئے ، جارنو جوکیہارا اور مارکو ریتولا کے ساتھ ، 2003 میں وہ فینیش چیمپیئن بن گئے۔,وہ 1999 اور 2003 میں فینیش چیمپیئن بنے ، جارنو جوکیہارا اور مارکو ریتولا سے مقابلہ کرتے ہوئے۔ وہ 2003 میں انڈور چیمپیئن بھی بن گئے۔,0
2921,صحافتی ڈائریکٹر ہیکٹر کوسیو لوپیز ہیں اور ڈپٹی ڈائریکٹر آئیون ویس مین ہیں۔,صحافتی ڈائریکٹر آئیون ویس مین ہیں اور وہ ہیکٹر کوسیو لوپیز کے ڈپٹی ڈائریکٹر ہیں۔,0
2924,موٹر وے کو 18 اکتوبر 1954 کو منسوخ کردیا گیا تھا ، جب ایف ایم 1241 میں توسیع کی گئی تھی۔,ہائی وے کو 18 اکتوبر 1954 کو بڑھایا گیا تھا ، جب ایف ایم 1241 منسوخ کردیا گیا تھا۔,0
2928,ڈیرن ویلی لائن پر روزانہ یارک اور شیفیلڈ تک دو لائنیں چلتی ہیں۔,روزانہ دو خدمات شیفیلڈ لائن پر یارک اور ڈیئرین ویلی پر کام کرتی ہیں۔,0
2940,فارمولا _ 7 انٹرا ڈے ریٹرنس پر مبنی دیئے گئے تغیرات کی وضاحت فارمولا _ 8 کے ذریعہ کی گئی ہے جہاں انٹرا ڈے ریٹرن کا احساس ہوسکتا ہے,فارمولا 7 انٹرا ڈے پر مبنی احساس کا تغیر - ریٹرن فارمولا 8 کے ذریعہ ، انٹراڈے کے ساتھ دیا جاتا ہے - ریٹرن کی طرف سے بیان کردہ,0
2943,صوبہ نانجنگ سے تعلق رکھنے والے رومن تاجر ، 166 میں نانیو ، شام 226 میں ، اور 284 میں لوئنگ کا دورہ کیا۔,نانیو نے صوبہ نانجنگ ، 226 شام اور 284 لوئنگ کے 166 رومن تاجروں کا دورہ کیا۔,1
2948,اسی طرح کی سزا کے مطالبات کا اظہار مورخ نیکولے آئورگا اور شاعر اور فاشسٹ سیاستدان آکٹوین گوگا نے کیا۔,اسی طرح کی سزا کے مطالبات مورخہ آکٹوین گوگا ، اور شاعر اور فاشسٹ سیاستدان نیکولے آئورگا نے بھی کیے تھے۔,0
2952,الکامو میں 12 آیات کو اس طرح سے تبدیل کیا گیا ہے: ایک گایا جاتا ہے ، دوسرے نے کہا۔,الکامو میں 12 آیات کو اس طرح تبدیل کیا گیا ہے: ایک گایا جاتا ہے ، دوسرا کہا جاتا ہے۔,1
2956,ٹیلر بیس بال میں شکاگو وائٹ سوکس اور ملواکی اور اٹلانٹا بہادروں کے اسکاؤٹ کی حیثیت سے اپنی موت تک سرگرم رہا۔,ٹیلر اپنی موت تک شکاگو وائٹ سوکس اور ملواکی اور اٹلانٹا بہادروں کے اسکاؤٹ کے طور پر بیس بال میں سرگرم رہا۔,1
2958,جان سوکول (پیدائش 9 اکتوبر ، 1933) ٹرنوا کا سابق بشپ اور سلوواک آرچ بشپ ہے۔,جان سوکول (پیدائش 9 اکتوبر 1933) سلوواک بشپ اور ٹرنوا کا سابق آرچ بشپ ہے۔,0
2963,کانٹینینٹل لیگ تیسرے بڑے کلبوں کی نئی لیگ بنانے کی آخری سنجیدہ کوشش تھی۔,کانٹینینٹل لیگ تیسری میجر لیگ بنانے کی آخری سنجیدہ کوشش تھی جس میں نئے کلبوں پر مشتمل تھا۔,0
2965,1884 میں ، اس نے رابرٹ ولیم فوسٹر ویلچ سے شادی کی ، جو ایک سال بعد فلپ برہم (ایک ڈاکٹر) سے شادی کرنے سے پہلے سن 1903 میں ساؤتیمپٹن چلے گئے تھے۔,1884 میں اس نے رابرٹ ولیم فوسٹر ویلچ سے شادی کی۔ ایک سال بعد فلپ برہم (ایک ڈاکٹر) سے شادی کرنے سے پہلے وہ 1903 میں ساؤتیمپٹن چلی گئیں۔,1
2967,پل پلسن 1867 میں آئس لینڈ میں ملازمت کر رہے تھے ، اور آئس لینڈ کے بہرے بچے کوپن ہیگن کے ایک اسکول میں پڑھتے تھے۔,پل پلسن ، 1867 میں کوپن ہیگن میں ملازم تھے۔ آئس لینڈ کے بہرے بچوں نے آئس لینڈ کے ایک اسکول میں تعلیم حاصل کی۔,0
2971,NVIDIA ٹائٹن V کا سرکاری طور پر NVIDIA نے 7 دسمبر ، 2017 کو اعلان کیا تھا۔,7 دسمبر 2017 کو ، NVIDIA نے NVIDIA ٹائٹن V کو باضابطہ طور پر اعلان کیا ہے۔,1
2972,یہ مشرق میں شیشیکن ٹاؤن شپ ، مشرق اور جنوب میں روم ٹاؤن شپ ، جنوب میں ایتھنز ٹاؤن شپ اور مغرب میں ونڈھم ٹاؤن شپ کے ذریعہ محدود ہے۔,یہ مشرق میں ونڈھم ٹاؤن شپ ، مشرق اور جنوب میں روم ٹاؤن شپ ، جنوب میں شیشیکن ٹاؤن شپ اور مغرب میں ایتھنز ٹاؤن شپ کے ذریعہ محدود ہے۔,0
2974,اس وقت زمین کے مالک مسٹر لیسلی ورنن کلکٹ تھے ، اور انہوں نے مسٹر جانسن کے ساتھ 99 سالہ لیز پر اتفاق کیا۔,اس وقت ، ملک کے مالک مسٹر جانسن تھے ، اور وہ مسٹر لیسلی ورنن کلکٹ کے ساتھ 99 سالہ لیز پر راضی ہوگئے تھے۔,0
2979,دریائے میگرو ş رومانیہ میں دریائے جیوروک کی ایک معاون ہے۔,دریائے جیوروک رومانیہ میں دریائے میگیرو کی ایک آب و ہوا ہے۔,0
2981,سومولی کی بیٹی کو گوپالان سے پیار ہے۔,نیر کی بیٹی سوماولی کو گوپالان سے پیار ہے۔,0
2984,22 ستمبر ، 1918 کو آسٹریلیا کو پہلا وائرلیس ٹیلی گراف پیغام سنوڈونیا سے بھیجا گیا تھا۔,22 ستمبر ، 1918 کو ، آسٹریلیا سے پہلا وائرلیس ٹیلی گراف مواصلات اسنوڈونیا بھیج دیا گیا۔,0
2992,آسٹریا کی ریاست اپر آسٹریا میں رینبچ ایم انکریس ضلع شیورڈنگ میں ایک بلدیہ ہے۔,ریاست اپر آسٹریا کے ضلع شیورڈنگ میں رینبچ ایم انکریس ایک میونسپلٹی ہے۔,1
2996,فوساکو شیگینوبو جاپانی قومی میئ شیگینوبو کی ماں ہیں ، جو ایک صحافی ہیں۔,فوساکو شیگینوبو جاپانی شہری میئ شیگینوبو کی ماں ہیں ، جو ایک صحافی ہیں۔,1
2997,سارگیوغ (سارہگیاخ کے طور پر بھی رومانیا ہوا ؛ سابقہ ​​، ڈاراکوئی ، داراکی ، اور درگیوخ) آرمینیا کے صوبہ شیرک کا ایک گاؤں ہے۔,سارگیاخ (جسے سارگیاخ رومانیائز بھی کہا جاتا ہے ، اس سے قبل ڈاراکوئی ، ڈارکی اور ڈارگیاک) صوبہ آرمینیا کا ایک گاؤں ہے۔,1
3002,کیٹینڈوینس میں ، البی ، صوبوں لوزون ، سورسگون ، مسبیٹ ، بوریاس جزیرہ اور ٹیکاؤ جزیرے کو اپ گریڈ کیا گیا ہے۔,کیٹینڈوینس میں ، البئے ، صوبوں لوزون ، سورسوگن ، مسبیٹ ، بوریاس جزیرہ ، اور ٹیکاؤ جزیرے کو اپ گریڈ کیا گیا۔,1
3004,وہ موسیقار تال بچمن کے چچا اور رائڈر بچن کے والد ہیں۔,وہ موسیقار تال بچن کے چچا اور رائڈر بچن کے والد ہیں۔,1
3005,لونگو نیو جرسی کے جرسی سٹی میں پیدا ہوا تھا ، اور اس نے نیو جرسی کے شہر بیون کے ماریسٹ ہائی اسکول اور روڈ آئلینڈ یونیورسٹی میں تعلیم حاصل کی تھی۔,نیو جرسی کے بیون میں پیدا ہونے والے لونگو نے جرسی سٹی ، نیو جرسی اور روڈ آئلینڈ یونیورسٹی کے ماریسٹ ہائی اسکول کا دورہ کیا۔,0
3010,انہوں نے ولیم ہولڈن کے رومانٹک ڈرامہ `` فیڈورا '' 1978 میں بلی وائلڈر کے ساتھ بھی پرفارم کیا۔,انہوں نے ولیم ہولڈن کے 1978 کے رومانٹک ڈرامہ `` فیڈورا '' میں بلی وائلڈر کے ساتھ بھی کام کیا۔,1
3012,یہ سنٹرل بزنس ڈسٹرکٹ میں تعمیر کردہ تین فرسٹ کلاس ہوٹلوں میں سے تیسرا تھا۔,وسطی کاروباری ضلع میں تعمیر ہونے والے تین تھرڈ کلاس ہوٹلوں میں سے یہ پہلا تھا۔,0
3013,ڈیم تقریبا 110 میٹر لمبا ہے اور اس کی نوک تقریبا 5 5 میٹر چوڑی ہے۔,ڈیم تقریبا 110 میٹر لمبا ہے اور اس کی چوٹی تقریبا 5 5 میٹر چوڑی ہے۔,1
3017,مسز خوشی نے 1901 - 1919 اور 1926 میں - 1936 میں اوومبولینڈ میں کام کیا تھا اور وہیں اسکولوں کے پہلے انسپکٹر کی حیثیت سے موجود تھے۔,مسز خوشی نے 1901 - 1919 اور 1926 - 1936 میں اوومبولینڈ میں اداکاری کی تھی ، اور وہاں اسکولوں کے پہلے انسپکٹر کی حیثیت سے وہاں کام کیا تھا۔,0
3019,یہ رچرڈ کریڈ نے پیش کیا تھا ، جسے جارج ایڈورڈز نے بنایا تھا اور اسے کولنز اور مونموت کے جیفری نے ڈیزائن کیا تھا۔,یہ رچرڈ کریڈ ، جارج ایڈورڈز نے تعمیر کیا تھا اور اسے کولنز اور مونموت کے جیفری نے ڈیزائن کیا تھا۔,0
3021,بعدازاں ، اینڈریو پر حملے کے دوران ، کاؤنٹی آف انگولومی ، رچرڈ ادھیمر کی فوج ہوگی۔,بعد میں ، اینڈریو رچرڈ کی افواج ادہمار پر حملے کے دوران ہوں گی ، کاؤنٹی آف انگولیم۔,0
3026,یو آئی ایف کو 2008 میں انڈور فٹ بال لیگ (آئی ایف ایل) اور یونائیٹڈ شدید فٹ بال لیگ کے مابین انضمام نے بنایا تھا۔,آئی ایف ایل 2008 میں شدید فٹ بال لیگ اور یونائیٹڈ انڈور فٹ بال (یو آئی ایف) لیگ کے مابین انضمام کے ذریعے تشکیل دیا گیا تھا۔,0
3028,1781 میں ، الینوائے کے گورنر تھامس جیفرسن نے کلارک کو بریگیڈیئر جنرل کے لئے ترقی دی اور کینٹکی اور ورجینیا کی کاؤنٹیوں میں اسے پوری ملیشیا کی کمان دی۔,1781 میں ، ورجینیا کے گورنر تھامس جیفرسن نے کلارک کو بریگیڈیئر جنرل کی حیثیت سے ترقی دی اور کینٹکی اور الینوائے کی کاؤنٹیوں میں تمام ملیشیا کے لئے حکم دیا۔,0
3032,EIT میڈیم کے تناظر میں `stop رکھی روشنی سے مراد '' مربوط` `quant کوانٹم سسٹم اور بیک میں فوٹون کی منتقلی سے مراد ہے۔,E EIT میڈیم کے تناظر میں ، `` رک گئی '' روشنی ، فوٹون کی مربوط نظام میں اور پھر سے ایک بار پھر `` کوانٹم '' کی منتقلی سے مراد ہے۔,0
3033,ڈگلس فیئربینک کے ساتھ 80 منٹ میں دنیا بھر میں 1931 میں امریکی پری کوڈ کی ایک دستاویزی فلم ہے جس کی ہدایتکاری ڈگلس فیئربینک اور وکٹر فلیمنگ کی ہدایتکاری ہے اور رابرٹ ای شیروڈ نے لکھا ہے۔,ڈگلس فیئربینک کے ساتھ دنیا بھر میں 80 منٹ میں ، 1931 سے ایک امریکی پری کوڈ دستاویزی فلم کی ہدایتکاری ڈگلس فیئربینک اور وکٹر فلیمنگ اور رابرٹ ای شیرووڈ نے کی ہے۔,1
3036,پل پلسن ، 1867 میں کوپن ہیگن میں ملازم تھے۔ آئس لینڈ کے بہرے بچوں نے آئس لینڈ کے ایک اسکول میں تعلیم حاصل کی۔,1867 میں آئس لینڈ میں ملازمت کرنے والے ، پیل پلسن ، آئس لینڈ کے ڈیف نے کوپن ہیگن کے ایک اسکول میں تعلیم حاصل کی۔,0
3040,نجان پیرنا نٹل 1985 میں ایک ہندوستانی ملیالم فلم ہے ، جو پی چندرکمار نے تیار کی تھی اور اس کی ہدایتکاری پی چندرکمر نے کی تھی۔,نجن پیرانا نٹل 1985 سے ایک ہندوستانی ملیالم فلم ہے ، جسے پی چندرکمار نے تیار کیا تھا اور اس کی ہدایتکاری پی چندرکمر نے کی تھی۔,1
3042,8 مئی 2015 کو ، مشیل سورو تپیا ہار گئے۔,8 مئی 2015 کو ، تپیا مشیل سورو سے ہار گئی۔,0
3045,رائے دہندگان نے سیویر کو گورنر کی حیثیت سے ووٹ دیا ، نئی منتخب کردہ مقننہ نے بلاؤنٹ اور اینڈریو جیکسن کو سینیٹرز کی حیثیت سے ووٹ دیا ، اور ولیم کوک کو ایک کانگریس مین کی حیثیت سے ووٹ دیا۔,رائے دہندگان نے سیور کو گورنر کے طور پر منتخب کیا۔ نئی منتخب مقننہ نے بلاؤنٹ اور ولیم کوک کو سینیٹرز کی حیثیت سے ، اور اینڈریو جیکسن کو کانگریس مین کی حیثیت سے ووٹ دیا۔,0
3048,1997 میں ، وہ `` کورونشن اسٹریٹ میں شیلا ڈکسن کی حیثیت سے ، اور 1998 میں نومی رسل کی حیثیت سے نمودار ہوئی۔,ہارڈوک 1997 میں شیلا ڈکسن کی حیثیت سے اور 1998 میں نومی رسل کی حیثیت سے `` کورونشن اسٹریٹ '' میں نمودار ہوا۔,1
3052,یہ 22 دسمبر 2011 کو شائع ہوا تھا اور اس کا اعلان فروری 2012 میں کیا گیا تھا۔,اس کا اعلان 22 دسمبر 2011 کو کیا گیا تھا اور اسے فروری 2012 میں جاری کیا گیا تھا۔,0
3060,فارمولا 2 کی اعلی اقدار کے لئے پچھلی اوسط زیادہ اہم ہے۔,سابقہ ​​اوسط فارمولہ _ 2 کی اعلی اقدار کے لئے زیادہ اہم ہے۔,1
3064,یہ پروگرامنگ زبانوں کی ایک فہرست ہے جو صوتی پیداوار ، الگورتھمک مرکب ، اور صوتی ترکیب کے ل optim بہتر ہیں۔,یہ پروگرامنگ زبانوں کی ایک فہرست ہے جو صوتی پیداوار ، صوتی مرکب ، اور الگورتھمک ترکیب کے ل optim بہتر ہیں۔,0
3069,اس کے علاوہ ، وہ فعال طور پر جسمانی طور پر متحرک ، سیکھنے کے لئے آزاد اور دریافت کرنے کے لئے بے چین ہیں۔,اس کے علاوہ ، وہ جسمانی طور پر متحرک ، دریافت کرنے کے لئے آزاد اور سیکھنے کے لئے بے چین ہیں۔,0
3075,"1933 میں ، کیٹیل نے لکھا ہے کہ تمام نورڈک ریسوں میں سے ، ""سب سے زیادہ ترقی یافتہ مزاج کی ذہانت اور استحکام میں یورپی نسل تھی۔",1933 میں کیٹیل نے لکھا ہے کہ ، تمام نورڈک ریسوں میں سے ، `` یورپی نسل سب سے زیادہ ذہانت اور مزاج کے استحکام میں تیار ہوئی تھی ''۔,1
3076,سیمی ڈوز خود ریپائڈس پیرش کے جنوب میں واقع ایوئیلس پیرش میں واقع اپنی والدہ کی آبائی برادری میں پیدا ہوئے تھے۔,سیمی ڈونس ریپائڈس پیرش کے جنوب میں واقع ایوئیلس پیرش میں اپنی والدہ ایفی کی آبائی برادری میں پیدا ہوئے تھے۔,1
3081,یوجین ڈی اینگلی 5 اپریل 1851 کو جیمس ہنری اینگلی اور ان کی اہلیہ ، سابق مریم کالی کے بیٹے ، میساچوسٹس کے اٹلیبرو میں پیدا ہوئے تھے۔,جیمز ہنری اینگلی 5 اپریل 1851 کو میساچوسٹس کے اٹلیبرو ، یوجین ڈی اینگلی اور ان کی اہلیہ ، سابق مریم کیلی کے بیٹے میں پیدا ہوئے تھے۔,0
3083,میکارتھی کیلیفورنیا کے سان فرانسسکو میں پیدا ہوئے تھے ، لیکن وہ چار سال کی عمر میں اپنے والدین کے ساتھ آکلینڈ چلے گئے۔,میکارتھی کیلیفورنیا کے سان فرانسسکو میں پیدا ہوئے تھے ، لیکن وہ چار سال کی عمر میں اپنے والدین کے ساتھ آکلینڈ چلے گئے تھے۔,1
3087,بگ بینڈ اسپیشلز جون کرسٹی کا 1962 کا ایک البم ہے ، جس میں بل ہولمین ، شارٹی راجرز اور شوہر باب کوپر نے ٹریک کیا ہے۔,بگ بینڈ اسپیشلز باب کوپر کا 1962 کا البم ہے ، جس کے پٹریوں کا اہتمام بل ہولمین ، شارٹی راجرز اور اس کے شوہر جون کرسٹی نے کیا تھا۔,0
3089,ٹلفورڈ ایلی جان ٹول رٹ کا پوتا تھا ، جو کریب رابنسن کا ابتدائی دوست تھا۔,ٹلفورڈ ایلی جان ٹول رٹ کا پوتا تھا ، جو کریب رابنسن کا ابتدائی دوست تھا۔,1
3101,دریائے بوئیا مکی رومانیہ میں دریائے ویلیا اسٹرمینوس کی ایک آب و ہوا ہے۔,دریائے ویلیا اسٹرمینوسس رومانیہ میں بویا میکاا ندی کی ایک معاون ہے۔,0
3103,پرڈینشل بلڈنگ (ایچ ایم بی) پہلے ہیوسٹن کی مرکزی عمارت ، ٹیکساس کے میڈیکل سنٹر ، ہیوسٹن ، ٹیکساس میں ایک فلک بوس عمارت تھی۔,ہیوسٹن کی مرکزی عمارت (ایچ ایم بی) اس سے قبل ہیوسٹن ، ٹیکساس کے ٹیکساس میڈیکل سنٹر میں پرڈینشل بلڈنگ ایک فلک بوس عمارت تھی۔,0
3108,پہلا زمرہ مونوولینٹ فعل ہے ، جہاں صرف ایک ہی معنوی دلیل ہے اور اس میں غیرجانبدار فعل اور غیر متزلزل فعل دونوں پر مشتمل ہے۔,پہلا زمرہ غیرجانبدار فعل ہے ، جہاں صرف ایک ہی ناقابل حساب دلیل ہے اور اس میں سیمنٹک فعل اور مونوولینٹ فعل دونوں پر مشتمل ہے۔,0
3112,1985 میں ایس آئی ڈی بی کے دیوالیہ ہونے کے بعد ، ہوبسن اور کینوبیو نے کمپوب باکس پروگرام چھوڑ دیا اور کمپوب باکس انکارپوریشن کی بنیاد رکھی ، بعد میں ہوبسن نے 2002 میں اس کمپنی کا نام تبدیل کردیا۔,1985 میں ایس آئی ڈی بی کے دیوالیہ ہونے کے بعد ، ہوبسن اور کینوبیو نے پروگرام کمپوب باکس کا نام بدل دیا اور کمپوب باکس انکارپوریشن کی بنیاد رکھی۔ بعد میں 2002 میں کمپنی چھوڑ گئی۔,0
3118,1974 میں ، ورلڈ بینک ، اقوام متحدہ ، اور ایشین ڈویلپمنٹ بینک کی حمایت سے ، لاؤ پی ڈی آر نے اسٹیج II فنڈ کی بنیاد رکھی۔,1974 میں ، اقوام متحدہ ، ایشین ڈویلپمنٹ بینک اور ورلڈ بینک کے تعاون سے ، لاؤ پی ڈی آر نے اسٹیج II فنڈ کی بنیاد رکھی۔,1
3119,رابرٹ ونسنٹ گولڈسبورو 3 اکتوبر 1937 کو شکاگو میں پیدا ہوئے ، معمار رابرٹ گولڈسبورو اور ولما (جنک) گولڈسبورو کا بیٹا تھا۔,رابرٹ گولڈسبورو 3 اکتوبر 1937 کو شکاگو میں رابرٹ ونسنٹ گولڈسبورو اور ولما (جنک) گولڈسبورو آرکیٹیکٹ کے بیٹے کی حیثیت سے پیدا ہوئے تھے۔,0
3126,وہ کونرز ویل چلا گیا اور انڈیانا میں آباد ہوگیا اور قانون کی مشق جاری رکھی۔,وہ کونرز ویل چلا گیا اور انڈیانا میں آباد ہوگیا اور اپنے قانون پر عمل جاری رکھا۔,1
3127,اس پرجاتیوں کو پہلی بار باضابطہ طور پر نباتات کے ماہر اسٹیفن اینڈلچر نے 1846 میں جوہان جارج کرسچن لہمن کے ذریعہ کام `` Irideae plantae Preissianae '' کے ایک حصے کے طور پر بیان کیا تھا۔,اس پرجاتیوں کو سب سے پہلے باضابطہ طور پر نباتات کے ماہر جوہن جارج کرسچن لہمن نے 1846 میں اسٹیفن اینڈلچر کے کام `` Irideae کے حصے کے طور پر بیان کیا تھا۔ پلانٹے پریسیانا ''۔,0
3129,تاہم ، ایک حادثہ لوکاس کو امینیشیا کے ساتھ چھوڑ دیتا ہے ، جسے سمیع اپنے فائدے کے لئے استعمال کرتا ہے۔,تاہم ، سمیع امنسیا کے ساتھ ایک حادثہ چھوڑ دیتا ہے ، جسے لوکاس اپنے فائدے کے لئے استعمال کرتا ہے۔,0
3130,کاسٹ مکمل طور پر مرد تھا اور اس میں میلبورن کے چھ اداکار اور ایک سڈنی اداکار (گورڈن گلین رائٹ) شامل تھے۔,کاسٹ سب مرد تھا اور اس میں میلبورن کے چھ اداکار اور ایک سڈنی اداکار (گورڈن گلین رائٹ) شامل تھے۔,1
3133,اینڈیسیٹ مافک لاوا تھا - کچھ ایسے نمونوں کے ساتھ ٹائپ کریں جو بیسالٹک اینڈیسیٹ کے طور پر درجہ بندی کرنے کے لئے کافی حد تک غالب تھے۔,اینڈیسائٹ مافک لاوا کی قسم تھی جس میں کچھ نمونے کافی حد تک غالب تھے جو بیسالٹک اینڈیسیٹ کے طور پر درجہ بندی کیے جاسکتے ہیں۔,1
3135,1997 میں ، وہ `` کورونشن اسٹریٹ '' میں نومی رسل کی حیثیت سے اور 1998 میں شیلا ڈکسن کی حیثیت سے نمودار ہوئی۔,ہارڈوک 1997 میں شیلا ڈکسن کی حیثیت سے اور 1998 میں نومی رسل کی حیثیت سے `` کورونشن اسٹریٹ '' میں نمودار ہوا۔,0
3138,تیسرا ریڈیو ورژن بی بی سی کے ذریعہ مئی 2008 میں ولٹن کے ساتھ دوبارہ بیت اور مصنف ڈف کھیل رہا تھا۔,تیسرا ریڈیو ورژن بی بی سی کے ذریعہ مئی 2008 میں ولٹن کے ساتھ ڈف اور مصنف جو بیت کا کردار ادا کرتا ہے کے ساتھ نشر کیا گیا تھا۔,0
3139,1990 کی دہائی کے آخر میں ، یہ سیئٹل میں سہولت اسٹورز اور سپر مارکیٹوں پر وسیع پیمانے پر دستیاب تھا اور یہ منیپولس میں کئی کیفے میں دستیاب ہے۔,1990 کی دہائی کے آخر میں یہ سیئٹل میں سہولت اسٹورز اور سپر مارکیٹوں میں وسیع پیمانے پر پھیلا ہوا تھا اور یہ مینیپولس میں کئی کیفے میں دستیاب ہے۔,1
3149,بایزد دوم نے گلبھار ہاتن سے شادی کی ، جو بایزڈ II کے جانشین ، سلیم اول اور ستی میکریم ہاتن کے بھتیجے کی ماں تھیں۔,بایزد دوم نے گلبھار ہاتن سے شادی کی ، جو بایزد دوم کی ماں تھیں۔ ، سلیم اول ، اور ستی میکریم ہاتون کا بھتیجا۔,1
3153,بونٹنگ کا انتقال 19 ستمبر 1891 کو ٹینیسی کے گیلٹن میں ہوا۔ اسے گیلٹن میں میسونک جنازہ ملا۔,ان کا 19 ستمبر 1891 کو ٹینیسی کے گیلٹن میں انتقال ہوگیا ، اور انہوں نے گیلٹن میں میسونک حاصل کیا۔,1
3159,25 جون 1866 کو وہ لائسیا میں `` نیسہ اور ٹائٹلر ویلیٹری کے بشپ کا بشپ مقرر ہوا۔,25 جون ، 1866 کو ، وہ لائسیا میں `` نیسا کا ٹائٹلر بشپ ، اور ویلتری کے بشپ مقرر ہوئے۔,0
3160,1997 میں ، وہ `` کورونشن اسٹریٹ میں شیلا ڈکسن کی حیثیت سے ، اور 1998 میں نومی رسل کی حیثیت سے نمودار ہوئی۔,ہارڈوک 1997 میں نومی رسل کی حیثیت سے اور 1998 میں شیلا ڈکسن کے طور پر `` کورونشن اسٹریٹ '' میں نمودار ہوا۔,0
3162,ہرن کی آبادی پر قابو پانے کا ایک اور طریقہ یہ ہے کہ زرخیزی کی شرح کو منظم کیا جائے۔,ہرن کی آبادی پر قابو پانے کا ایک اور طریقہ یہ ہے کہ پیدائش کی شرح کو منظم کیا جائے۔,1
3167,ابتدائی گھاووں میں بظاہر ایک عام ٹشو ہوتا ہے جو مائکروسکوپک امتحان میں غیر معمولی دکھائی دیتا ہے اور جس میں کینسر اس کے مورفولوجیکل عام ہم منصب سے زیادہ امکان رکھتا ہے۔,ابتدائی گھاووں میں مورفولوجیکل ایٹیکل ٹشو ہوتے ہیں جو مائکروسکوپک امتحان میں غیر معمولی دکھائی دیتے ہیں اور جس میں اس کے بظاہر عام ہم منصب کے مقابلے میں کینسر ہونے کا زیادہ امکان ہوتا ہے۔,0
3170,وہ لاس اینجلس ، کیلیفورنیا میں کھڑے چارلس وینڈھم کی پیدائش ہوئی اور انگلینڈ کے لندن میں انتقال کر گئی۔,وہ لندن ، انگلینڈ ، چارلس وینڈھم میں پیدا ہوا تھا ، اور کیلیفورنیا کے لاس اینجلس میں انتقال کر گیا تھا۔,0
3171,اس نے بڑی عمر کی کھائی کو گھیر لیا ، جو 16 ویں صدی کے اوائل میں الیوسیو دی نیو نے تعمیر کیا تھا ، جس نے بیلی گوروڈ کو محدود کیا تھا۔,اس نے 16 ویں صدی کے اوائل میں الیوسیو کے ذریعہ تعمیر کردہ پرانی کھائی کو گھیر لیا جس نے بیلی گوروڈ کو محدود کردیا۔,1
3172,مِک مڈلز کی سوانح حیات مانچسٹر کے مصنف کرس سیوی نے لکھی تھی ، اور اسے نومبر 2014 میں شائع کیا گیا تھا۔,کرس سیوی کی ایک سوانح حیات مانچسٹر کے مصنف میک مڈلز نے لکھی تھی اور اسے نومبر 2014 میں شائع کیا گیا تھا۔,0
3173,یہ 1544 میں ہنری آڈلی اور جان کورڈل کو عطا کیا گیا تھا ، جس نے اسے فورا. جان سون کے حوالے کردیا۔,یہ جان سون کو 1544 میں دیا گیا تھا ، جس نے اسے فوری طور پر ہنری آڈلے اور جان کورڈل کو پہنچایا۔,0
3174,جہاں `` e '' ذرہ اور A کا برقی چارج برقی مقناطیسی فیلڈ کا مقناطیسی ویکٹر کی صلاحیت ہے۔,جبکہ '' E `` ذرہ اور A کا مقناطیسی چارج برقی مقناطیسی فیلڈ کا برقی ویکٹر کی صلاحیت ہے۔,0
3180,2011 میں ، ضلع ووزن کے جنوب میں چانگزو میں تائہو جھیل کے قریب تاہووان میں سی سی جو لینڈ نامی ایک نیا تفریحی پارک کھلا۔,2011 میں ، سی سی جو لینڈ نامی ایک نیا تفریحی پارک چانگ زو کے جنوب میں واقع ووزن ضلع میں تاہو جھیل کے قریب تاہوان میں کھولا گیا۔,0
3187,رینیفورم بدنما داغ پیلے اور سیاہ میں بیان کیا گیا ہے۔,رینیفورم بدنما زرد اور سیاہ خاکہ ہے۔,1
3194,لیفٹیننٹ جان گیج نے مئی 1805 میں اسے شمالی بحر میں داخل کیا ، اور لیفٹیننٹ رابرٹ رمسی نے 1806 میں ان کی جگہ لے لی۔,لیفٹیننٹ رابرٹ رمسی نے مئی 1805 میں اسے شمالی بحیرہ شمالی کے لئے کمیشن دیا تھا۔ لیفٹیننٹ جان گیج نے 1806 میں ان کی جگہ لی۔,0
3203,سیپاہوا پیرو کے جنوبی صوبہ اٹالیہ کا ایک ضلع ہے۔,سیپاہوا صوبہ اٹالیہ کے جنوبی پیرو کا ایک ضلع ہے۔,0
3207,1886 میں ، میلز نے اریزونا کے شعبہ میں چیریکاہوا اپاچی کے رہنما ، جیرونیمو سے لڑنے والی مسلح افواج کے کمانڈر کے طور پر جنرل جارج کروک کی جگہ لی۔,1886 میں ، جارج کروک نے ایریزونا کے محکمہ میں چیریکاہوا اپاچی کے رہنما جیرونیمو کے خلاف لڑنے والے فورسز کے کمانڈر کی حیثیت سے جنرل میلز کی جگہ لی۔,0
3212,ونسنٹ گولڈسبورو 3 اکتوبر 1937 کو شکاگو میں پیدا ہوا تھا ، معمار رابرٹ گولڈسبورو اور ولما (جنک) کا بیٹا گولڈسبورو میں تھا۔,رابرٹ گولڈسبورو 3 اکتوبر 1937 کو شکاگو میں پیدا ہوئے ، معمار رابرٹ ونسنٹ گولڈسبورو اور ولما (جنک) گولڈسبورو کا بیٹا تھا۔,0
3214,مزید برآں ، چیمپیئن جیک سویگر ، میز اور کوفی کنگسٹن کے مابین ریاستہائے متحدہ امریکہ چیمپینشپ کے لئے ٹرپل دھمکی کا میچ تھا۔,اس کے بعد چیمپیئن جیک سویگر ، میز اور کوفی کنگسٹن کے مابین ریاستہائے متحدہ چیمپینشپ کے لئے ٹرپل دھمکی کا میچ تھا۔,1
3216,اس کی ہدایتکاری ولارڈ میک نے کی تھی اور یہ جارج فٹزمورائس کے ذریعہ 1917 کے تھیٹر پلے `` ٹائیگر روز '' پر مبنی ہے۔,جارج فٹزمورائس کی ہدایت کاری میں ، یہ 1917 کے کھیل `` ٹائیگر روز '' پر مبنی ہے جو ولارڈ میک کے ذریعہ ہے۔,0
3221,وہ بروس پیلٹرو کی بیوہ اور اداکارہ گیوینتھ پیلٹرو اور ڈائریکٹر جیک پیلٹرو کی والدہ ہیں۔,وہ جیک پیلٹرو کی بیوہ اور اداکارہ گیوینتھ پیلٹرو اور ڈائریکٹر بروس پیلٹرو کی والدہ ہیں۔,0
3222,2018 میں فریل کو پوپ فرانسس کے ذریعہ اوسوری کا نیا بشپ مقرر کیا گیا تھا۔,2018 میں ، پوپ فرانسس کو فریل نے اوسوری کا ایک نیا بشپ مقرر کیا تھا۔,0
3225,بلی بیٹسن `` بلیک ایڈم '' کے پہلے چار شمارے میں نظر آئے ، جو 2008 کے آخر اور 2009 کے اوائل کے درمیان شائع ہوئے۔,بلی بلی بیٹسن `` بلیک ایڈم '' کے پہلے چار ایشوز میں نمودار ہوئے ، جو 2008 کے آخر اور 2009 کے اوائل کے درمیان شائع ہوئے۔,1
3226,ستمبر 1942 تک ، والکنز نے خدمت سنبھالی تھی اور مڈلینڈز کو ختم کردیا گیا اور پھر واپس لے لیا گیا۔,ستمبر 1942 تک ، ولکنز نے پوری طرح سے خدمت سنبھالی تھی اور مڈلینڈز کو ختم کردیا گیا اور پھر واپس لے لیا گیا۔,1
3227,فوبی اور نیلسن نے چار بیلوں (ٹام ، جیری اور ہولڈن - بیری اور بک) اور ایک گائے کے ساتھ سفر کیا۔,فوبی اور ہولڈن نے چار بیلوں (ٹام ، جیری ، اور نیلسن کے - بیری اور بک) اور ایک گائے کے ساتھ سفر کیا۔,0
3229,مئی 2011 میں اس نے اپنی پہلی خصوصیت لکھی ، ہدایت کی اور تیار کی۔,مئی 2011 میں تیار کردہ ، اس نے ہدایت کی اور اپنی پہلی فیچر فلم لکھی۔,1
3232,عملے کے کچھ ممبران گولڈن بے میں ہلاک ہوگئے تھے اور دوسرے موری سے کوئی مقامی رابطہ نہیں تھا۔,عملے کے کچھ ممبران گولڈن بے میں ہلاک ہوگئے تھے اور مقامی ماوری سے کوئی دوسرا رابطہ نہیں تھا۔,0
3234,یہ زین ہے - رسمی مندروں میں مشق کرنے اور کھانے کا انداز۔,یہ زین مندروں میں مشق کرنے والے کھانے کی خدمت اور کھانے کا باضابطہ انداز ہے۔,0
3236,قائم مقام باس - رینی پکاریریٹو - 1988 میں 1994 میں رہا ہونے والے لورین پکاریٹو کا بیٹا۔,قائم مقام باس - لورین پیکیریٹو - رینی پکاریٹو کا بیٹا 1988 میں گرفتار ؛ 1994 میں جاری کیا گیا,0
3241,ان کا انتخاب این بی اے - ڈرافٹ 1967 کے 77 ویں راؤنڈ (مجموعی طور پر 7 ویں چن) میں فلاڈیلفیا 76ers نے کیا تھا۔,ان کا انتخاب 1967 کے این بی اے ڈرافٹ کے 7 ویں راؤنڈ (مجموعی طور پر 77 ویں انتخاب) میں فلاڈیلفیا 76ers نے کیا تھا۔,0
3244,بائبل کا عذاب اس کے انتہائی منفی معنوں میں ایک باضابطہ نعمت ہے۔,ایک بائبل کا عذاب ، اس کے انتہائی منفی معنوں میں ، ایک باضابطہ نعمت ہے۔,1
3246,ان کی جگہ اولیسگن اوباسانجو (1975) اور مرٹلہ محمد (1976) نے یکے بعد دیگرے بغاوتوں میں لے لیا۔,ان کی جگہ اولوسگن اوباسانجو (1975 میں) اور مرٹلہ محمد (1976 میں) یکے بعد دیگرے بغاوتوں میں لے گئی۔,1
3251,ٹرپل دیوی کا ایک جدید خیال نئی وِکا کی مذہبی تحریک کا مرکزی مرکز ہے۔,ٹرپل دیوی کا ایک جدید خیال وِکا کی نئی مذہبی تحریک کا مرکز ہے۔,1
3253,کدوا جنوب مشرقی نیپال کے نارانی زون میں ضلع باڑہ میں ایک گاؤں اور گاؤں کی ترقیاتی کمیٹی ہے۔,کدوا جنوب مشرقی نیپال کے ضلع باڑہ میں نارانی زون میں ایک گاؤں اور گاؤں کی ترقیاتی کمیٹی ہے۔,1
3254,1i پروڈکشن ایک امریکی بورڈ گیم پبلشر ہے۔ اس کی بنیاد 2004 میں جینا ، ولیم اور کولن بورن نے رکھی تھی۔,1i پروڈکشن ایک امریکی بورڈ کا کھیل ہے۔ اس کی بنیاد 2004 میں جینا ، ولیم اور کولن بورن نے رکھی تھی۔,1
3256,چاندلر نے کمپیوٹر کو سیکھنے کے ایک آلے کے طور پر پہچان لیا ، لیکن اس نے ایک مروجہ مقصدیت کو مسترد کردیا جو ڈیٹا کو معلومات ، اور معلومات کو علم کے طور پر سمجھا جاتا ہے۔,چاندلر نے کمپیوٹر کو سیکھنے کے ایک آلے کے طور پر پہچان لیا ، لیکن اس نے ایک اہم مقصدیت کو مسترد کردیا جس نے ڈیٹا کو معلومات اور معلومات کو علم کے طور پر دیکھا۔,1
3258,اتوار کے روز ، گلاسگو کی ایک گھنٹہ خدمت ہے ، لیکن ایڈنبرا اور ڈنبلین کی کوئی خدمت نہیں ہے۔,اتوار کے روز ، گلاسگو کے لئے ایک گھنٹہ خدمت ہے ، لیکن ایڈنبرا اور ڈنبلین کی کوئی خدمت نہیں ہے۔,1
3259,سیڈرز ونچسٹر ، میساچوسٹس میں پیدا ہوئے تھے اور نیو ہیمپشائر کے ڈیری میں پلا بڑھا تھا۔,سیڈرز نیو ہیمپشائر کے ڈیری میں پیدا ہوئے تھے۔ وہ میساچوسٹس کے شہر ونچسٹر میں بڑا ہوا۔,0
3260,دریائے تباکی رومانیہ میں دریائے لورڈا کی ایک آبدھی ہے۔,دریائے لوراڈا رومانیہ میں دریائے تباسی کی ایک آبدھی ہے۔,0
3273,30 جون 1954 کو نیو یارک سٹی کے شہر کلیمور ، اوکلاہوما میں گیسٹرک کینسر کی وجہ سے ان کا انتقال ہوگیا ، اور وہ لن رِگز میموریل کا گھر ہے۔,اوکلاہوما کے شہر کلیمور میں 30 جون 1954 کو پیٹ کے کینسر کی وجہ سے ان کا انتقال ہوگیا۔ نیو یارک سٹی لن رِگز میموریل کا گھر ہے۔,1
3275,کیلیفورنیا کے تبورون میں پیدا ہوئے ، وہ نیو یارک کے بروکلین میں انتقال کر گئے۔,وہ کیلیفورنیا کے شہر تبورون میں پیدا ہوا تھا ، اور وہ نیو یارک کے بروکلین میں انتقال کر گیا تھا۔,1
3278,فیرو میگنیٹ سے پیرا میگنیٹ میں ایک مرحلہ منتقلی مستقل ہے اور یہ دوسرا حکم ہے۔,فیرو میگنیٹ سے پیرا میگنیٹ میں ایک مرحلہ منتقلی مستقل ہے اور یہ دوسرا حکم ہے۔,1
3288,30 جون 1954 کو نیو یارک میں گیسٹرک کینسر کی وجہ سے ان کا انتقال ہوگیا ، اور کلیمور ، اوکلاہوما لن رِگز میموریل کا گھر ہے۔,30 جون 1954 کو نیو یارک سٹی کے شہر کلیمور ، اوکلاہوما میں گیسٹرک کینسر کی وجہ سے ان کا انتقال ہوگیا ، اور وہ لن رِگز میموریل کا گھر ہے۔,0
3289,کھلاڑی ایکس بکس لائیو سے زیادہ مسابقتی اور درجہ بندی کے آرام دہ اور پرسکون کھیلوں میں تین مخالفین کو کھیل سکتے ہیں۔,کھلاڑی ایکس بکس لائیو کے مقابلے میں تین مخالفین کے خلاف آرام دہ اور پرسکون اور درجہ بندی کے مسابقتی کھیلوں میں کھیل سکتے ہیں۔,0
3301,ہیملن جیل میں الزبتھ مارشال کے ذریعہ البرٹ پیئرپوائنٹ کے 24 منٹ بعد 3 مئی 1947 کو صبح 9: 55 بجے ، اسے اپنے جرائم کے لئے پھانسی دے دی گئی۔,اسے 3 مئی 1947 کو ، ایلیسبتھ مارشال کے 24 منٹ بعد ، اس کے جرائم کے الزام میں ہیملن جیل میں البرٹ پیئرپوائنٹ نے پھانسی دی۔,0
3306,اصل ٹیم مصنف سال بسسیما اور آرٹسٹ رائے تھامس نے `` دی ایوینجرز '' # 71 (دسمبر 1969) میں تیار کی تھی۔,اصل ٹیم مصنف سال بسسیما اور آرٹسٹ رائے تھامس نے `` دی ایوینجرز '' # 71 (دسمبر 1969) میں تشکیل دی تھی۔,1
3325,30 اپریل 1983 کو ، کیوبا کے ناس گوانتانامو بے کے لئے تفویض کردہ ایک سی - 311 ، 13 انسانی جانوں کے نقصان سے ناس جیکسن ویل میں گر کر تباہ ہوا۔,30 اپریل 1983 کو ، ناس گوانتانامو بے کے لئے تفویض کردہ ایک سی 131 ، کیوبا نے 13 جانوں کے نقصان سے ناس جیکسن ویل میں گر کر تباہ کیا۔,1
3327,انہوں نے جون 1961 میں چوتھے ڈویژن کے شیفیلڈ یونائیٹڈ میں جانے سے قبل اسکنٹورپ یونائیٹڈ کے ساتھ فٹ بال لیگ میں اپنے کیریئر کا آغاز کیا۔,انہوں نے جون 1961 میں چوتھے ڈویژن کے سکنٹورپ یونائیٹڈ میں شامل ہونے سے قبل شیفیلڈ یونائیٹڈ کے ساتھ فٹ بال لیگ میں اپنے کیریئر کا آغاز کیا۔,0
3328,کیمپس وان چائی اور کینیڈی ٹاؤن میں واقع تھا۔ اگست 2013 میں اسکول سائی کنگ میں اپنی نئی مستقل سائٹ میں چلا گیا۔,یہ کیمپس وان چائی اور کینیڈی ٹاؤن میں واقع تھا اور اگست 2013 میں سائی کنگ میں اپنے نئے مستقل سائٹ میں منتقل ہوگیا تھا۔,1
3341,ایک ملٹی ویرس متبادل کائنات کا ایک مجموعہ ہے جس میں اسی طرح کی نوعیت اور عالمگیر درجہ بندی ہے۔,ایک ملٹی ویرسی متبادل کائنات کا مجموعہ ہے ، جس میں عالمگیر نوعیت اور اسی طرح کی درجہ بندی ہے۔,0
3343,یہ اس کی لاش ہل میڈینیٹ حبو سے دو الگ الگ شلالیھ میں ریکارڈ کیا گیا تھا ، جو جسمانی طور پر لمبے اور ایک دوسرے سے کچھ مختلف ہیں۔,یہ اس کی لاش ہارٹ میڈینیٹ حبو سے دو لمبی تحریروں میں ریکارڈ کیا گیا تھا ، جو جسمانی طور پر الگ اور ایک دوسرے سے کچھ مختلف ہیں۔,0
3346,تاہم ، سمیع امنسیا کے ساتھ ایک حادثہ چھوڑ دیتا ہے ، جسے لوکاس اپنے فائدے کے لئے استعمال کرتا ہے۔,تاہم ، ایک حادثہ سمیع کو امونیا کے ساتھ چھوڑ دیتا ہے ، جسے لوکاس اپنے فائدے کے لئے استعمال کرتا ہے۔,1
3355,ایزوسا پیسیفک یونیورسٹی میں ایزوسا کیمپس لاس اینجلس کے شمال مشرق میں واقع سان گیبریل ویلی میں واقع ہے۔,ایزوسا پیسیفک یونیورسٹی کا ایزوسا کیمپس لاس اینجلس کے شمال مشرق میں واقع سان گیبریل وادی میں واقع ہے۔,1
3357,دریائے ہوڈیاسا رومانیہ میں دریائے بریڈو کی آب و ہوا ہے۔,دریائے بریڈو رومانیہ میں دریائے ہوڈیاسا کی ایک معاون ہے۔,0
3359,اس کی شادی الزبتھ ینگ (1854 - 1932) سے ہوئی تھی اور وہ شپنگ میگنیٹ این او کے والد تھے۔ ینگ فیرنلی اور زمیندار تھامس فیرنلی۔,اس کی شادی الزبتھ ینگ (1854 - 1932) سے ہوئی تھی اور وہ شپنگ میگنیٹ این او کے والد تھے۔ ینگ فیرنلی اور زمیندار تھامس فیرنلی۔,1
3364,ٹلفورڈ ایلی جان ٹول رٹ کا پوتا تھا ، جو کریب رابنسن کا ابتدائی دوست تھا۔,ٹلفورڈ ایلی ابتدائی کریب رابنسن دوست جان ٹول رٹ کا پوتا تھا۔,1
3365,"یہ ٹکڑا 1631 میں کتاب فروش فرانسس کانسٹیبل کے لئے الزبتھ ایلڈے کے ذریعہ چھپی ہوئی ایک کوارٹو میں سب ٹائٹل ""اسکول آف تکمیلی"" کے تحت شائع ہوا تھا۔",یہ ٹکڑا 1631 میں سب ٹائٹل `` اسکول آف تکمیلی '' کے تحت چھاپ لیا گیا تھا جس میں الزبتھ ایلڈے نے کتاب فروش فرانسس کانسٹیبل کے لئے شائع کیا تھا۔,0
3371,نارمن میلانٹن گیڈیس ، پیدا ہوئے نارمن بیل گیڈیس (27 اپریل 1893 - 8 مئی 1958) ، ایک امریکی تھیٹر اور صنعتی ڈیزائنر تھا۔,نارمن بیل گیڈیس ، پیدا ہوئے نورمن میلانٹن گیڈیس (27 اپریل 1893 - 8 مئی 1958) ، ایک امریکی تھیٹر اور صنعتی ڈیزائنر تھا۔,0
3373,دو سال بعد ، 25 جولائی 1947 کو ، 709 ویں کو بھاری بمباری اسکواڈرن کو دوبارہ ڈیزائن کیا گیا ، جو 709 واں تھا۔,دو سال بعد ، 25 جولائی 1947 کو ، 709 ویں کو بھاری بمباری اسکواڈرن کا نام تبدیل کردیا گیا ، جو 709 واں تھا۔,1
3375,مقابلہ میں ان کی بہترین پوزیشنیں 1960 اور 1968 میں دسویں نمبر پر تھیں۔,مسابقت میں ان کی بہترین پوزیشنیں 1960 میں دسویں اور 1968 میں آٹھویں نمبر پر تھیں۔,1
3381,سوئس کے علمبردار جان سٹر (1803-1880) اگست 1839 میں دیگر یورو امریکی آباد کاروں کے ساتھ الٹا کیلیفورنیا پہنچے۔,سوئس کے علمبردار جان سٹر (1803 - 1880) اگست 1839 میں الٹا کیلیفورنیا میں یورو امریکی آباد کاروں کے ساتھ تھے۔,1
3383,ڈیوڈ کارڈنل بیٹن اسکاٹ لینڈ کے لارڈ چانسلر ، سینٹ اینڈریوز کے آرچ بشپ اور اس کی موت کے وقت اسکاٹ لینڈ کے کارڈنل لیگیٹ تھے۔,ان کی موت کے وقت ، ڈیوڈ کارڈنل بیٹن اسکاٹ لینڈ کے لارڈ چانسلر ، سینٹ اینڈریوز کے آرک بشپ ، اور اسکاٹ لینڈ میں کارڈنل لیگیٹ تھے۔,1
3388,دریائے دلکوف رومانیہ میں دریائے ملکوف کی ایک معاون ہے۔,دریائے ملکوف رومانیہ میں دریائے دلکوف کی ایک ندی ذیلی فوج ہے۔,0
3394,نیم پیشہ ور فٹ بال میں ، سکاٹش ٹیمیں سکاٹش پریمیئرشپ کے نیچے ہر سطح پر پرفارم کررہی ہیں ، اسکاٹش چیمپین شپ کے نیچے زیادہ تر ٹیمیں نیم پیشہ ور ہیں۔,سکاٹش فٹ بال میں ، ہر سطح پر نیم پیشہ ور ٹیمیں سکاٹش پریمیئرشپ کے نیچے دکھائی دیتی ہیں ، زیادہ تر ٹیمیں اسکاٹش چیمپین شپ کے نیچے نیم پیشہ ور ہیں۔,0
3398,ویسٹ لیک مغربی کیلکیسیئو پیرش میں ، ریاستہائے متحدہ کے لوزیانا کا ایک شہر ہے ، اور یہ جھیل چارلس میٹروپولیٹن شماریاتی علاقے کا حصہ ہے۔,ویسٹ لیک ریاستہائے متحدہ امریکہ کے مغربی لوزیانا میں واقع کیلکیسیئو پیرش کا ایک شہر ہے ، اور یہ جھیل چارلس میٹرو پولیٹن شماریاتی علاقے کا حصہ ہے۔,0
3403,2012 میں ، ایڈرین بیلیو `` ٹری ہاؤس '' نے اپنا چھٹا سولو ریکارڈ جاری کیا ، جو موسیقار نیڈ ایوٹ کے ذریعہ نیش وِل ٹینیسی میں تیار کیا گیا تھا۔,2012 میں ، نیڈ ایوٹ نے اپنا چھٹا سولو ریکارڈ ، `` ٹری ہاؤس '' جاری کیا ، جو موسیقار ایڈرین بیلیو کے ذریعہ نیشولی ٹینیسی میں تیار کیا گیا تھا۔,0
3418,مثال کے طور پر ، ڈو پیج کاؤنٹی میں 32W000 اسٹیٹ سینٹ کے 32 میل شمال میں ، لیک کاؤنٹی میں 38000 میڈیسن اسٹریٹ سے 38 میل مغرب میں ہوگا۔,مثال کے طور پر ، ڈو پیج کاؤنٹی میں 32W000 ریاست سینٹ کے مغرب سے 32 میل دور ہے ، لیک کاؤنٹی میں 38000 میڈیسن اسٹریٹ سے 38 میل شمال میں ہوگا۔,0
3420,کاؤنٹی روڈ 540 اسٹیٹ روڈ 540 سے چند میل جنوب میں ہائلینڈ سٹی میں ہے اور وہ 98 امریکی سے کاؤنٹی روڈ 37 بی تک مغرب میں چلتا ہے۔,کاؤنٹی روڈ 540 اسٹیٹ روڈ 540 سے صرف چند میل جنوب میں ہالینڈ سٹی میں ہے اور 98 امریکی سے کاؤنٹی روڈ 37 بی تک مغرب میں چلا گیا ہے۔,1
3427,سب سے خشک سال 1983 کا تھا اور سب سے زیادہ تر سال 1976 کے ساتھ تھا۔,سب سے زیادہ کا سال 1983 تھا اور خشک سال 1976 کے ساتھ تھا۔,0
3430,Caltech میں اسسٹنٹ پروفیسرز کی اوسط تنخواہ 111،300 ڈالر ، ایسوسی ایٹ پروفیسر 1 121،300 اور مکمل پروفیسرز 2 172،800 ہے۔,Caltech میں اسسٹنٹ پروفیسرز کی اوسط تنخواہ 111،300 ڈالر ، ایسوسی ایٹ پروفیسرز 1 121،300 ، اور مکمل پروفیسرز 2 172،800 ہے۔,1
3432,ایم ای ایس اے کا لسانی مقصد لوگوں کی پارٹی گلیشیا کی مرکزی پالیسی کے خلاف لڑنا ہے ، خاص طور پر تحریک کوئرموس گیلیگو کے ذریعے۔,ایم ای ایس اے کا لسانی ہدف لوگوں کی پارٹی گلیشیا کی مرکزی پالیسی کا مقابلہ کرنا ہے ، خاص طور پر کوئرموس گیلیگو تحریک کے ذریعے۔,1
3439,سسٹم کے نظریات کے مضامین کو مارسیل ماؤس '`` `ایسکیمو کی موسمی تغیر' 'میں دیکھا جاسکتا ہے ، جو بعد میں جولین اسٹیورڈ کے کام میں گونج اٹھا۔,سسٹم کے نظریات کے مضامین کو جولین اسٹیورڈ کے '' ایسکیمو `` کی موسمی تغیرات میں دیکھا جاسکتا ہے ، جسے بعد میں مارسیل ماؤس کے کام میں دہرایا گیا۔,0
3440,زیون اسکوائر کو '' ہمیشہ ہجوم ، ہمیشہ پاگل `` کے طور پر بیان کیا گیا ہے۔,زیون اسکوائر کو `` ہمیشہ ہجوم ، ہمیشہ پاگل 'کے طور پر بیان کیا گیا ہے۔,1
3443,1i پروڈکشن ایک امریکی بورڈ کا کھیل ہے ، جسے 2004 میں جینا ، ولیم اور کولن بورن نے قائم کیا تھا۔,اس کی بنیاد 2004 میں کولن بورن ، ولیم اور جینا نے رکھی تھی اور وہ امریکی بورڈ کے کھیل کے پبلشر ہیں۔,0
3452,نہ تو دوستوفسکی کی دوستویسکی کے ساتھ پچھلی مصروفیت اور نہ ہی انا کے جیکلارڈز کے ساتھ مضبوط سیاسی اختلافات نے ان کے مابین خوشگوار اور باقاعدہ رابطے کو روکا۔,نہ تو دوستوفسکی کی پچھلی مشغولیت دوستوفسکی کے ساتھ اور نہ ہی انا کے جیکلارڈز کے ساتھ مضبوط سیاسی اختلافات نے ان کے مابین پُرجوش اور باقاعدہ رابطے کو روکا۔,1
3463,وہ 3 سال کی عمر میں اپنے والدین کے ساتھ فن لینڈ سے ایسٹونیا چلی گئیں اور فی الحال ہیلسنکی میں مقیم ہیں۔,وہ 3 سال کی عمر میں اپنے والدین کے ساتھ فن لینڈ سے ایسٹونیا چلی گئیں اور فی الحال ہیلسنکی میں رہ رہی ہیں۔,1
3470,اگلا ٹاؤن ہال 1627 میں باروک اسٹائل میں بنایا گیا تھا اور اسے 1650 ، 1653 ، 1735 اور 1779 میں نقصان پہنچا تھا۔,اگلا ٹاؤن ہال 1627 میں ، ایک باروک آرکیٹیکچرل انداز میں تعمیر کیا گیا تھا ، اور اسے 1650 ، 1653 ، 1735 اور 1779 میں نقصان پہنچا تھا۔,1
3472,20 فروری 1959 کو ، وزیر اعظم جان ڈفین بیکر نے اس منصوبے کو مکمل کیا اور پانچ ختم شدہ تیروں کو ختم کردیا گیا۔,20 فروری 1959 کو ، وزیر اعظم جان ڈیفن بیکر نے یہ پروجیکٹ مکمل کیا اور پانچ تیر مکمل ہوگئے۔,0
3474,زیڈ وٹز 1932 میں امریکن کنٹریکٹ برج لیگ کے صدر تھے ، ان تنظیموں میں سے ایک جس کے انضمام نے 1937 میں امریکن برج لیگ کی بنیاد رکھی تھی۔,وان زیڈٹز امریکن کنٹریکٹ برج لیگ کے 1932 کے صدر تھے ، ان تنظیموں میں سے ایک جس نے انضمام نے 1937 میں امریکن برج لیگ قائم کی تھی۔,1
3475,وہ لندن ، انگلینڈ میں کھڑے چارلس وینڈھم کی پیدائش ہوا تھا اور کیلیفورنیا کے لاس اینجلس میں فوت ہوگیا تھا۔,وہ لندن ، انگلینڈ ، چارلس وینڈھم میں پیدا ہوا تھا ، اور کیلیفورنیا کے لاس اینجلس میں انتقال کر گیا تھا۔,1
3478,ورنیل نے ملڈریڈ رائڈ آؤٹ سے شادی کی۔ اس جوڑے کی ایک بیٹی تھی۔,ورنیل نے ملڈریڈ رائڈ آؤٹ سے شادی کی اور اس جوڑے کی ایک بیٹی تھی۔,1
3480,ہیوسٹن کی مرکزی عمارت (ایچ ایم بی) اس سے قبل ہیوسٹن ، ٹیکساس کے ٹیکساس میڈیکل سنٹر میں پرڈینشل بلڈنگ ایک فلک بوس عمارت تھی۔,پرڈینشل بلڈنگ (ایچ ایم بی) ، جو پہلے ہیوسٹن کی مرکزی عمارت ، ٹیکساس کے میڈیکل سنٹر ، ہیوسٹن ، ٹیکساس میں ایک فلک بوس عمارت تھی۔,0
3482,فوری طور پر اس کے والد ، زیک میک گائر (چارلی کلاؤسن) ، اور ایوی کو بتائیں۔,ہنٹر نے فورا. اپنے والد ، چارلی کلاؤسن (زیک میک گائر) اور ایوی کو بتایا۔,1
3485,کلاسیکی لکڑی کا کام فیشن ایبل روکوکو ڈیزائن کے چھونے کو ظاہر کرتا ہے۔,فیشن ایبل روکوکو لکڑی کا کام کلاسیکی ڈیزائن کے چھونے کو ظاہر کرتا ہے۔,0
3487,فیلڈ گرینس اور جڑ کے پودوں کو عام طور پر کاشت نہیں کیا جاتا تھا اور جب وہ جنگل میں بڑھتے تھے تو موسمی طور پر جمع ہوتے تھے۔,فیلڈ گرینس اور جڑ کے پودوں کو عام طور پر کاشت نہیں کیا جاتا تھا اور جب وہ صحرا میں ہوتے تھے تو موسمی طور پر بڑھتے تھے۔,0
3490,روٹا وائرس اے انفیکشن کے خلاف دو روٹا وائرس ویکسین بچوں میں محفوظ اور موثر ہیں: گلیکسسمتھ کلائن کے ذریعہ روٹرکس اور مرک سے روٹیٹیک۔,روٹا وائرس کے خلاف دو روٹا وائرس ویکسین اے انفیکشن بچوں میں محفوظ اور موثر ہیں: روٹارکس از مرک اور روٹیٹیک بذریعہ گلیکسسمتھ کلائن۔,0
3495,تازہ ترین ٹریک `` ہر صبح '' پہلے ٹریک `` مارننگ '' کا صوتی گٹار ورژن ہے۔,پہلا ٹریک ، `` ہر صبح '' ، `` مارننگ '' کے آخری گٹار ورژن کا صوتی ورژن ہے۔,0
3496,پنسلوینیا روٹ 268 پل کے مغربی سرے سے جنوب اور شمال میں ایملٹن تک جاتا ہے۔,پل کے مغربی سرے سے ، پنسلوینیا روٹ 268 شمال کی طرف پارکر اور جنوب کی طرف ایملٹن تک جاتا ہے۔,0
3500,ان میں سے ایک طوفان نے جانسن کاؤنٹی اور براؤن کاؤنٹی کے جنوبی حصوں کے شمالی حصوں میں سفر کیا۔,ان میں سے ایک طوفان نے جانسن کاؤنٹی کے شمالی حصوں اور براؤن کاؤنٹی کے جنوبی حصوں کا سفر کیا۔,1
3505,سمیع کے آس پاس ایک سمیع زبان ہے جو سویڈن میں اور (سابقہ) ناروے میں بولی جاتی ہے۔,ام سمیع ایک سمیع زبان ہے جو ناروے میں اور (سابقہ) سویڈن میں بولی جاتی ہے۔,0
3507,ٹرپل دیوی کا ایک نیا مذہبی خیال وِکا کی جدید تحریک کے لئے مرکزی اہمیت کا حامل ہے۔,ٹرپل دیوی کا ایک جدید خیال وِکا کی نئی مذہبی تحریک کا مرکز ہے۔,0
3508,یو ای ایف اے کپ 1973 - 74 کو ٹوٹنہم ہاٹ پور نے فینورڈ روٹرڈیم 4: 2 پر جیت لیا۔,یو ای ایف اے کپ 1973 - 74 فینورڈ روٹرڈیم نے ٹوٹنہم ہاٹ پور 4: 2 پر جیتا تھا۔,0
3510,ایک پیری جس کی طاقت اس کے بالوں میں ہے وہ 1984 کے الزبتھ این سکاربورو کے ناول `` دی ہرمین اکبر '' میں ظاہر ہوتی ہے۔,ایک پیری جس کی طاقت اس کے بالوں میں نمودار ہوتی ہے وہ 1984 کے الزبتھ این سکاربورو کے ناول میں ہے ، `` امان اکبر کا حرم۔,0
3511,وہ 19 سال کی عمر میں اسٹاک ہوم چلی گئیں ، اور 2011 میں نیو یارک چلی گئیں۔,19 سال کی عمر میں وہ اسٹاک ہوم ، 2011 میں نیو یارک چلی گئیں۔,1
3514,عملی طور پر میسکوائٹ `` ماڈیولز '' جاوا - کلاسز ، عام طور پر کنکریٹ کلاس کی تعریفوں کے تجریدی ذیلی طبقات ہیں۔,عملی طور پر ، میسکوائٹ `` ماڈیولز '' جاوا کی کلاسیں ہیں ، عام طور پر ٹھوس طبقاتی تعریفوں کے تجریدی ذیلی طبقات۔,1
3516,ابتدائی فلکیات میں ، اس کی شہرت ریاضی کی دنیا کے تعارف اور سیاروں کی نقل و حرکت کو سمجھنے میں ان کی فلکیاتی شراکت کی وجہ سے ہے۔,ریاضی کے فلکیات میں ، اس کی شہرت فلکیاتی دنیا کے تعارف ، اور سیاروں کی نقل و حرکت کو سمجھنے میں ان کی ابتدائی شراکت کی وجہ سے ہے۔,0
3519,اس کے متعدد ذیلی یونٹوں کے اسٹریمرز ، فوری طور پر موئرا یا بریگیڈ ، ان کا اپنا رنگ بھی ہونا چاہئے۔,نیز اس کے فوری ذیلی یونٹوں کے اسٹریمرز ، متعدد موئرا یا بریگیڈ ، کا اپنا رنگ ہونا چاہئے۔,0
3521,پولینیشیا نیاؤ فرانس میں ایک اٹول ہے ، جس کا نام ایلکسی گریگ سے گریگ سے ہے۔,فرانس میں ایک اٹول ، پولینیشیا نیاؤ کا نام گریگ کے بعد ایلکسی گریگ رکھا گیا ہے۔,1
3531,ایک چوتھی بیٹی ، لیونورا ، ماہر فلکیات اور ماہر فلکیات کی ماہر سیسیلیا پاینے گیپوسکن کی مرحلہ بڑی دادی تھی۔,ایک چوتھی بیٹی ، لیونورا ، ماہر فلکیات اور فلکیات کی ماہر سیسیلیا پاین گیپوسکن کی سوتیلی ماں تھی۔,0
3532,روتھ میری برنک میئر نے 15 اکتوبر 1914 کو انڈیانا پولس کے جو سے شادی کی۔,روتھ میری برنک میئر نے 15 اکتوبر 1914 کو جو وان انڈیاناپولس سے شادی کی۔,1
3534,ویمپتی چنا ستیام (15 اکتوبر 1929 - 29 جولائی 2012) کوچیپڈی ڈانس فارم کا ایک ہندوستانی ڈانسر اور گرو تھا۔,ویمپتی چنینا ستیام (15 اکتوبر ، 1929 ء - 29 جولائی ، 2012) کوچیپوڈی ڈانسر اور ہندوستانی ڈانس فارم کا گرو تھا۔,0
3537,اس کی پہلی بار 1240 کی دہائی میں تصدیق ہوگئی تھی اور 1524 میں اصلاح کے دوران تحلیل ہوگئی تھی۔,اس کی پہلی بار 1240 کی دہائی میں تصدیق کی گئی تھی اور اسے 1524 میں اصلاح کے دوران تحلیل کردیا گیا تھا۔,1
3547,یہ اس کی لاش ہل میڈینیٹ حبو سے دو الگ الگ شلالیھ میں ریکارڈ کیا گیا تھا ، جو جسمانی طور پر لمبے اور ایک دوسرے سے کچھ مختلف ہیں۔,یہ اس کے جسم کی ہارڈ میڈینیٹ حبو سے دو لمبی تحریروں میں ریکارڈ کیا گیا تھا ، جو جسمانی طور پر الگ اور ایک دوسرے سے کچھ مختلف ہیں۔,0
3549,نہ تو دوستوفسکی کے دوستویسکی کے سابقہ ​​عزم اور نہ ہی انا کے جیکلارڈز کے ساتھ مضبوط سیاسی اختلافات نے ان کے مابین خوشگوار اور باقاعدہ رابطے کو روکا۔,نہ تو انا کی پچھلی مشغولیت دوستوفسکی کے ساتھ اور نہ ہی دوستیوفسکی کے جیکلارڈز کے ساتھ مضبوط سیاسی اختلافات نے ان کے مابین خوشگوار اور باقاعدہ رابطے کو روکا۔,0
3550,اے ایک اے پی اے ایک قبیلہ یا متعلقہ قبیلوں کا گروہ ہے ، بنیادی طور پر مغربی اتر پردیش اور مشرقی ہریانہ کے جاٹوں کے تحت۔,ایک خپ ایک قبیلہ ہے ، یا اس سے متعلق قبیلوں کا ایک گروپ ہے ، بنیادی طور پر مشرقی اتر پردیش اور مغربی ہریانہ کے جاٹوں میں۔,0
3556,مثال کے طور پر ، سیربیرس کا اظہار امبیبینوں میں پچھلے ویسریل اینڈوڈرم میں ہوتا ہے ، اور چوہوں میں اس کا اظہار پچھلے ڈورسل اینڈوڈرم میں ہوتا ہے۔,مثال کے طور پر ، امبیبین میں سیربیرس کا اظہار پچھلے ڈورسل اینڈوڈرم میں ہوتا ہے اور چوہوں میں اس کا اظہار پچھلے ویسریل اینڈوڈرم میں ہوتا ہے۔,0
3561,اس عمل کے دوران ، اس نے ایملی کو دو ٹوک محسوس کیا اور اسے اسے مثالی تیمسن پایا۔,اس عمل کے دوران ، آخر کار اس نے ایملی کو دو ٹوک محسوس کیا ، اور اسے اسے مثالی تیمسن پایا۔,1
3564,دارالحکومت 1983 سے عابدجان ہے ، لیکن یاموسوکرو انتظامی مرکز ہے۔,1983 کے بعد سے دارالحکومت عابدجان ہے۔ تاہم ، یاموسوکرو انتظامی مرکز ہے۔,1
3566,`` 2 '' بینجمن ہو کی شادی 29 اگست 1806 کو جیفرسن کاؤنٹی میں الزبتھ کور کے ساتھ ، جسٹس آف پیس ، اسٹیفن فورڈ نے 29 اگست 1806 کو کی تھی۔,اسٹیفن اسٹیفن کی شادی 29 اگست 1806 کو جیفرسن کاؤنٹی ، الزبتھ کور میں ، بینجمن ہف ، جسٹس آف پیس نے کی تھی۔,0
3568,ہویگھے 1962 میں پیرس میں پیدا ہوئے تھے ، وہ چلی اور نیو یارک میں رہتے ہیں اور کام کرتے ہیں۔,ہوئگے 1962 میں چلی اور نیو یارک میں پیدا ہوئے تھے۔ ہوئگے پیرس میں رہتے ہیں اور کام کرتے ہیں۔,0
3574,نارمن میلانٹن گیڈیس ، پیدا ہوئے نارمن بیل گیڈیس ، (27 اپریل 1893 - 8 مئی 1958) ایک امریکی تھیٹر اور صنعتی ڈیزائنر تھا۔,نارمن بیل گیڈیس ، پیدا ہوئے نورمن میلانٹن گیڈیس (27 اپریل 1893 - 8 مئی 1958) ، ایک امریکی تھیٹر اور صنعتی ڈیزائنر تھا۔,0
3579,ہسپانوی خواتین کی قومی ٹیم بین الاقوامی اسکواش ٹیم کے مقابلوں میں اسپین کی نمائندگی کرتی ہے اور اس پر ریئل فیڈریکیئن ایسپولا ڈی اسکواش کے زیر انتظام ہے۔,اسپین ویمن کی قومی اسکواش ٹیم بین الاقوامی اسکواش ٹیم کے مقابلوں میں اسپین کی نمائندگی کرتی ہے ، اور اس پر ریئل فیڈریکیئن ایسپولا ڈی اسکواش کے زیر انتظام ہے۔,1
3584,ساؤتھ اینڈ میں ، کک تالاب ، جو پہلے جنوبی واٹوپا تالاب کے نام سے بھی جانا جاتا تھا ، لوریل جھیل کے مشرق میں اور دریائے ٹاونٹن کے مغرب میں واقع ہے۔,کک تالاب ، جو پہلے بھی لوریل لیک کے نام سے جانا جاتا تھا ، دریائے ٹاونٹن کے جنوبی سرے اور جنوبی واٹوپپا تالاب کے مغرب میں واقع ہے۔,0
3587,اس کے بچے مارون آئزنسٹڈٹ تھے ، جنہوں نے باربرا ، گلیڈیز آئزنسٹڈٹ ، ایرا آئزنسٹڈٹ سے شادی کی تھی ، جنہوں نے ڈیئرڈری ہولی سے شادی کی تھی ، اور ایلن آئزنسٹڈٹ ، جنہوں نے ہربرٹ کوہن سے شادی کی تھی۔,ان کے بچے باربرا تھے ، جنہوں نے ڈیئرڈری ہولی ، گلیڈیز آئزنسٹڈٹ ، ایرا آئزنسٹڈٹ سے شادی کی تھی ، جس نے ہربرٹ کوہن اور ایلن آئزنسٹڈٹ سے شادی کی تھی ، نے مارون آئزنسٹڈٹ سے شادی کی تھی۔,0
3590,ایسٹ ٹاونٹن ، برکلے ، اور نیو بیڈفورڈ کے علاقائی ہوائی اڈے میں چھوٹے طیاروں کے ذریعے ہوائی نقل و حمل کو مقامی طور پر فراہم کیا جاتا ہے۔,ایسٹ ٹاونٹن ، برکلے ، اور نیو بیڈفورڈ کے علاقائی ہوائی اڈے میں چھوٹے طیاروں کے ذریعہ ہوائی نقل و حمل کو مقامی طور پر فراہم کیا جاتا ہے۔,1
3591,عامر خان `` رنگ ڈی باسنتی '' میں مہرہ کی اسکرپٹ پڑھنے کے فورا. بعد کھیلنے پر راضی ہوگئے ہیں۔,عامر خان کی اسکرپٹ کو پڑھنے کے فورا. بعد ، مہرہ نے `` رنگ ڈی باسنتی '' میں کھیلنے پر اتفاق کیا۔,0
3597,اس اسٹیشن کو 1947 میں ارجنٹائن کے جزیروں پر اسٹیشن ایف یا `` `ونٹر آئلینڈ '' کے طور پر برٹش فاکلینڈ جزیرے پر انحصار سروے نے پیش کیا تھا۔,یہ اسٹیشن 1947 میں ونٹر آئلینڈ پر برطانوی فاک لینڈ جزیرے پر انحصار سروے اسٹیشن ایف ، یا `` ارجنٹائن جزیرے '' کے طور پر قائم کیا گیا تھا۔,0
3602,ایک نئی سالماتی ہستی (NME) میں ایک ایسی دوائی ہوتی ہے جو ایک فعال مووی ہے جسے ایف ڈی اے نے کبھی منظور نہیں کیا ہے یا امریکہ میں مارکیٹنگ نہیں کی ہے۔,ایک نیا سالماتی ہستی (NME) ایک ایسی دوا ہے جس میں ایک فعال جزو ہوتا ہے جسے ایف ڈی اے نے کبھی منظور نہیں کیا یا امریکہ میں مارکیٹنگ نہیں کی۔,0
3605,تاریک مادے کے لئے بالواسطہ ثبوت تاریک مادے پر اس کے کشش ثقل کے اثر و رسوخ سے حاصل ہوتے ہیں ، کیونکہ لیبارٹریوں میں کوئی دوسرا معاملہ نہیں دیکھا گیا ہے۔,تاریک مادے کے بالواسطہ ثبوت تاریک مادے پر اس کے کشش ثقل کے اثر و رسوخ سے حاصل ہوتے ہیں ، کیونکہ لیبارٹریوں میں مادے کے کوئی اور ذرات نہیں دیکھے گئے ہیں۔,1
3609,اوریگون کے شمال مشرق میں والووا پہاڑوں کے مشرق میں ، دریائے والووا ، دریائے والووا کی ایک آب و ہوا ہے۔,اس کے آس پاس دریائے لاسائن ہے ، جو شمال مشرقی اوریگون کے والووا پہاڑوں کے مشرق میں دریائے والووا کی ایک معاون ہے۔,0
3615,پہلا ، یا `` تنگ '' ، نظام Z = 0.712 کے ریڈ شفٹ پر (O III) اور دیگر آئنائزڈ عناصر کی سرخ لکیروں پر مشتمل ہے۔,پہلا یا `` تنگ '' نظام Z = 0،712 کے ریڈ شفٹ پر (O III) اور دیگر آئنائزڈ عناصر کی سرخ لکیروں پر مشتمل ہے۔,1
3617,جولائی کے اوائل میں ، ہارپر وہٹلی اور گیریٹ وہٹلی کے مجرم والد ، اور بینی کیمرون کے بھائی اسٹیو وہٹلی۔,گیریٹ وہٹلی پہلی بار جولائی کے اوائل میں شائع ہوا تھا۔ وہ ہارپر وہٹلی اور اسٹیو وہٹلی اور بینی کیمرون کے بھائی کا مجرم باپ ہے۔,0
3619,نیسبیٹ اور ولسن پیپر سے متاثر ہوکر ، پیٹر جوہسن اور ساتھیوں نے ایک نئی تکنیک کا استعمال کرتے ہوئے اپنی ترجیحات کے بارے میں مضامین کی بصیرت کی تحقیقات کی۔,نیسبیٹ اور ولسن پیپر سے متاثر ہوکر پیٹر جوہسن اور ان کے ساتھیوں نے ایک نئی تکنیک کا استعمال کرتے ہوئے مضامین کی اپنی ترجیحات پر بصیرت کا جائزہ لیا۔,1
3620,اس البم میں اس مواد کا ایک ریمکس شامل ہے جو اصل میں نرس کے ذریعہ زخم کے ساتھ ملا ہوا تھا اور 2007 میں منقطع ہونے کے ناطے جاری کیا گیا تھا۔,اس البم میں اس مواد کے ریمکس شامل ہیں جو اصل میں نرس کے ذریعہ زخم کے ساتھ جاری کیا گیا تھا اور 2007 میں منقطع ہونے کے ناطے ملایا گیا تھا۔,0
3621,شیرر تھنڈر برڈ ہوٹل ، لاس ویگاس کلب اور سہارا ہوٹل میں ایک سرمایہ کار تھا۔,شیرر تھنڈر برڈ ہوٹل ، لاس ویگاس کلب اور سہارا ہوٹل میں ایک سرمایہ کار تھا۔,1
3624,میٹ سے لے کر پیڈنگٹن سے جنوبی کینسنٹن اور جنوب میں مورگیٹ سے لے کر ٹاور ہل تک جنوب تک توسیع کرنے کی تجاویز قبول کی گئیں اور انہیں 29 جولائی 1864 کو شاہی رضامندی ملی۔,میٹ سے لے کر جنوب میں پیڈنگٹن سے جنوبی کینسنٹن اور مشرق سے مورگیٹ سے ٹاور ہل تک کی تجاویز کو قبول کیا گیا اور 29 جولائی 1864 کو رائل رضامندی حاصل کی گئی۔,0
3629,اس تناظر میں تیر اندازی کو `` امپیلمنٹ آرٹس '' میں سے ایک کے طور پر بھی جانا جاتا ہے ، یہ ایک ایسا زمرہ ہے جس میں بعض اوقات چھری پھینکنے اور شوٹنگ شامل ہوتی ہے۔,اس تناظر میں تیر اندازی کو `` امپیلمنٹ آرٹس '' میں سے ایک کے نام سے بھی جانا جاتا ہے ، یہ ایک زمرہ ہے جس میں بعض اوقات چھری پھینکنے اور تیز شاٹنگ مظاہرے شامل ہوتے ہیں۔,1
3630,ایک تاریک اعتکاف ایک ایسی جگہ میں اعتکاف کی ایک واحد جگہ ہے جو مکمل طور پر روشنی کے بغیر ہے۔,ایک تاریک اعتکاف ایک ایسی جگہ میں ایک تنہا اعتکاف ہے جو روشنی سے مکمل طور پر غیر حاضر ہے۔,1
3647,1950 کی دہائی کے اوائل میں ، فیمنگھی نے ایسے کام تخلیق کرنا شروع کردیئے جو خلاصہ آرٹ اور تعمیری فن کے عناصر شامل تھے۔,1950 کی دہائی کے اوائل میں ، فیمنگھی نے ایسے کام تخلیق کرنا شروع کیے جو تعمیری فن تھے ، جس میں تجریدی فن کے عناصر شامل تھے۔,0
3651,کانٹینینٹل لیگ تیسرے بڑے کلبوں پر مشتمل ایک نئی لیگ بنانے کی آخری سنجیدہ کوشش تھی۔,کانٹینینٹل لیگ تیسرے بڑے کلبوں کی نئی لیگ بنانے کی آخری سنجیدہ کوشش تھی۔,1
3652,یہ ٹورنامنٹ کا چھٹا ایڈیشن اور 2013 - 14 IRB سیونس ورلڈ سیریز کا تیسرا اسٹاپ تھا۔,یہ ٹورنامنٹ کا چھٹا ایڈیشن اور 2013 - 14 IRB سیونس ورلڈ سیریز کا تیسرا اسٹیشن تھا۔,1
3657,یہ اسٹیشن راک آئلینڈ ڈسٹرکٹ میٹرا لائن کا ایک حصہ ہے جو شکاگو لوپ میں جولیٹ اور لاسل اسٹریٹ اسٹیشن کے درمیان چلتا ہے۔,یہ اسٹیشن لاسل اسٹریٹ اسٹیشن میٹرا لائن کا ایک حصہ ہے جو شکاگو لوپ میں جولیٹ اور راک آئلینڈ ڈسٹرکٹ کے مابین چلتا ہے۔,0
3662,دیئے گئے اعداد و شمار کے سلسلے میں ٹاپولوجیکل ویکٹر اسپیس فارمولا 13 کو `` شروعاتی آبجیکٹ '' یا `` ابتدائی ڈھانچہ کہا جاتا ہے۔,ابتدائی ویکٹر اسپیس فارمولا 13 کو دیئے گئے اعداد و شمار کے سلسلے میں ابتدائی آبجیکٹ `` یا '' ٹوپولوجیکل ڈھانچہ کہا جاتا ہے۔,0
3666,یہ بروس پیلٹرو کی بیوہ اور اداکارہ گیوینتھ پیلٹرو اور ڈائریکٹر جیک پیلٹرو کی والدہ ہیں۔,وہ بروس پیلٹرو کی بیوہ اور اداکارہ گیوینتھ پیلٹرو اور ڈائریکٹر جیک پیلٹرو کی والدہ ہیں۔,1
3675,نیو اورلینز کے ڈیبول اور اوون آرکیٹیکٹس تھے اور موبائل کا جی اے چیمبلن ٹھیکیدار تھا۔,معمار نیو اورلینز کے ڈیبول اور اوون تھے ، اور موبائل سے جی اے چیمبلن ٹھیکیدار تھے۔,1
3678,دریائے بریزا رومانیہ میں دریائے جیمرٹلوئی کی ایک معاون ہے۔,دریائے بریزا رومانیہ میں دریائے جیمرٹلوئی کی ایک معاون ہے۔,1
3682,دوسرا ایڈیٹر ہربرٹ ویسلز (2009 سے) ہے ، چیف ایڈیٹر مارکس ارمرٹ (2002 سے) ہیں۔,چیف ایڈیٹر ہربرٹ ویسلز (2009 سے) ہیں ، دوسرا ایڈیٹر مارکس ارمرٹ (2002 سے) ہے۔,0
3690,17 اگست 1865 کو ، نیو یارک کے تیسرے رضاکار - 16 ویں نیو یارک کے رضاکار کیولری کے ساتھ کیولری کو 13 ویں نیو یارک کے عارضی گھڑسوار میں مستحکم کیا گیا۔,17 اگست ، 1865 کو ، نیو یارک کے 13 ویں رضاکار کیولری کو 16 ویں نیو یارک کے رضاکار کیولری کے ساتھ مستحکم کیا گیا تاکہ نیو یارک کے تیسرے عارضی گھڑسوار کی تشکیل کی جاسکے۔,0
3694,آج ، ان میں سے زیادہ تر بلغاریہ میں رہتے ہیں ، کچھ اب بھی یونان میں ہیں۔,ان میں سے اکثریت آج یونان میں رہتی ہے ، کچھ اب بھی بلغاریہ میں ہیں۔,0
3699,1937 میں ، جیرالڈ نے اپنی اہلیہ ماریہ ، بیٹے ہکسلے ، اور دوست میتھیو ہکسلے کے ساتھ ہالی ووڈ منتقل کیا۔,1937 میں ، جیرالڈ نے اپنی اہلیہ ، ماریہ ، بیٹے ہکسلے ، اور دوست میتھیو ہکسلے کے ساتھ ہالی ووڈ منتقل کیا۔,1
3705,1924 کے موسم گرما میں وہ آئل بوم میں سماک اوور کے قریب نورفلیٹ کے ایک دفتر میں کام کرنے جنوبی آرکنساس میں یونین کاؤنٹی گیا تھا۔,1924 کے موسم گرما میں ، وہ جنوبی آرکنساس میں یونین کاؤنٹی گئے تھے تاکہ سماک اوور کے قریب نورفلیٹ کے ایک دفتر میں تیل کے عروج میں کام کریں۔,1
3706,یاماتو کالونی ، کیلیفورنیا کیلیفورنیا کے لیونگسٹن میں ایک جاپانی زرعی برادری تھی۔,کیلیفورنیا کیلیفورنیا کے لیونگسٹن ، یاماتو کالونی میں ایک جاپانی زرعی برادری تھی۔,0
3707,سوٹو فورٹ ورتھ میں پیدا ہوا تھا ، لیکن وہ ایک سال کی عمر میں میکسیکو میں مونٹیرری منتقل ہوگیا تھا۔,سوٹو میکسیکو کے مونٹیرے میں پیدا ہوا تھا ، لیکن وہ ایک سال کی عمر میں فورٹ ورتھ چلا گیا تھا۔,0
3713,نومبر 1989 میں ، ڈیلنی نیو یارک اسٹاک ایکسچینج کی ممبر تھیں اور ہینڈرسن برادرز ، انکارپوریشن ، اور بیئر ویگنر میں سینئر منیجنگ ڈائریکٹر بن گئیں۔,نومبر 1989 میں ، ڈیلنی نیو یارک اسٹاک ایکسچینج کی ممبر بنی اور ہینڈرسن برادرز ، انکارپوریشن ، اور بیئر ویگنر میں سینئر منیجنگ ڈائریکٹر بن گئی۔,1
3716,دوسرے مضامین میں اس نے شمان منصوبے کے تحت معاشی نظریات کی تعریف کی اور یورپی مشترکہ مارکیٹ میں توسیع کی تعریف کی۔,دوسرے مضامین میں ، اس نے شمان منصوبے کے تحت معاشی نظریات کی تعریف کی اور مشترکہ یورپی مارکیٹ میں توسیع کی تعریف کی۔,1
3717,انہوں نے مزید کہا کہ اس واقعے کے فورا بعد ہی عصمت دری ہوئی۔,انہوں نے مزید کہا کہ مذکورہ واقعہ پیش آنے کے فورا بعد ہی عصمت دری ہوئی۔,1
3719,دیگر سرکاری عالمی چیمپین شپ کا آغاز اس طرح ہوا: برازیل کے ڈرافٹس ، 1985 میں۔ روسی ڈرافٹس ، 1993 میں ؛ ترک ڈرافٹس ، 2014 میں۔,دیگر سرکاری عالمی چیمپین شپ کا آغاز اس طرح ہوا: 1985 میں برازیلین ، 1993 میں ترکش ، 2014 میں روسی میں۔,0
3720,یہ اجلاس شہر میں مختلف طاقتور یا بااثر مردوکانوں کے بہت سے میسینجرز کی آمد سے پرنس کے لئے مختلف کھانے کے دعوت ناموں کے ساتھ رکاوٹ ہے۔,اس اجلاس میں شہر میں مختلف طاقتور یا بااثر مردوکانوں کے مختلف میسینجرز کی آمد سے پرنس کے کھانے کے لئے بہت سے دعوت نامے میں خلل پڑا ہے۔,1
3723,ایڈولف ہٹلر سے معاشی طور پر مشورہ کرنے کے لئے ولہیلم کیپلر نے 1932 میں کونو میں شمولیت اختیار کی۔,1932 میں ، کونو نے ایڈولف ہٹلر کو معاشی طور پر مشورہ دینے کے لئے ولہیلم کیپلر میں شمولیت اختیار کی۔,0
3729,یہ رقص ان کے 1989 کے البم `` زہریلا تباہی '' کے ، خروج کے گانے `` دی شاندار والٹز '' کے لئے ایک الہام تھا۔,یہ رقص خروج کے لئے ایک الہام تھا - 1989 سے اس کے البم `` شاندار تباہی '' کا گانا `` زہریلا والٹز ''۔,0
3730,فروری کے شروع میں اطلاع دی گئی آگ کی تعداد 73 پر تھی جس میں 26 کنٹرول نہیں تھا ، اور متوقع وقت آگ کے ایک اور مہینے پر قابو پانے کا ہے۔,فروری کے آغاز میں اطلاع دی گئی آگ کی تعداد 73 تھی جس میں 26 قابو سے باہر تھا اور توقع ہے کہ آگ کے ایک اور مہینے پر قابو پانے کا وقت ہوگا۔,1
3733,دریائے ویلیا لوئی لیمبی یا لوم دریائے رومانیہ میں دریائے آئیمون کی ایک معاون ہے۔,دریائے ویلیا لوئی لیمبی یا لوم دریائے رومانیہ میں دریائے `` انک '' کی ایک آب و ہوا ہے۔,1
3734,2015 میں ، فلوریڈا کے محکمہ تعلیم نے کمشنر پام اسٹیورٹ کا اعلان کیا تھا کہ وہ فلوریڈا کالج سسٹم کے چانسلر کے طور پر میڈلین پومریگا کی نامزدگی کا اعلان کیا گیا تھا۔,2015 میں ، فلوریڈا کے محکمہ تعلیم کے کمشنر پام اسٹیورٹ نے میڈلین پومریگا کو فلوریڈا کالج سسٹم کے چانسلر کے طور پر تقرری کا اعلان کیا۔,1
3745,1993 میں ، جب پلاٹزر نے ایلینٹاؤن میں اپنا دوسرا ریستوراں کھولا تو ، اس نے اپنے دادا پیٹر جوزف وہلیہن کے اعزاز کے لئے پی جے وہلیہن کا نام تبدیل کردیا۔,1993 میں ، جب پیٹر جوزف وہلیہن نے ایلین ٹاؤن میں اپنا دوسرا ریستوراں کھولا تو اس نے اپنے دادا ، پلاٹزر کے اعزاز میں پی جے وہلیہن کا نام تبدیل کردیا۔,0
3750,بحیرہ مرجان کی لڑائی کے بعد ، `` بارنیٹ '' نے نومیا سے سان ڈیاگو میں یو ایس ایس لیکسنٹن (سی وی 2) سے 1،360 زندہ بچ جانے والوں کو منتقل کیا۔,بحیرہ کورل کی لڑائی کے بعد ، `` بارنیٹ نے 1،360 زندہ بچ جانے والوں کو یو ایس ایس لیکسنٹن (سی وی 2) سے نومیا سے سان ڈیاگو منتقل کیا۔,1
3752,اس تیاری کو ڈاکٹر پیٹرک پیج اور ان کی ٹیم نے پیٹنٹ کیا تھا اور 2007 میں جنکیوٹیکس نے ایجاد کیا تھا۔,اس کمپاؤنڈ کی ایجاد ڈاکٹر پیٹرک پیج اور ان کی ٹیم نے کی تھی ، اور 2007 میں جنکیوٹیکس نے پیٹنٹ کیا تھا۔,0
3754,سینٹ لوئس میں عام طور پر پائے جانے والے فوسلز میں برائوزوان مرجان `` لیتھوسٹروشن '' اور `` لیتھوسٹروشنیلا '' اور روگوسان `` Fenestrellina '' شامل ہیں۔,سینٹ لوئس میں اکثر پائے جانے والے فوسلز میں روگوسن مرجان '' لیتھوسٹروشن `` اور '' لیتھو اسٹرووشنیلا `` اور برائوزوان '' فینسٹرییلینا `` شامل ہیں۔,0
3755,پروپلیڈیم پیلسنری سمندری سست کی ایک قسم ہے ، ایک سچا لیمپیٹ ، ایک سمندری گیسٹروڈ مولسک جس میں لیٹیڈی فیملی میں واقع ہے ، جو سچے لمپٹس کے خاندانوں میں سے ایک ہے۔,پروپلیڈیم پیلسنری سمندری سست کی ایک قسم ہے ، ایک سچا لیمپیٹ ، لیپٹیڈی خاندان میں ایک مناسب گیسٹروپڈ مولسک ، سمندری لیمپیٹ کے کنبے میں سے ایک ہے۔,0
3757,سپیکٹرم ایروناٹیکل ایک بزنس جیٹ ڈویلپر ہے جو کارلس آباد ، کیلیفورنیا میں مقیم ہے ، جس میں ہسپانوی کانٹا ، یوٹاہ میں ایک ترقیاتی مرکز ہے۔,سپیکٹرم ایروناٹیکل ایک بزنس جیٹ ڈویلپر ہے جو کارلسباد ، کیلیفورنیا میں مقیم اس کا ترقیاتی مرکز ہے جس میں ہسپانوی فورک ، یوٹاہ میں واقع ہے۔,1
3774,کیلیفورنیا کے تبورون میں پیدا ہوئے ، وہ نیو یارک کے بروکلین میں انتقال کر گئے۔,وہ نیو یارک کے بروکلین میں پیدا ہوا تھا ، کیلیفورنیا کے شہر تبورون میں فوت ہوا۔,0
3775,یہ ڈرامہ 1631 میں اس کے ذیلی عنوان کے تحت چھپا تھا ، `` اسکول آف تکمیلی '' ، کتاب فروش فرانسس کانسٹیبل کے لئے الزبتھ ایلڈے کے ذریعہ شائع کردہ ایک کوارٹو میں۔,یہ ٹکڑا 1631 میں اس کے ذیلی عنوان `` اسکول آف تکمیل '' کے تحت کتاب فروش فرانسس کانسٹیبل کے لئے الزبتھ ایلڈے کے ذریعہ شائع ہونے والے ایک کوارٹو میں چھپا تھا۔,0
3782,جارج ڈان نے 1818 میں جبرالٹر کے لیفٹیننٹ جنرل سر فلپ پارکر کنگ کی تعریف کے طور پر کیپ ڈان کا نام ان کے نام پر رکھا تھا۔,کیپ ڈان کا نام 1818 میں فلپ پارکر کنگ نے جبرالٹر کے لیفٹیننٹ گورنر جنرل سر جارج ڈان کی تعریف کے طور پر کیا تھا۔,0
3795,وہ 12 ستمبر 1943 کو ٹیکساس کے گالوسٹن سے روانہ ہوئی اور 16 ستمبر کو کلیدی مغرب پہنچی۔,وہ 12 ستمبر 1943 کو کلیدی مغرب سے روانہ ہوئی ، اور 16 ستمبر کو ٹیکساس کے گالوسٹن پہنچی۔,0
3797,اس کا آپریشن سرکاری ریلوے کمپنی ، کیمینز ڈی فیر لکسمبرژوز کے ذریعہ کیا جاتا ہے۔,اس کی ملکیت حکومت کی ملکیت والی ریلوے کمپنی ، کیمینز ڈی فیر لکسمبرژوز کی ملکیت ہے۔,0
3799,میسن نے 22 فروری ، 2013 کو نشر ہونے والے واقعہ کے دوران گلوکنر کی حیثیت سے اپنی پہلی اسکرین پیش کی۔,اس واقعہ کے دوران گلوکنر کی حیثیت سے اس کی پہلی اسکرین پیشی 22 فروری ، 2013 کو نشر کی گئی تھی۔,1
3807,1920 کی دہائی میں سالٹ لیک سٹی اور پھر اوگڈن یوٹاہ میں جانے کے بعد ، رابرٹسن اور اس کے اہل خانہ 1937 میں میپلٹن یوٹاہ میں آباد ہوئے۔,1920 کی دہائی میں اوگڈن یوٹاہ اور پھر سالٹ لیک سٹی جانے کے بعد ، رابرٹسن اور ان کے اہل خانہ 1937 میں میپلٹن یوٹاہ میں آباد ہوئے۔,0
3815,29 ستمبر 1874 کو ، اینیٹ نے سیموئل کرم کی بیٹی امیلیا کرم برائنٹ سے شادی کی ، اور ان کی ایک بیٹی تھی۔,اینیٹ امیلیا کرم نے 29 ستمبر 1874 کو سموئیل کرم کی بیٹی برائنٹ سے شادی کی۔ ان کی ایک بیٹی تھی۔,0
3822,یہ قصبہ دریائے توریہ کے مغربی کنارے پر ، `` ہورٹا ڈی والنسیا '' کے دائیں سرے پر واقع ہے۔,یہ قصبہ دریائے توریہ کے مغربی ساحل پر ، `` ہورٹا ڈی والنسیا '' کے دائیں کنارے پر واقع ہے۔,1
3824,ان بدعات نے بی آر ٹی سسٹم کی زیادہ سے زیادہ بڑھتی ہوئی صلاحیت کو 35،000 مسافروں تک فی گھنٹہ حاصل کیا۔,ان بدعات کے ساتھ ، بی آر ٹی سسٹم کی زیادہ سے زیادہ صلاحیت فی گھنٹہ 35،000 مسافروں تک بڑھا دی گئی۔,0
3825,اگلا ٹاؤن ہال 1627 میں باروک اسٹائل میں بنایا گیا تھا اور اسے 1650 ، 1653 ، 1735 اور 1779 میں نقصان پہنچا تھا۔,اگلے ٹاؤن ہال کو 1627 میں باروک اسٹائل میں نقصان پہنچا تھا اور اسے 1650 ، 1653 ، 1735 اور 1779 میں تعمیر کیا گیا تھا۔,0
3830,اس واقعہ کو چک تیتھم نے لکھا تھا اور اس کی سربراہی فریڈ سیویج نے کی تھی۔,اس کا نتیجہ فریڈ سیجج نے لکھا تھا اور اس کی ہدایت کاری چک تیتھم نے کی تھی۔,0
3831,دریائے ہوڈیاسا رومانیہ میں دریائے بریڈو کی ایک معاون ہے۔,دریائے ہوڈیاسا رومانیہ میں دریائے بریڈو کی ایک معاون ہے۔,1
3832,اسرائیل امریکی جاز ٹرومبونسٹ کائی ونڈنگ اور جے جے جانسن کا ایک البم ہے جس میں 1968 میں ریکارڈ کی گئی پرفارمنس پیش کی گئی تھی اور سی ٹی آئی لیبل پر جاری کیا گیا تھا۔,اسرائیل امریکی جاز ٹرومبونسٹ کائی ونڈنگ اور جے جے جانسن کا ایک البم ہے جس میں 1968 میں شائع ہوا تھا اور سی پر ریکارڈ کیا گیا تھا۔,0
3837,NVIDIA نے 7 دسمبر ، 2017 کو باضابطہ طور پر NVIDIA ٹائٹن V کا اعلان کیا۔,NVIDIA ٹائٹن V کا سرکاری طور پر NVIDIA نے 7 دسمبر ، 2017 کو اعلان کیا تھا۔,1
3839,قدیم یونانی مورخ تھوکائڈائڈس نے لکھا ہے کہ زرعیوں کا تھریسی قبیلہ پیرنک کی مدت میں رہتا ہے۔,قدیم یونانی مورخ تھوکائڈائڈس نے لکھا ہے کہ پرنک کی زندگی میں تھریسیئن قبیلہ زرعیوں کے قبیلے میں رہتا ہے۔,1
3840,جوشوا پِم نے ولفریڈ بڈلی ، 6 - 4 ، 1 - 6 ، 7 - 5 ، 6 - 0 کو شکست دی۔,ولفریڈ بڈلی نے جوشوا پم کو شکست دی ، 6 - 4 ، 1 - 6 ، 7 - 5 ، 6 - 0,0
3843,بہراوال ہندوستان کے مدھیہ پردیش کے بھوپال ضلع کا ایک گاؤں ہے۔ یہ بیراسیا تحصیل میں واقع ہے۔,بہراوال ہندوستان کے مدھیہ پردیش کے بھوپال ضلع کا ایک گاؤں ہے۔ یہ بیراسیا تحصیل میں ہے۔,1
3849,اعلی درجہ حرارت اور اعلی ہائیڈروجن جزوی دباؤ پر ، ہائیڈروجن کاربن اسٹیل مرکب میں پھیلا سکتا ہے۔,اعلی درجہ حرارت اور اعلی ہائیڈروجن جزوی دباؤ کے ساتھ ، ہائیڈروجن کاربن اسٹیل مرکب میں پھیلا سکتا ہے۔,1
3857,جیول ڈی ویسٹ ندی رومانیہ میں دریائے جیدانول کی ایک معاون ہے۔,دریائے جیول ڈی بنیان رومانیہ میں دریائے جیدانول کی ایک معاون ہے۔,1
3860,سوویت دور کے اختتام پر دو محفوظ آرمینیائی گرجا گھروں کی باقیات جزوی طور پر تباہ کردی گئیں۔,اب بھی محفوظ آرمینیائی گرجا گھروں کی باقیات سوویت دور کے اختتام پر جزوی طور پر تباہ ہوگئیں۔,1
3861,یہ گانا ایف ایکس نیٹ ورک ٹیلی ویژن سیریز ، `` سنز آف انارکی '' کے چھٹے سیزن کے دوسرے پرومو میں پیش کیا گیا تھا۔,یہ گانا ایک ٹیلی ویژن سیریز ایف ایکس نیٹ ورک ، `` سنز آف انارکی '' کے دوسرے سیزن کے لئے چھٹے پرومو میں پیش کیا گیا تھا۔,0
3867,مارشل اسکاٹ III یکم جون 2017 سے ایک سپرنٹنڈنٹ ہے ، چیف اکیڈمک آفیسر لیزا مویا ہیں ، چیف ٹکنالوجی آفیسر ، جوش سولس,ڈاکٹر مارشل اسکاٹ III یکم جون 2017 سے سپرنٹنڈنٹ ہیں۔ چیف اکیڈمک آفیسر لیزا مویا ہیں۔ چیف ٹکنالوجی آفیسر جوش سولس ہیں۔,1
3872,مائیکل لیبل سینئر 14 سال کے تھے جب اس کے والدین ایری سے پنسلوینیا میں جرمنی آئے تھے۔,مائیکل مائیکل لیبل سین ​​14 سال کے تھے جب اس کے والدین ایری سے پنسلوینیا پہنچے جرمنی آئے تھے۔,1
3882,پوپ نے 1980 میں ایک ایسا حل تجویز کیا جسے چلی نے قبول کیا اور ارجنٹائن نے اسے مسترد کردیا۔,1980 میں ، پوپ نے ایک حل تجویز کیا جسے چلی نے مسترد کردیا اور ارجنٹائن نے قبول کیا۔,0
3888,چار ندیوں کونسل اور آڈوبن کونسل کے انضمام سے ، شاونی ٹریلس کونسل پیدا ہوئی۔,آڈوبن کونسل ایسوسی ایشن آف شاونی ٹریلس کونسل اور فور ریورز کونسل سے تشکیل دی گئی تھی۔,0
3892,عملی طور پر میسکائٹ `` ماڈیولز '' جاوا - کلاسز ، عام طور پر خلاصہ طبقاتی تعریفوں کے ٹھوس ذیلی طبقات ہیں۔,عملی طور پر میسکوائٹ `` ماڈیولز '' جاوا - کلاسز ، عام طور پر کنکریٹ کلاس کی تعریفوں کے تجریدی ذیلی طبقات ہیں۔,0
3896,پراپرٹی کی سیڑھی ایک اصطلاح ہے جو برطانیہ میں وسیع پیمانے پر استعمال ہوتی ہے تاکہ سستی سے زیادہ مہنگے رہائش تک مستقل شرائط میں نسبتا اختلافات کو بیان کیا جاسکے۔,پراپرٹی مینیجر ایک اصطلاح ہے جو برطانیہ میں وسیع پیمانے پر استعمال ہوتا ہے تاکہ سستی سے زیادہ مہنگے رہائش تک مستقل شرائط میں نسبتا اختلافات کو بیان کیا جاسکے۔,1
3903,وینسلاؤس نے زیادہ دیر تک اپنی فتح سے لطف اندوز نہیں ہوا۔ ان کا انتقال 23 ستمبر 1253 کو ہوا اور اوٹوکر II نے ان کی جگہ لی۔,وینسلاؤس نے زیادہ دیر تک اپنی فتح سے لطف اندوز نہیں ہوا ، وہ 23 ستمبر 1253 اور اوٹوکر II کو فوت ہوگیا۔,0
3908,سانٹا کروز کاؤنٹی کے اندر سانٹا کروز اسکائی پارک اسکاٹس ویلی ، کیلیفورنیا میں ایک ہوائی اڈہ تھا۔,سانٹا کروز اسکائی پارک کے اندر سانٹا کروز کاؤنٹی کیلیفورنیا کے اسکاٹس ویلی میں ایک ہوائی اڈہ تھا۔,0
3909,فش مین نے کولمبیا یونیورسٹی سے بیچلر کی ڈگری اور معاشیات میں براؤن یونیورسٹی سے ماسٹر کی ڈگری حاصل کی ہے۔,فش مین نے براؤن یونیورسٹی سے بیچلر کی ڈگری اور کولمبیا یونیورسٹی سے معاشیات میں ماسٹر کی ڈگری حاصل کی ہے۔,0
3910,بحیرہ کورل کی لڑائی کے بعد ، `` بارنیٹ نے 1،360 زندہ بچ جانے والوں کو یو ایس ایس لیکسنٹن (سی وی 2) سے نومیا سے سان ڈیاگو منتقل کیا۔,بحیرہ مرجان کی لڑائی کے بعد ، `` بارنیٹ '' نے یو ایس ایس لیکسنٹن (سی وی 2) سے سان ڈیاگو سے 1،360 زندہ بچ جانے والے افراد کو نعمیا منتقل کیا۔,0
3913,ریسٹوگی سابق لوک سبھا اور 10 ویں لوک سبھا اور لوک سبھا سیکرٹریٹ ، ہندوستان کی پارلیمنٹ کے نویں سکریٹری جنرل تھے۔,ریسٹوگی سابق لوک سبھا اور 10 ویں لوک سبھا اور لوک سبھا سیکرٹریٹ ، ہندوستان کی پارلیمنٹ کے 9 ویں سکریٹری جنرل تھے۔,1
3915,ان کی موسیقی کو بہت سے لوگوں نے ریپ میٹل اور متبادل دھات کے اثرات کے ساتھ صنعتی دھات سمجھا ہے۔ پچھلے انٹرویوز کے مطابق ، وہ خود کو `` قتل راک '' سمجھتے ہیں۔,ان کی موسیقی کو بہت سے لوگوں نے ایک صنعتی دھات کے طور پر سمجھا ہے جس میں ریپ میٹل اور متبادل دھات کے اثرات ہیں ، پچھلے انٹرویوز کے مطابق وہ خود کو '' قتل - راک `` سمجھتے ہیں۔,1
3930,آج ، ان میں سے زیادہ تر بلغاریہ میں رہتے ہیں ، کچھ اب بھی یونان میں ہیں۔,ان میں سے اکثریت آج بلغاریہ میں رہتی ہے ، کچھ اب بھی یونان میں ہیں۔,1
3931,تھورن ووڈ کامن بی 1393 روڈ پر واقع ایک گاؤں ہے ، میونسپلٹی آف ایپنگ فارسٹ اور نارتھ ویلڈ باسیٹ ڈسٹرکٹ آف ایسیکس ، انگلینڈ۔,تھورن ووڈ کامن بی 1393 روڈ پر واقع ایک گاؤں ہے ، نارتھ ویلڈ باسیٹ کی سول پیرش اور انگلینڈ کے ایسیکس کے ایپنگ فارسٹ ڈسٹرکٹ میں۔,0
3933,فائنل جنوبی افریقہ کا ایک شہر ہے ، جو صوبہ لیمپوپو موپانی ڈسٹرکٹ بلدیہ میں واقع ہے۔,فائنل موپانی ضلع میونسپلٹی کے لیمپوپو صوبہ میں جنوبی افریقہ کا ایک قصبہ ہے۔,1
3941,ہرن کی آبادی کو منظم کرنے کا ایک اور طریقہ یہ ہے کہ زرخیزی کی شرح کو کنٹرول کیا جائے۔,ہرن کی آبادی پر قابو پانے کا ایک اور طریقہ یہ ہے کہ پیدائش کی شرح کو منظم کیا جائے۔,1
3953,یہ ایک مشہور زیارت یافتہ مرکز ہے جو بیلگام سے 78 کلومیٹر اور دھرواڈ سے 37 کلومیٹر دور واقع ہے۔,یہ ایک مشہور زیارت گاہ مرکز ہے جو دھرواڈ سے 78 کلومیٹر اور بیلگام سے 37 کلومیٹر دور واقع ہے۔,0
3957,1966 میں ، ان کی اپنی گیلری لندن کی کارک اسٹریٹ سے شروع ہوئی ، الیکس برنسٹین کو گراناڈا کے میڈیا خاندان کے ممبر لیسلی وڈنگٹن کی حمایت حاصل تھی۔,1966 میں ، اس نے لندن کے کارک اسٹریٹ میں اپنی اپنی گیلری کا آغاز کیا ، لیسلی وڈنگٹن کو میڈیا خاندان کے گراناڈا کے ممبر الیکس برنسٹین کی حمایت حاصل تھی۔,0
3961,وہ 1876 میں کیلیفورنیا کے سان ڈیاگو اور 1887 میں ڈلاس ، ٹیکساس چلا گیا۔,وہ 1876 میں ڈلاس ، ٹیکساس ، اور 1887 میں سان ڈیاگو ، کیلیفورنیا چلا گیا۔,0
3962,محور کو ٹریواکس کے مرتفع پر ختم ہونے والی گلی نے کھینچا تھا۔,محور کو ٹریواکس کے مرتبہ پر ایک گلی نے کھینچا تھا۔,1
3964,نومبر 1989 میں ، ڈیلنی نیو یارک اسٹاک ایکسچینج کی ممبر تھیں اور ہینڈرسن برادرز ، انکارپوریشن ، اور بیئر ویگنر میں سینئر منیجنگ ڈائریکٹر بن گئیں۔,نومبر 1989 میں ، ڈیلنی نیو یارک اسٹاک ایکسچینج کی ممبر بنی اور ہینڈرسن برادرز ، انکارپوریشن ، اور بیئر ویگنر میں سینئر منیجنگ ڈائریکٹر تھیں۔,0
3971,لوساگبیور (لوساکپائور کے طور پر بھی رومانیا ہوا ؛ سابقہ ​​سوانورڈی اور سوون) آرمینیا کے صوبہ شیرک کا ایک گاؤں ہے۔,لوساگبیور (پہلے لوساکپائور کے طور پر رومانیا ہوا تھا ، اس کے علاوہ ، سوانوردی اور سوون) صوبہ آرمینیا کا ایک گاؤں ہے۔,0
3974,ڈیم تقریبا 110 میٹر لمبا ہے اور اس کی چوٹی تقریبا 5 5 میٹر چوڑی ہے۔,ڈیم تقریبا 110 میٹر لمبا ہے اور اس کی چوٹی تقریبا 5 5 میٹر چوڑی ہے۔,1
3978,سن 1920 کے اور پھر اوگڈن یوٹاہ میں سالٹ لیک سٹی منتقل ہونے کے بعد ، رابرٹسن اور ان کے اہل خانہ 1937 میں میپلٹن یوٹاہ میں آباد ہوئے۔,1920 کی دہائی میں اوگڈن یوٹاہ اور پھر سالٹ لیک سٹی جانے کے بعد ، رابرٹسن اور اس کے اہل خانہ 1937 میں میپلٹن یوٹاہ میں آباد ہوئے۔,0
3979,زینوفینس ایک فلسفیانہ شاعر تھا جس کا صوفیانہ اتحاد کے نظریہ کا تعلق مذہب سے تھا۔,زینوفینس ایک فلسفیانہ شاعر تھا جس کا صوفیانہ اتحاد کے بارے میں نظریہ مذہب سے متعلق تھا۔,1
3980,السیس کی سیاسی حیثیت تاریخی فیصلوں ، جنگوں اور اسٹریٹجک سیاست سے بہت زیادہ متاثر ہوئی ہے۔,السیس کی تاریخی حیثیت اسٹریٹجک فیصلوں ، جنگوں اور سیاسی سیاست سے بہت زیادہ متاثر تھی۔,0
3993,یہاں تک کہ یہاں تین مختلف بیٹا مستحکم آئسوبارز ہیں ، جو تجرباتی طور پر جانا جاتا ہے ، مثال کے طور پر ، اور یہ سب بیٹا مستحکم ہیں۔,یہاں تک کہ ، تجرباتی طور پر جانا جانے والے تین مختلف بیٹا مستحکم آئسوبارس ہیں۔ مثال کے طور پر ، ، اور تمام بیٹا مستحکم ہیں۔,1
3995,یوسمائٹ ویلی کے قریب برائڈل ویل فالس میں منرو میڈوز کا نام جارج منرو کے لئے بھی رکھا گیا ہے۔,برائڈل ویل فالس کے قریب یوسمائٹ ویلی میں منرو میڈوز کا نام جارج منرو کے نام پر بھی رکھا گیا ہے۔,0
3997,پہلا یا `` تنگ '' نظام Z = 0،712 کے ریڈ شفٹ پر (O III) اور دیگر آئنائزڈ عناصر کی سرخ لکیروں پر مشتمل ہے۔,پہلا یا `` ریڈ '' نظام Z = 0.712 کی ریڈ شفٹ کے ساتھ (O III) اور دیگر آئنائزڈ عناصر کی تنگ لکیروں پر مشتمل ہے۔,0
4002,لٹو زنگون کلب فٹ بال کے لئے کھیلا۔,زنگون نے لٹو کے کلب فٹ بال کے لئے کھیلا۔,0
4005,`` سب کچھ لیکن آپ '' 1945 کا ایک گانا ہے ، جسے ڈیوک ایلنگٹن اور ہیری جیمز نے ڈان جارج کے متن کے ساتھ لکھا ہے۔,`` سب کچھ لیکن آپ '' 1945 کا ایک گانا ہے ، جسے ڈان جارج نے تیار کیا تھا ، جسے ڈیوک ایلنگٹن اور ہیری جیمز نے لکھا تھا۔,0
4007,اسے جان ویلزکوز نے تربیت دی تھی اور جوکی ڈیل رومیوں نے اپنی سب سے اہم دوڑ میں سوار کیا تھا۔,اسے ڈیل رومیوں نے تربیت دی تھی اور اسے اپنی سب سے اہم دوڑ میں جاکی جان ویلزکوز نے سوار کیا تھا۔,0
4013,وفاداروں کو دریائے کاتوبا کے مغرب کی طرف ڈیرے ڈالے گئے تھے ، جبکہ جنرل چارلس کارن والس کی فوج نے مشرقی طرف ڈیرے ڈالے تھے۔,وفاداروں کو دریائے کاتوبا کے مغرب کی طرف ڈیرے ڈالے گئے تھے جبکہ جنرل چارلس کارن والس کی فوج نے مشرق کی طرف ڈیرے ڈالے تھے۔,1
4014,غالب - کلیئر باڈی - جین دوسرے کروموسوم میں سے ایک پر واقع ہے ، اور اس جین کا کوئی معروف تعلق نہیں ہے جس میں آٹوسومل اتپریورتن ہے۔,غالب کلیئر باڈی جین دوسرے کروموسوم میں سے ایک پر واقع ہے۔ کسی بھی آٹوسومل اتپریورتن کے ساتھ اس جین کا کوئی معلوم ربط نہیں ہے۔,1
4020,ایل ایس یو کے لئے اپنے پہلے کھیل میں ، اس نے ٹولین یونیورسٹی کے خلاف 32 ریباؤنڈز حاصل کیں۔,ایل ایس یو کے لئے اپنے پہلے کھیل میں ، اس نے ٹولین یونیورسٹی کے خلاف 32 ریباؤنڈز حاصل کیں۔,1
4023,1911 میں ٹاؤن ہال کو دوبارہ تعمیر کیا گیا ، جزوی طور پر 1945 میں تباہ کیا گیا اور 1960 کی دہائی میں بحال ہوا۔,1911 میں ٹاؤن ہال تباہ ہوا ، جزوی طور پر 1945 میں بحال ہوا اور 1960 کی دہائی میں دوبارہ تعمیر کیا گیا۔,0
4026,منگا کے پاس سیگا میگا ڈرائیو کے لئے ایک ویڈیوگیم ہے جس میں جاپان اور ایشیاء میں اسی نام ہیں۔,منگا کے پاس ایشیاء اور جاپان میں اسی نام کے ساتھ سیگا میگا ڈرائیو کے لئے ایک ویڈیو گیم ہے۔,1
4030,1984 کے بعد سے پیٹریسیا ڈیل کی شادی پیٹریسیا میئر سے ہوئی ہے اور ان کے ساتھ مل کر ان کے دو بیٹے ہیں: ریان (پیدائش 1988) اور بلیک (1992 میں پیدا ہوا)۔,1984 کے بعد سے ، بلیک کی شادی پیٹریسیا میئر سے ہوئی ہے اور اس کے دو بیٹے ہیں: ریان (پیدائش 1988) اور ڈیل (پیدائش 1992)۔,0
4031,ریاضی کے آپریٹرز کی اولیت کو تنقید کا نشانہ بنایا گیا ہے ، تصوراتی طور پر اور 'بٹ ویز منطقی آپریٹرز ہیں جیسے اور +۔,بٹ وائز منطقی آپریٹرز کی فوقیت پر تنقید کی گئی ہے۔ تصوراتی طور پر ، اور اور ریاضی کے آپریٹرز اور + جیسے ہیں۔,0
4034,1985 کے ایک ایپی سوڈ میں `` آج رات کے شو میں جانی کارسن نے اداکاری کی تھی۔,1985 کے ایک واقعہ میں `` آج رات کے شو کے ساتھ جانی کارسن '' جانی نے اس کہانی کا ذکر کیا اور پلاٹ سائیڈ کِک ایڈ میک میمن کو بتایا۔,1
4038,اسکاپس بہت مختصر یا زیادہ تر غیر حاضر ہیں۔,اسکاپس بہت مختصر ہیں یا زیادہ تر غیر حاضر ہیں۔,1
4039,انیس سال کی عمر میں وہ نیویارک اور 2011 میں اسٹاک ہوم چلی گئیں۔,19 سال کی عمر میں وہ اسٹاک ہوم چلی گئیں ، جہاں وہ 2011 میں نیو یارک چلی گئیں۔,0
4040,دریائے نیجلوول رومانیہ میں دریائے نیجلوف کی ایک معاون ہے۔,دریائے نیجلوول رومانیہ میں دریائے Neajlov کی ایک معاون ہے۔,1
4048,ان کے بیٹے الوکا لیناج کی شادی اداکار صومیا لیناج اور اندراچپا لییانج کی بیٹی اور جیکسن انتھونی کے والد سے ہوئی ہے۔,اس کے بیٹے الوکا لیناج کی شادی اداکار جیکسن انتھونی کی بیٹی سے ہوئی ہے۔ وہ سومیا لیانج اور اندراچپا لیینیج کا باپ بھی ہے۔,0
4049,اس پرجاتیوں کو پہلی بار باضابطہ طور پر نباتات کے ماہر اسٹیفن اینڈلچر نے 1846 میں جوہان جارج کرسچن لہمن کے کام `` Irideae کے حصے کے طور پر بیان کیا تھا۔ پلانٹے پریسیانا ''۔,اس پرجاتیوں کو پہلی بار 1846 میں نباتات کے ماہر جوہن جارج کرسچن لہمن نے اسٹیفن اینڈلچر کے کام کے فریم ورک کے اندر بیان کیا تھا۔,0
4050,اگلا ورژن 1986 میں رابرٹ فلر کے بھائی رون نے تیار کیا تھا۔,اگلا ورژن 1986 میں رون کے بھائی رابرٹ فلر نے تخلیق کیا تھا۔,0
4052,یہ ڈرامہ 1631 میں اس کے ذیلی عنوان ، `` اسکول آف تکمیلی '' کے تحت شائع ہوا تھا ، جس میں کتاب فروش فرانسس کانسٹیبل کے لئے الزبتھ ایلڈے کے ذریعہ چھپی ہوئی ایک کوارٹو میں شائع ہوا تھا۔,یہ ٹکڑا 1631 میں سب ٹائٹل `` اسکول آف تکمیلی '' کے تحت چھاپ لیا گیا تھا جس میں الزبتھ ایلڈے نے کتاب فروش فرانسس کانسٹیبل کے لئے شائع کیا تھا۔,0
4054,سومرز رچرڈ ایلیٹ کا بیٹا تھا ، پہلی بار بیرن سومرز اور چارلس کاک ، الزبتھ کی بیٹی۔,سومرز چارلس کاک کا بیٹا ، پہلا بیرن سومرز ، اور رچرڈ ایلیٹ کی بیٹی الزبتھ تھا۔,0
4055,سلوو ہائی اسکول برک شائر میں لڑکیوں کے لئے ایک منتخب اسکول تھا ، جو اب سلوو ، بکنگھم شائر تھا۔,سلوو ہائی اسکول برک شائر میں گرلز سلیکٹیو گرائمر اسکول تھا ، جو اب سلوو ، بکنگھم شائر تھا۔,1
4056,13 نومبر 2016 کو ، ڈیوڈ ماچاڈو نے ہیگسن شہر کے قریب فاکس گروو پارک میں ڈینس والیس کا قتل کیا۔,13 نومبر ، 2016 کو ، ڈیوڈ ماچاڈو کو ڈینس والیس کے ذریعہ ہیگسن شہر کے قریب فاکس گرو پارک میں قتل کیا گیا تھا۔,0
4059,ابی لسیوکارپا ، جسے عام طور پر مغربی شمالی امریکہ کا ایف آئی آر یا راکی ​​ماؤنٹین ایف آئی آر درخت کہا جاتا ہے ، ایک سبالپائن ایف آئی آر کا درخت ہے۔,ابی لسیوکارپا ، جسے عام طور پر سبالپائن ایف آئی آر یا راکی ​​ماؤنٹین ایف آئی آر کا درخت کہا جاتا ہے ، یہ مغربی شمالی امریکہ کا ایک ایف آئی آر ہے۔,0
4060,مائیکل لیبل سینئر 14 سال کے تھے جب اس کے والدین ایری سے پنسلوینیا میں جرمنی آئے تھے۔,مائیکل لیبل سینئر کی عمر 14 سال تھی جب اس کے والدین جرمنی سے پنسلوینیا کے ایری آئے تھے۔,0
4064,ایروسوچری فلائٹ 4544 کا حادثہ پہلا ہوا بازی کا واقعہ تھا جس میں ایروسوچری شامل تھا ، دوسرا 18 نومبر 2006 کو ایک اور بوئنگ 727 کا حادثہ تھا۔,ایروسوچری فلائٹ 4544 کا حادثہ ایروسوچری کے ساتھ دوسرا ہوا بازی کا واقعہ تھا ، یہ پہلا واقعہ 18 نومبر 2006 کو ایک اور بوئنگ 727 کا حادثہ تھا۔,0
4065,اچیسن کی والدہ ایلس ایک پینٹر تھیں ، اور ان کے دادا دادی ماموں جین سی اسٹینلے تھے ، جو ریلوے کے وکیل اور لوئس اسٹینلے تھے ، ایکواوریلسٹ تھے۔,اچیسن کی والدہ ایلس ایک پینٹر تھیں ، اور اس کے ماموں نانا نانی جین سی اسٹینلے تھے ، جو ریلوے کے وکیل اور لوئس اسٹینلے تھے ، واٹر کلورسٹ تھے۔,1
4083,اگلے ٹاؤن ہال کو 1627 میں باروک اسٹائل میں نقصان پہنچا تھا اور اسے 1650 ، 1653 ، 1735 اور 1779 میں تعمیر کیا گیا تھا۔,اگلا ٹاؤن ہال 1627 میں ، ایک باروک آرکیٹیکچرل انداز میں تعمیر کیا گیا تھا ، اور اسے 1650 ، 1653 ، 1735 اور 1779 میں نقصان پہنچا تھا۔,0
4088,سلوو ہائی اسکول برک شائر میں لڑکیوں کے لئے ایک منتخب اسکول تھا ، جو اب سلوو ، بکنگھم شائر تھا۔,سلوو ہائی اسکول ، بکنگھم شائر ، اب برک شائر کے سلوو میں لڑکیوں کے لئے ایک منتخب اسکول تھا۔,0
4096,یہ گانا فلپو آندریا کارمینی اور موریزیو مولیلا کے ذریعہ تیار کردہ گالا نے لکھا اور تیار کیا تھا۔,یہ گانا گالا نے فلپو آندریا کارمینی اور موریزیو مولیلا نے تیار کیا تھا اور اس کی تشکیل کی تھی۔,0
4099,سارگیاگ (پہلے سارہگیخ کے طور پر رومانیا ہوا ؛ بھی ڈاراکی ، ڈارکی اور درگیہ) آرمینیا کے شیرک صوبہ کا ایک گاؤں ہے۔,سارگیوغ (پہلے سارہگیخ کے طور پر رومانیا ہوا تھا ، نیز ، ڈاراکوئی ، ڈارکی ، اور درگیہ) صوبہ آرمینیا کا ایک گاؤں ہے۔,1
4101,فوساکو شیگینوبو جاپانی صحافی میئ شیگینوبو کی ماں ہیں۔,فوساکو شیگینوبو جاپانی قومی میئ شیگینوبو کی ماں ہیں ، جو ایک صحافی ہیں۔,1
4110,انہوں نے ای ایس پی این کے ساتھ اپنے تعلقات کو جاری رکھا ، نیٹ ورک کے لئے دو اور فلمیں ، `` وینڈل اسکاٹ '' اور `` ہرشیل ''۔,انہوں نے ای ایس پی این کے ساتھ اپنے تعلقات کو جاری رکھا جس نے نیٹ ورک کے لئے دو اور فلموں کی ہدایتکاری کی ، `` ہرشیل '' اور `` وینڈل اسکاٹ ''۔,1
4111,آئیر اس کے بعد اداکار درشن کے ساتھ کناڈا فلم `` جگگو دادا '' میں شائع ہوا۔,اگلا آئیر اداکار جگگو دادا کے ساتھ فلم `` درشن '' میں شائع ہوا۔,0
4112,رجمنٹ بوسٹن سے باہر جنرل جارج واشنگٹن کی مرکزی فوج میں شامل ہونے کے لئے اکتوبر 1777 میں فلاڈیلفیا سے روانہ ہوگئی۔,رجمنٹ نے اکتوبر 1777 میں فلاڈیلفیا کو بوسٹن سے باہر جنرل جارج واشنگٹن کی مرکزی فوج میں شامل ہونے کے لئے روانہ کیا۔,1
4114,ان کی جگہ مورٹالہ محمد (1975) اور اولیسگن اوباسانجو (1976) نے لگاتار بغاوتوں میں تبدیل کردی۔,ان کی جگہ اولوسگن اوباسانجو (1975 میں) اور مرٹلہ محمد (1976 میں) یکے بعد دیگرے بغاوتوں میں لے گئی۔,0
4116,زیادہ مقبول ٹرینوں میں یہ ہیں: سمانٹا ایکسپریس اور روپشا ایکسپریس سے ڈھاکہ ، ٹومیر ایکسپریس سے ڈھاکہ ، نیلسگر ایکسپریس سے راجشاہی اور لالونی ایکسپریس کھولنا سے۔,زیادہ مقبول ٹرینوں میں سے ایک یہ ہیں: سمانٹا ایکسپریس اور روپشا ایکسپریس سے ڈھاکہ ، ٹومیر ایکسپریس سے ڈھاکہ ، نیلسگر ایکسپریس سے راجشاہی اور لالونی ایکسپریس سے کھولنا۔,1
4143,1937 میں ، ہکسلے اپنی اہلیہ ماریہ ، بیٹے میتھیو ہکسلے ، اور دوست جیرالڈ ہارڈ کے ساتھ ہالی ووڈ چلے گئے۔,1937 میں ، ہکسلے اپنی اہلیہ ماریہ ، بیٹے میتھیو ہکسلے ، اور بوائے فرینڈ جیرالڈ ہارٹ کے ساتھ ہالی ووڈ منتقل ہوگئے۔,1
4148,اس پرجاتیوں کو پہلی بار باضابطہ طور پر نباتات کے ماہر اسٹیفن اینڈلچر نے 1846 میں جوہان جارج کرسچن لہمن کے کام `` Irideae کے حصے کے طور پر بیان کیا تھا۔ پلانٹے پریسیانا ''۔,اس پرجاتیوں کو پہلی بار باضابطہ طور پر 1846 میں نباتات کے ماہر جوہن جارج کرسچن لہمن نے اسٹیفن اینڈلیشر کے کام `ide idiae پودے پریسیانا '' کے تناظر میں بیان کیا تھا۔,0
4160,ڈائریکٹر حیاؤ میازاکی اور ان کے دیرینہ ساتھی اسو تاکاہاٹا کو سابق `` اینیمیج '' ایڈیٹر توشیو سوزوکی کی ہدایت پر اپنا اسٹوڈیو بنانے کی اجازت دی گئی تھی۔,اس نے ڈائریکٹر حیاؤ میازاکی اور ان کے دیرینہ ساتھی توشیو سوزوکی کو سابق `` اینیمج '' ایڈیٹر آئسو تاکاہاٹا کی ہدایت پر اپنا اسٹوڈیو بنانے کی بھی اجازت دی۔,0
4163,اس کے بیٹے نے مریم او کینیڈی (کیلیفورنیا سے) سے شادی کی اور 1883 میں سان فرانسسکو میں انتقال کر گئے۔,اس کے بیٹے نے مریم او کینیڈی (کیلیفورنیا کے) سے شادی کی اور وہ 1883 میں سان فرانسسکو میں انتقال کر گئے۔,1
4165,1932 میں سویڈش آئس ہاکی چیمپینشپ نے سویڈن کی قومی چیمپیئن شپ سویڈش آئس ہاکی چیمپیئن شپ کا 11 واں سیزن جیتا۔ ہماربی اگر چیمپئن شپ تھی۔,1932 کی سویڈش آئس ہاکی چیمپینشپ نے سویڈش آئس ہاکی چیمپینشپ ، سویڈش نیشنل چیمپینشپ ، ہماربی کے 11 ویں سیزن میں کامیابی حاصل کی۔,1
4167,2011 میں انہوں نے گلوکار میڈونا کی سوانح حیات بھی لکھی جس کے عنوان سے `` میڈونا فار میڈونا کو ملکہ پاپ '' ، کاسٹیلوچی کے پبلشر نے شائع کیا۔,2011 میں انہوں نے گلوکار میڈونا کی سوانح حیات بھی شائع کی جس کے عنوان سے `` میڈونا کے لئے میڈونا۔ پاپ کی ملکہ ، کاسٹیلوچی کے پبلشر نے لکھا۔,0
4169,ڈائمریک فیننترینوائڈ 8،8 '- بائیڈھائڈروجنکوسول اور مونوومریک جنکوسول اور ڈیہائڈروجنکوسول کو `` J. Acutus' 'سے الگ کیا جاسکتا ہے۔,ڈائمر فینتھرنائڈ 8،8 '؛ - بائیڈھائڈروجنکوسول اور مونوومریک جنکوسول اور ڈیہائڈروجنکوسول کو `` J. Actus '' سے الگ کیا جاسکتا ہے۔,1
4172,دسمبر 1969 میں ، 49 واں آرمی ڈویژن 29 واں آرمی ڈویژن بن گیا۔,دسمبر 1969 میں 29 ویں آرمی - ڈویژن 49 ویں آرمی - ڈویژن بن گیا۔,0
4173,وہ ہیمپسٹڈ ، نورفولک میں پیدا ہوا تھا اور ویسٹن ، باتھ ، سومرسیٹ میں فوت ہوگیا تھا۔,وہ نورفولک کے ہیمپسٹڈ میں پیدا ہوا تھا ، اور ویسٹن ، باتھ ، سومرسیٹ میں فوت ہوگیا تھا۔,1
4174,اس پلانٹ میں کچھ دواؤں کی خصوصیات ہوسکتی ہیں اور یہ جنوبی ایشیاء میں روایتی طب اور روایتی چینی طب میں استعمال ہوتی رہی ہیں۔,اس پلانٹ میں کچھ طبی خصوصیات ہوسکتی ہیں اور یہ جنوبی ایشیاء اور روایتی طب میں روایتی چینی طب میں استعمال ہوتی رہی ہیں۔,0
4175,سوانح حیات اب برطانیہ ، امریکہ (سینٹ مارٹن 2013) ، ہنگری (سویٹ کِسیازکی ، 2013) ، پولینڈ اور چین میں شائع ہوئی ہے۔,سوانح حیات اب برطانیہ ، امریکہ (سینٹ مارٹنز 2013) ، پولینڈ (سویٹ کِسزکی ، 2013) ، ہنگری اور چین میں شائع ہوئی ہے۔,0
4176,اصل ٹیم مصنف رائے تھامس اور آرٹسٹ سال بسسما نے `` دی ایوینجرز '' # 71 (دسمبر 1969) میں تخلیق کی تھی۔,اصل ٹیم مصنف سال بسسیما اور آرٹسٹ رائے تھامس نے `` دی ایوینجرز '' # 71 (دسمبر 1969) میں تشکیل دی تھی۔,0
4182,اس البم میں اس مواد کے ریمکس شامل ہیں جو اصل میں نرس کے ذریعہ زخم کے ساتھ ملا ہوا تھا اور 2007 میں منقطع ہونے کے ناطے شائع ہوا تھا۔,اس البم میں اس مواد کے ریمکس شامل ہیں جو اصل میں نرس کے ذریعہ زخم کے ساتھ جاری کیا گیا تھا اور 2007 میں منقطع ہونے کے ناطے ملایا گیا تھا۔,0
4183,ٹنڈی ایک شمال مشرقی کاکیشین زبان ہے جو روسی جمہوریہ ڈگستان میں بولی جاتی ہے۔,ٹنڈی ایک شمال مشرقی روسی زبان ہے جو کاکیشین جمہوریہ دگستان میں بولی جاتی ہے۔,0
4184,سیزن 6 جنوری 1984 کو فالون (سویڈن) میں شروع ہوا اور 11 مارچ 1984 کو لیگنا (ناروے) میں ختم ہوا۔,اس سیزن کا آغاز 6 جنوری 1984 کو ناروے کے فالون میں ہوا اور 11 مارچ 1984 کو سویڈن کے لیگنا میں ختم ہوا۔,0
4187,فیملی ایڈیشن کے دو سال سے زیادہ اور تیسرے سلیبریٹی ایڈیشن کے بعد تین سال سے زیادہ کے بعد نشر کرنے والا یہ پہلا سیزن تھا۔,فیملی ایڈیشن کے دو سال سے زیادہ اور تیسرے سلیبریٹی ایڈیشن کے تین سال سے زیادہ کے بعد یہ پہلا سیزن تھا۔,1
4196,سیروہی مغربی ریاست راجستھان میں جنوبی ہندوستان کا ایک شہر ہے۔,سیروہی مغربی ہندوستان میں جنوبی راجستھان ریاست کا ایک شہر ہے۔,0
4198,پیٹلجروی نیشنل پارک فن لینڈ کے شمالی کیریلیا کے الومانسی خطے میں ایک قومی پارک ہے۔,پیٹیلجروی نیشنل پارک شمالی کیریلیا کے الومانسی خطے میں فن لینڈ کا ایک قومی پارک ہے۔,1
4203,البرٹ پارک لیک ، میلبورن ، آسٹریلیا میں ایک بہن کا پروگرام منعقد ہوا اور اس کی سرپرستی فاکس ایف ایم (میلبورن) نے کی۔,میلبورن کے البرٹ پارک لیک میں ایک بہن کا پروگرام منعقد ہوا اور اس کی سرپرستی فاکس ایف ایم (میلبورن ، آسٹریلیا) نے کی۔,1
4207,جے کلورین فری - ماحول میں ریڈیکل کلورین بھی میتھین کے ساتھ رد عمل کا اظہار کرتی ہے۔,جے کلور - ریڈیکل - فضا میں مفت کلورین بھی میتھین کے ساتھ رد عمل کا اظہار کرتی ہے۔,0
4213,ولفریڈ بڈلی نے جوشوا پم کو شکست دی ، 6 - 4 ، 1 - 6 ، 7 - 5 ، 6 - 0,جوشوا پم نے ولفریڈ بڈلی ، 6 - 4 ، 1 - 6 ، 7 - 5 ، 6 - 0 کو شکست دی۔,0
4214,1920 اور 1921 میں وینس میں اطالویوں نے کامیابی حاصل کی - 1920 میں کوئی دوسری قوم داخل نہیں ہوئی اور 1921 میں فرانسیسی داخلہ شروع نہیں ہوا۔,1920 اور 1921 میں وینس میں ، اطالویوں نے شمولیت اختیار کی - 1920 میں کوئی دوسری قوم نہیں جیتا ، اور 1921 میں فرانسیسی داخلہ شروع نہیں ہوا۔,0
4220,پٹریوں کو ٹومی لی اور مائیکل بینہورن نے ڈھول پر تیار کیا تھا۔,پٹریوں کو مائیکل بین ہورن نے تیار کیا تھا ، اور اس میں ڈرم پر ٹومی لی کی خصوصیت تھی۔,0
4222,2016 میں `` فوربس '' نے کیلیفورنیا میری ٹائم اکیڈمی کو ملک کی 516 ویں بہترین یونیورسٹی اور مغرب میں 95 ویں نمبر پر رکھا۔,2016 میں ، `` فوربس '' کیلیفورنیا میری ٹائم اکیڈمی ملک کی 95 ویں بہترین یونیورسٹی اور مغرب میں 516 ویں نمبر پر ہے۔,0
4226,اس گروپ نے 23 اگست کو `` آئی ٹیونز سیشن - ای پی '' جاری کیا ، جس میں چار متبادل گانوں اور `` اپنے ہاتھوں کے بچے کو فولڈ کریں '' کا ایک صوتی ورژن شامل کیا گیا ہے۔,23 اگست کو ، اس گروپ نے چار متبادل گانوں اور `` اپنے ہاتھوں کے بچے کو فولڈ کریں '' کے ایک صوتی ورژن کے ساتھ `` آئی ٹیونز سیشن - ای پی '' جاری کیا۔,1
4238,اس سرورق کو ہیرالڈک آرٹسٹ اینڈریو اسٹیورٹ جیمسن نے ڈیزائن کیا تھا۔ سنگل `` اسٹیل بندر '' میں آرٹ ڈائریکٹر جان پاسچے نے ڈیزائن کیا ہے۔,اس سرورق کو ہیرالڈک آرٹسٹ جان پاسچے نے ڈیزائن کیا تھا اور سنگل `` اسٹیل بندر '' نے آرٹ ڈائریکٹر اینڈریو اسٹیورٹ جیمیسن کا سرورق ڈیزائن کیا ہے۔,0
4243,امان نے امان کی کلاس میں شامل ہونے کا فیصلہ کیا ہے ، اور جاریل آخر کار اس کے ساتھ پیار کرتا ہے۔,امان نے امان کی کلاس میں شامل ہونے کا فیصلہ کیا ہے ، اور آخر کار جارل اس کے ساتھ پیار کرتا ہے۔,1
4247,ہنری واکسن کونسل کے صدر تھے۔ فریڈرک براؤن کمیٹیوں کے چیئرمین تھے۔,کونسل کے صدر ہنری ہنری واکسن تھے ، کمیٹیوں کے چیئرمین فریڈرک براؤن تھے۔,1
4248,شادی شدہ مرسڈیز مارٹینز ہے ، جو کیوبا ہے - میکسیکن ، اور جس کے ساتھ اس کا ایک بیٹا ، سیبسٹین وٹز اور ایک بیٹی ، ایتھنہ وٹز ہے۔,شادی شدہ سیبسٹین ویٹز ہے ، جو کیوبا ہے - میکسیکن اور جس کے ساتھ اس کا بیٹا ، مرسڈیز مارٹینز اور ایک بیٹی ، ایتھنہ وٹز ہے۔,0
4251,لیو زوان کے دو بیٹے تھے: لیو ین اور لیو جی۔ لیو چینگ کا بیٹا لیو یونگ تھا۔ لیو لی کا پوتا لیو ین تھا۔,لیو لی کے دو بیٹے تھے: لیو ین اور لیو جی ، لیو ین کا بیٹا لیو چینگ تھا اور لیو یونگ کا پوتا لیو زوان تھا۔,0
4252,اس کے برعکس ، منافع `` مجموعی '' کو اس کے مالک کے ذریعہ منتقل یا دوسری صورت میں تفویض کیا جاسکتا ہے۔,اس کے برعکس ، منافع `` گراس '' کو اس کے مالک کے ذریعہ منتقل کیا جاسکتا ہے یا دوسری صورت میں تفویض کیا جاسکتا ہے۔,1
4255,نومبر 1989 میں ، ڈیلنی نیو یارک اسٹاک ایکسچینج کی ممبر بنی اور ہینڈرسن برادرز ، انکارپوریشن ، اور بیئر ویگنر میں سینئر منیجنگ ڈائریکٹر تھیں۔,نومبر 1989 میں ، ڈیلنی نیو یارک اسٹاک ایکسچینج کی ممبر تھیں اور ہینڈرسن برادرز ، انکارپوریشن اور بیئر ویگنر میں سینئر منیجنگ ڈائریکٹر بن گئیں۔,0
4256,پورٹ ڈی ونسنز واقع ہے جہاں 12 ویں ارونڈیسمنٹ کا شمال مشرق کونے پیرس کے 20 ویں ارنڈیسمنٹ کے جنوب مشرقی کونے سے ملتا ہے۔,پورٹ ڈی ونسنز واقع ہے جہاں 12 ویں ارونڈیسمنٹ کے شمال مشرقی کونے سے پیرس کے 20 ویں ارونڈیسمنٹ کے جنوب مشرقی کونے سے ملتا ہے۔,1
4260,گیبریل نے کرس سے اپنی محبت کا اعتراف کیا اور دونوں نے ایک معاملہ سے دم توڑ دیا۔,گیبریل نے کرس سے اپنی محبت کا اعتراف کیا اور دونوں نے ایک معاملہ سے دوچار ہو گیا۔,1
4267,صرف 10 دن بعد ہی اس کا ہارون ہیلمین کے ساتھ رونی سیڈینو کے ساتھ سیئٹل مرینرز کا کاروبار ہوا۔,صرف 10 دن بعد ، اس کے ساتھ ہارون ہیلمین کے ساتھ سیئٹل مرینرز کے ساتھ رونی سیڈینو کے لئے تجارت کی گئی۔,1
4271,اس کے بڑے مجسمے واناکا میں ، نیوزی لینڈ سے لے کر کیٹیہ تک اور اس کے درمیان بہت ساری جگہوں پر عوامی مقامات پر دیکھا جاسکتا ہے۔,اس کے بڑے مجسمے واناکا میں ، نیوزی لینڈ سے لے کر کیٹیہ اور اس کے درمیان بہت سے علاقوں تک عوامی مقامات پر دیکھا جاسکتا ہے۔,1
4272,اس کی لمبائی کم اور زیادہ ہلکا ہے - ایک ضروری ڈیزائن پیرامیٹر جس کو کمپیکٹ کاروں میں اس کی جگہ کا تعین کیا جاتا ہے۔,اس کی لمبائی کم اور زیادہ ہلکا ہے - ایک ضروری ڈیزائن پیرامیٹر جس پر کمپیکٹ کاروں میں اس کی جگہ کا تعین ہوتا ہے۔,1
4280,دریائے بوئیا میک ă رومانیہ میں دریائے ویلیا اسٹرمینوس کی ایک معاون ہے۔,دریائے بوئیا مکی رومانیہ میں ویلیا اسٹرمینوس ă ندی ​​کی ایک آب و ہوا ہے۔,1
4283,بیٹٹ پگ ایک ویب کامک ہے جو مائیک نورٹن نے لکھا ہے اور اس کی مثال ہے ، جس کا رنگ ایلن پاسالکا نے رنگا ہے ، اور کرس کرینک کے ذریعہ لکھا ہے۔,بیٹٹ پگ ایک ویب کامک ہے جو مائک نورٹن کا ایک ویب کامک ہے ، جسے ایلن پاسالکا نے لکھا ہے ، جو کرس کرینک اور سچتر نے لکھا ہے۔,0
4285,1914 میں ، مسٹر ٹوڈوروف نے ریستوراں کونی آئلینڈ کی بنیاد رکھی اور اپنی جیکسن کونی آئلینڈ مرچ کی چٹنی کی ترکیب بنائی۔,1914 میں ، مسٹر ٹوڈوروف نے جیکسن کونی آئلینڈ ریستوراں کی بنیاد رکھی اور اپنا کونی جزیرے مرچ کی چٹنی کی ترکیب بنائی۔,0
4286,انہوں نے پورے یورپ کے ساتھ ساتھ شمال ، وسطی اور جنوبی امریکہ میں بھی مراقبہ کے مراکز کے قیام میں مدد کی۔,انہوں نے پورے یورپ کے ساتھ ساتھ شمالی ، وسطی اور جنوبی امریکہ میں بھی مراقبہ کے مراکز قائم کرنے میں مدد کی۔,1
4293,جو آر کیمپا جونیئر ریاستہائے متحدہ امریکہ کے سابق بحریہ کے نااخت ہیں ، جنہوں نے امریکی بحریہ کے 11 ویں ماسٹر چیف پیٹی آفیسر کی حیثیت سے خدمات انجام دیں۔,جو آر کیمپا جونیئر ایک سابق امریکی بحریہ کے ایک میٹروس ہیں جنہوں نے ریاستہائے متحدہ امریکہ کے بحریہ کے 11 ویں ماسٹر چیف پیٹی آفیسر کی حیثیت سے خدمات انجام دیں۔,1
4297,اس کی نمائندگی نورفولک اور سفولک کی کاؤنٹیوں کے مشرقی نصف حصے میں کی جاتی ہے اور ایسیکس اور ہرٹ فورڈ شائر میں سوراخ۔,یہ نورفولک اور سفولک کی کاؤنٹیوں کے مشرقی نصف حصے میں پوشیدہ ہے ، اور اس کی نمائندگی ایسیکس اور ہرٹ فورڈ شائر میں بھی کی جاتی ہے۔,0
4298,لیموزین کو 5 جولائی 2003 اور شمالی امریکہ کو اکتوبر 2003 میں یورپ میں لانچ کیا گیا تھا ، اور یہ اسٹیٹ 2004 کے آخر میں متعارف کرایا گیا تھا۔,پالکی 5 جولائی 2003 کو یورپ میں اور اکتوبر 2003 میں شمالی امریکہ میں لانچ کی گئی تھی۔ 2004 کے آخر میں ، اسٹیٹ متعارف کرایا گیا تھا۔,1
4301,اسمارٹاس جینا سربو اور جوی کنگ کی ایک فلم ہے۔,اسمارٹاس ایک ایسی فلم ہے جس کی ہدایتکاری جوی کنگ کی ہدایت کاری میں ہے اور اس میں جینا سربو اداکاری ہے۔,0
4305,سوما تھراپی (یا سوما) 1970 کی دہائی میں فریئر نے نفسیاتی ماہر ولہیلم ریخ کی تحقیق پر مبنی گروپ تھراپی کے طور پر تشکیل دیا تھا۔,سومتراپی (یا سوما) کی بنیاد 1970 کی دہائی میں ولہیلم ریخ کے ذریعہ گروپ تھراپی کے طور پر رکھی گئی تھی ، جو نفسیاتی فریئر کی تحقیق پر مبنی تھی۔,0
4308,اگلا ٹاؤن ہال 1627 میں ، ایک باروک آرکیٹیکچرل انداز میں تعمیر کیا گیا تھا ، اور اسے 1650 ، 1653 ، 1735 اور 1779 میں نقصان پہنچا تھا۔,اگلے ٹاؤن ہال کو 1627 میں باروک اسٹائل میں نقصان پہنچا تھا اور اسے 1650 ، 1653 ، 1735 اور 1779 میں بنایا گیا تھا۔,0
4311,سنگل 31 اکتوبر 2015 کو جاری کیا گیا تھا اور اس کا اعلان 13 نومبر 2015 کو کیا گیا تھا۔,سنگل 31 اکتوبر ، 2015 کو شائع ہوا تھا اور اس کا اعلان 13 نومبر ، 2015 کو کیا گیا تھا۔,1
4312,زراعت میں ان کا مستقبل کا کام بنیادی طور پر نورفولک میں تھا ، لیکن اس نے لنکن شائر میں وسیع پیمانے پر پشتے بھی تجویز کیے ، جو کامیابی کے ساتھ انجام دیئے گئے تھے۔,زراعت میں اس کے بعد کا کام بنیادی طور پر نورفولک میں تھا ، لیکن اس نے لنکن شائر میں وسیع پیمانے پر پشتے بھی تجویز کیے ، جو کامیابی کے ساتھ انجام دیئے گئے تھے۔,1
4315,سب سے خشک سال 1983 تھا اور سب سے زیادہ کا سال 1976 تھا۔,سب سے خشک سال 1983 کا تھا اور سب سے زیادہ تر سال 1976 کے ساتھ تھا۔,1
4327,برازیل کی موسیقی میں ، مکسولائڈین موڈ سے ڈورین موڈ سابقہ ​​کو کم کرنے سے تشکیل پایا ہے اور اس طرح تیسرے کا ایک چھوٹا سا ورژن ہے۔,برازیل کی موسیقی میں ، ڈورین موڈ مکسولائڈین موڈ سے تشکیل دیا گیا ہے ، تیسرے کو کم کرنے سے ، اس طرح سابقہ ​​کا معمولی ورژن ہے۔,0
4328,وہ جولائی 2016 میں وینی ورلوک کے اسی ناول پر مبنی ، `` دی سیکریٹ ایجنٹ '' میں جوزف کونراڈ کی حیثیت سے نمودار ہوئی تھیں۔,جولائی 2016 میں ، وہ وینی ورلوک کے نامعلوم ناول پر مبنی ، `` دی سیکریٹ ایجنٹ '' میں جوزف کونراڈ کی حیثیت سے نمودار ہوئی۔,1
4334,رائٹ نیو یارک سے چیپل ہل ، این سی میں منتقل ہوگئے۔,رائٹ چیپل ہل ، این سی سے نیو یارک شہر منتقل ہوگئے۔,0
4335,نوآبادیاتی آقاؤں کے ساتھ ابتدائی تصادم نے روایتی معاشرے کو زبردست تبدیل کردیا۔,نوآبادیاتی آقاؤں کے ساتھ روایتی تصادم نے ابتدائی معاشرے کو زبردست تبدیل کردیا۔,0
4338,گیٹ کا منصوبہ از زہر غازی کے دور میں تیار کیا گیا تھا اور اس کے بیٹے محمد نے باب القانت (ایکویڈکٹ گیٹ) کے طور پر تعمیر کیا تھا۔,یہ گیٹ از زہر غازی کے دور میں تعمیر کیا گیا تھا اور اس کا منصوبہ ان کے بیٹے محمد نے باب القانت (ایکویڈکٹ گیٹ) کے طور پر کیا تھا۔,0
4340,ولیم ہیئر کے والدین ولیم جے اور مرلن ایم ہیئر ہیں ، انہوں نے کیلیفورنیا لوتھرن یونیورسٹی اور پھر مورپارک کالج میں تعلیم حاصل کی۔,ہیئر کے والدین ولیم جے اور مرلن ایم ہیئر ہیں۔ اس نے مورپارک کالج ، اور پھر کیلیفورنیا لوتھرن یونیورسٹی میں تعلیم حاصل کی۔,0
4349,ایک پیری جس کی طاقت اس کے بالوں میں ہے وہ 1984 کے الزبتھ این سکاربورو کے ناول `` دی ہرمین اکبر '' میں ظاہر ہوتی ہے۔,ایک پیری جس کی طاقت اس کے بالوں میں نمودار ہوتی ہے وہ 1984 کے الزبتھ این سکاربورو کے ناول میں ہے ، `` دی ہیم آف امان اکبر ''۔,0
4350,فیملی ایڈیشن کے دو سال سے زیادہ اور پہلے مشہور شخصیت کے ایڈیشن کے تین سال سے زیادہ کے بعد یہ تیسرا سیزن تھا۔,فیملی ایڈیشن کے دو سال سے زیادہ اور تیسرے سلیبریٹی ایڈیشن کے تین سال سے زیادہ کے بعد یہ پہلا سیزن تھا۔,0
4358,فرینک جیمز نے ایک مقامی کمپنی میں شمولیت اختیار کی جس میں علیحدگی پسند ڈریو لابس آرمی کے لئے بھرتی ہوا ، اور اگست 1861 میں ولسن کی کریک کی لڑائی میں لڑا۔,فرینک جیمس نے ایک مقامی سوسائٹی میں شمولیت اختیار کی جس میں علیحدگی پسند ڈریو لابس آرمی کے لئے بھرتی کیا گیا تھا اور اگست 1861 میں ولسن کی کریک کی لڑائی میں لڑا تھا۔,1
4362,الہی لفظ کالج آف اردنیٹا نے 2003 میں اپنا قبل از جلد محکمہ اور 2005 میں اس کا ابتدائی محکمہ کھولا۔,الہی لفظ کالج آف اردنیٹا نے 2003 میں اور 2005 میں اپنا ابتدائی محکمہ کھولا۔,1
4371,جونیئس 1907 میں ڈان کارلوس ڈریگس ، جس نے اس قصبے کی بنیاد رکھی تھی ، اور مے یروشا روبیسن میں ڈریگس ، اڈاہو میں پیدا ہوا تھا۔,جونیئس 1907 میں ڈریگس ، اڈاہو میں ، ڈان کارلوس ڈریگس بنانے کے لئے پیدا ہوا تھا ، جس نے اس شہر کی بنیاد رکھی تھی ، اور مے یروشا روبیسن۔,1
4372,آڈی وی 8 نے اپنی ڈی ٹی ایم کی موجودگی کے دوران بہت چھوٹے اور ہلکے مرسڈیز 190 ، بی ایم ڈبلیو ایم 3 اور کسی حد تک چھوٹے اوپل اومیگا 3000 کے ساتھ مقابلہ کیا۔,آڈی وی 8 نے ڈی ٹی ایم میں اپنی موجودگی کے دوران بہت چھوٹے اور چھوٹے مرسڈیز 190 ، بی ایم ڈبلیو ایم 3 اور قدرے ہلکا اوپیل اومیگا 3000 کے ساتھ مقابلہ کیا۔,0
4376,فلمی ستارے آسکر نیوز ، روب ہیوبل ، تیمتھی چیلمیٹ ، للی ربی ، انتھونی کوئنٹل اور للی رین ہارٹ۔,فلمی ستارے للی ربی ، تیمتھی چیلمیٹ ، للی رین ہارٹ ، انتھونی کوئنٹل ، آسکر نیوز اور روب ہیوبل۔,1
4378,ڈیم تقریبا 110 میٹر لمبا ہے اور اس کی چوٹی تقریبا 5 5 میٹر چوڑی ہے۔,ڈیم تقریبا 110 میٹر لمبا ہے اور اس کی نوک تقریبا 5 5 میٹر چوڑی ہے۔,1
4379,اس کمپنی کی بنیاد 2007 میں ڈیوڈ ٹِش ، کاروباری شخصیت لارنس اے ٹش کے پوتے ، اور ایڈم روتن برگ نے رکھی تھی۔,اس کمپنی کی بنیاد 2007 میں لارنس اے ٹش اور ایڈم روتن برگ نے کی تھی ، جو کاروباری ڈیوڈ ٹش کے پوتے تھے۔,0
4384,پیننمکال 1966 سے ایک ہندوستانی ملیالم فلم ہے ، جسے جے ساسکومر نے تیار کیا تھا اور اس کی ہدایتکاری کے پی کوٹارککارا نے کی تھی۔,پیننماکال 1966 میں ہندوستانی ملیالم فلم ہے ، جس کی ہدایتکاری جے ساسکومر نے کی تھی اور اسے کے پی کوٹراکارا نے تیار کیا تھا۔,0
4385,مچل مرکزی کیمپ میں واپس آنے کے بعد ، فنچ المناک خبروں کے ساتھ پہنچے۔,فنچ مرکزی کیمپ میں واپس آنے کے بعد ، مچل المناک خبروں کے ساتھ پہنچا۔,0
4386,لیفٹیننٹ جان گیج نے مئی 1805 میں اسے شمالی بحر کے لئے کمیشن دیا تھا۔ لیفٹیننٹ رابرٹ رمسی نے 1806 میں ان کی جگہ لی۔,لیفٹیننٹ جان گیج نے مئی 1805 میں اسے شمالی بحر میں داخل کیا ، اور لیفٹیننٹ رابرٹ رمسی نے 1806 میں ان کی جگہ لے لی۔,1
4387,یہ پہلی بار 1240 کی دہائی میں تحلیل ہوا تھا اور 1524 میں اصلاح کے دوران اس کی تصدیق کی گئی تھی۔,اس کی پہلی بار 1240 کی دہائی میں تصدیق ہوگئی تھی اور 1524 میں اصلاح کے دوران تحلیل ہوگئی تھی۔,0
4390,میڈیون یوگیاکارٹا اور جکارتہ کے مرکزی راستے پر واقع ہے۔,یوگیاکارٹا اور جکارتہ میڈیون کے مرکزی راستے پر ہیں۔,0
4392,لائیڈ نے کھلونے اور تحائف فروخت کرنے کے ل his اپنے کاروبار میں توسیع کی ، اور جب تحفہ کے کاروبار میں اضافہ ہوا تو اس نے مسوری کے گرینڈ ویو میں واقع ہاؤس آف لائیڈ کی بنیاد اور ہدایت کی۔,لائیڈ نے اپنے کاروبار کو کھلونے اور تحائف فروخت کرنا شروع کرنے کے لئے قائم کیا اور اس نے مسوری کے گرینڈ ویو میں واقع ہاؤس آف لائیڈ میں توسیع کی ، جبکہ تحفہ کے کاروبار میں اضافہ ہوا۔,0
4393,شمالی امریکہ سے باہر کے البم کی زیادہ تر ریلیز میں وہی آڈیو مواد تھا ، لیکن اس پر منحصر ہے کہ سی ڈی میں کون سا لیبل موجود ہے اس پر منحصر ہے۔,شمالی امریکہ سے باہر کے البم کی زیادہ تر ریلیز میں وہی آڈیو مواد تھا ، لیکن ٹریک مارکر اس پر منحصر تھے کہ سی ڈی کس لیبل کو جاری کیا گیا ہے۔,0
4399,5 مارچ ، 2011 کو ، ایم ٹی وی ہیو نے انی روسی `` روڈ بوائے '' پرفارم کرتے ہوئے ، ریحانہ سے ایک اسٹریمنگ لنک شائع کیا۔,5 مارچ ، 2011 کو ، ایم ٹی وی ہیو نے انی روسی کے پرفارم کرنے والی انی روسی کے پرفارم کرتے ہوئے ایک اسٹریمنگ لنک شائع کیا۔,1
4401,اگر گاؤں والے کسی پون - چوئی - دعوت کو قبول نہیں کرتے ہیں تو ، اس کا مطلب ہے ، مثال کے طور پر ، کہ ایک گاؤں کسی خاص شادی کو منظور یا ان کا انعقاد نہیں کرتا ہے۔,اگر گاؤں والے پون چوئی دعوت نہیں رکھتے ہیں تو ، اس کا مطلب ہے ، مثال کے طور پر ، کہ ایک گاؤں کسی خاص شادی کو منظور یا قبول نہیں کرتا ہے۔,0
4410,اسپرو دائیں ہاتھ کا کھلاڑی تھا اور اس نے اوسطا 18.75 اور 64 کی اعلی درجہ بندی کے ساتھ 2 فرسٹ کلاس میچوں میں 4 اننگز کھیلی۔,اسپرو دائیں فرسٹ بلے باز تھا اور اس نے اوسطا 18.75 اور 64 کے ٹاپ اسکور کے ساتھ 2 ہینڈ کلاس میچوں میں 4 اننگز کھیلی۔,0
4414,گیانا میں تقریبا 90 90،000 کیتھولک ہیں - کل آبادی کا تقریبا 12 ٪ ، جو کسی بھی جنوبی امریکی قوم میں سب سے کم ہے۔,گیانا میں تقریبا 90 90،000 کیتھولک ہیں جن کی کل آبادی کا 12 ٪ ہے ، جو کسی بھی جنوبی امریکی قوم میں سب سے کم ہے۔,1
4421,نسلی ربڑ کا کٹورا ریاستہائے متحدہ کے نیشنل گارڈ نے 1968 کے تاریخی ووسٹر ایوینیو فسادات کے دوران بطور اڈہ استعمال کیا تھا۔,نسلی ربڑ کا کٹورا ریاستہائے متحدہ کے نیشنل گارڈ نے 1968 کے تاریخی ووسٹر ایوینیو فسادات کے دوران بطور اڈہ استعمال کیا تھا۔,1
4424,29 نومبر 1171 کو ، گونزالو نے پہلی بار گونزالو روئز ڈی بوریبا `کے طور پر ایک سرٹیفکیٹ پر دستخط کیے۔,29 نومبر ، 1171 کو ، گونزالو روئز ڈی بوریبا نے پہلی بار گونزالو کے نام سے ایک سرٹیفکیٹ پر دستخط کیے۔,0
4428,وہ 2009 میں واپس نیو یارک شہر چلا گیا اور اب وہ فلاڈیلفیا میں رہتا ہے۔,2009 میں وہ واپس نیو یارک شہر چلا گیا اور آج فلاڈیلفیا میں رہتا ہے۔,1
4429,ٹریک منسوخ ہونے سے پہلے بہت کم ، ممکنہ طور پر 20 ، 75s بنائے گئے تھے۔,رینج منسوخ ہونے سے پہلے 75s میں سے بہت کم ، ممکنہ طور پر 20 ، بنائے گئے تھے۔,1
4441,اس کا بیٹا جان سیموئل پرووسٹ (1742 - 1815) کا باپ تھا ، جو نیو یارک کے پہلے پروٹسٹنٹ بشپ بشپ تھا۔,اس کا بیٹا جان سیموئل پرووسٹ (1742 - 1815) کا باپ تھا ، جو نیو یارک کے پہلے پروٹسٹنٹ ایپسکوپل بشپ تھا۔,1
4447,اسے معلوم ہوتا ہے کہ اس کا جسم شنرا بانشو لے کر جاتا ہے ، یہ ایک کتاب ہے جو ننجا کی دنیا میں سب سے طاقتور خفیہ فن ہے۔,اسے معلوم ہوا کہ اس کا جسم شنرا بانشو کو تھامتا ہے ، یہ ایک کتاب ہے جو ننجا کی دنیا میں سب سے طاقتور خفیہ فن ہے۔,1
4448,میئ شیگینوبو جاپانی نیشنل فوساکو شیگینوبو کی ماں ہیں ، جو ایک صحافی ہیں۔,فوساکو شیگینوبو جاپانی قومی میئ شیگینوبو کی ماں ہیں ، جو ایک صحافی ہیں۔,0
4450,راجر مورٹیمر کی پہلی بیوی جان مورٹیمر ، جیمز 2nd بیرن آڈلی کی بیٹی تھیں۔,بیرن آڈلی کی پہلی بیوی جان مورٹیمر تھی ، جو راجر مورٹیمر کی بیٹی تھی۔,0
4465,بالا اونچے اور برفیلی میدان پر کھڑا ہے ، گرمیاں گرم ہیں ، سردیوں میں سردی ہے۔,بالا اونچے اور برفیلی میدان پر کھڑا ہے ، گرمیاں گرم ہیں ، سردیوں میں سردی ہے۔,1
4466,انہوں نے ای ایس پی این کے ساتھ اپنے تعلقات کو جاری رکھا ، نیٹ ورک کے لئے دو اور فلمیں ، `` وینڈل اسکاٹ '' اور `` ہرشیل ''۔,انہوں نے ای ایس پی این کے ساتھ نیٹ ورک کے لئے دو اور فلموں ، `` ہرشیل '' اور `` وینڈل اسکاٹ '' کی قیادت کرنے کے لئے اپنے تعلقات کو جاری رکھا۔,1
4469,یہ 1544 میں ہنری آڈلی اور جان کورڈل کو عطا کیا گیا تھا ، جس نے اسے فورا. جان سون کے حوالے کردیا۔,اسے 1544 میں جان سون کو عطا کیا گیا تھا جس نے اسے ایک ہی وقت میں ہنری آڈلی اور جان کورڈل کو دیا تھا۔,0
4471,اس فلم کی تصویر اے سریکار پرساد نے کی تھی اور راجیو مینن نے اس میں ترمیم کی تھی۔,اس فلم کی تصویر راجیو مینن نے کی تھی اور اے سریکار پرساد نے اس کی تدوین کی تھی۔,0
4474,یہ مشرق میں شیشیکن ٹاؤن شپ ، مشرق اور جنوب میں روم ٹاؤن شپ ، جنوب میں ایتھنز ٹاؤن شپ اور مغرب میں ونڈھم ٹاؤن شپ کے ذریعہ محدود ہے۔,یہ مشرق میں ونڈھم ٹاؤن شپ ، مشرق اور جنوب میں روم ٹاؤن شپ ، جنوب میں شیشیکن ٹاؤن شپ اور مغرب میں ایتھنز ٹاؤن شپ سے ملحق ہے۔,0
4480,"سرجی پروکوفیف نے پیانو کے لئے شیہرازاڈ پر ایک `` فنتاسیہ ""لکھا تھا ، جسے انہوں نے پیانو رول پر ریکارڈ کیا تھا۔",سرجی پروکوفیف نے پیانو کے لئے شیہرزیڈ پر ایک `` فنتاسیہ 'لکھا ، جسے انہوں نے پیانو کے کردار پر ریکارڈ کیا۔,0
4482,چیف ایڈیٹر ہربرٹ ویسلز (2009 سے) ہیں ، دوسرا ایڈیٹر مارکس ارمرٹ (2002 سے) ہے۔,دوسرا ایڈیٹر ہربرٹ ویسلز (2009 سے) ہے ، ایڈیٹر ان چیف مارکس ارمرٹ (2002 سے) ہیں۔,0
4490,دریائے اریئول ماری رومانیہ میں دریائے وولسیا کی ایک آبدھی ہے۔,دریائے وِلیسیا رومانیہ میں دریائے ایریئول گھوڑی کی ایک آبدھی ہے۔,0
4493,ایک مقررہ پیمائش کے قابل فنکشن فارمولا _ 18 کے لئے ، فارمولا _ 19 ایک بے ترتیب متغیر ہے جس کا مطلب فارمولا _ 20 اور تغیر فارمولا _ 21 ہے۔,ایک طے شدہ پیمائش کے قابل فنکشن فارمولا 18 کے لئے ، فارمولا 19 درمیانی فارمولا 20 اور تغیر فارمولا 21 کے ساتھ بے ترتیب متغیر ہے۔,1
4499,ٹیم نے اگلے فروری کی شام ہونے والی اسی کھیل میں ہونے والی تبدیلیوں کا جواب دیا۔,ٹیم نے 19 فروری کو اسی شام اگلے کھیل میں ہونے والی تبدیلیوں کا جواب دیا۔,0
4500,یہ گانا فلپو آندریا کارمینی اور موریزیو مولیلا کے تیار کردہ گالا نے لکھا تھا اور اس پر مشتمل تھا۔,یہ گانا فلپو آندریا کارمینی اور موریزیو مولیلا کے ذریعہ تیار کردہ گالا نے لکھا تھا اور اس پر مشتمل تھا۔,1
4504,`` پتہ لگانے لامحدود '' میں ، جارجیٹ ہیئر کے لکھے ہوئے ایک اسرار ناول میں ، ایک شخصیت کا موازنہ آرمسٹرونگ سے کیا جاتا ہے۔,`` پتہ لگانے لامحدود '' میں ، جارجیٹ ہیئر کے لکھے ہوئے ایک اسرار ناول میں ، ایک کردار کا موازنہ آرمسٹرونگ سے کیا جاتا ہے۔,1
4505,ونڈوز پلیٹ فارم کے لئے ، ڈائلوگ اے پی ایل مائیکروسافٹ بصری اسٹوڈیو ڈویلپمنٹ پلیٹ فارم کے ساتھ .NET ، نیز محدود انضمام کے ساتھ سخت انضمام پیش کرتا ہے۔,ونڈوز پلیٹ فارم کے لئے ، ڈائلوگ اے پی ایل ڈویلپمنٹ پلیٹ فارم مائیکروسافٹ بصری اسٹوڈیو کے ساتھ .NET اور محدود انضمام کے ساتھ قریبی انضمام پیش کرتا ہے۔,1
4506,مائیکل مائیکل لیبل سینئر 14 سال کے تھے جب اس کے والدین جرمنی سے پنسلوینیا کے ایری آئے تھے۔,مائیکل مائیکل لیبل سینئر 14 سال کے تھے جب اس کے والدین ایری سے جرمنی میں پنسلوانیا آئے تھے۔,0
4517,ٹیلر اپنی موت تک اٹلانٹا بریز اور ملواکی اور شکاگو وائٹ سوکس کے لئے اسکاؤٹ کے طور پر بیس بال میں سرگرم رہا۔,ٹیلر اٹلانٹا بریز اور ملواکی اور شکاگو وائٹ سوکس کے اسکاؤٹ کے طور پر اپنی موت تک بیس بال میں سرگرم رہا۔,1
4520,یہ نانوئٹ کے مشرق میں ، چیسٹنٹ رج کے جنوب میں ، نیو یارک کے بلیویلٹ کے مغرب میں ، اور مونٹ ویل اور اولڈ ٹپن ، نیو جرسی کے شمال میں واقع ہے۔,یہ چیسٹنٹ رج کے مشرق میں ، نانوئٹ کے جنوب ، نیو یارک کے مغرب میں ، نیو یارک کے مغرب میں ، اور مونٹ ویل اور اولڈ ٹپن ، نیو جرسی کے مشرق میں واقع ہے۔,0
4523,وہ ایڈمرلٹی میں بھی اتنا ہی کامیاب رہے ، لیکن فروری 1748 میں جنوبی محکمہ کے سکریٹری آف اسٹیٹ کے سکریٹری بننے کے بعد ، وہ بہت خوش قسمت نہیں تھے۔,وہ ایڈمرلٹی میں بہت کامیاب رہے تھے ، لیکن فروری 1748 میں جنوبی محکمہ کے سکریٹری آف اسٹیٹ بننے کے بعد وہ اتنا ہی خوش نہیں تھے۔,0
4527,ورمونٹ ساؤتھ مچم کے شمال میں ، مغرب میں نوناواڈنگ اور فارسٹ ہل کے ذریعہ ، ورمونٹ کے ذریعہ جنوب میں اور وانٹیرنا اور رنگ ووڈ کے ذریعہ مشرق میں ہے۔,ورمونٹ مچم کے شمال میں ، مغرب میں نوناواڈنگ اور فارسٹ ہل کے ذریعہ ، ورمونٹ کے ذریعہ جنوب میں اور وانٹیرنا اور رنگ ووڈ کے ذریعہ مشرق میں سرحد ہے۔,0
4531,تاہم ، موجودہ تسلسل میں ، سپرمین پہلی بار `` آخری بیٹے '' میں حقیقی زوڈ سے ملتا ہے۔,موجودہ تسلسل میں ، `` آخری بیٹے 'میں سپرمین پہلی بار حقیقی زوڈ سے ملتا ہے۔,1
4534,وہ 1876 میں ڈلاس ، ٹیکساس ، اور 1887 میں سان ڈیاگو ، کیلیفورنیا چلا گیا۔,وہ 1876 میں ڈلاس ، ٹیکساس ، اور 1887 میں سان ڈیاگو ، کیلیفورنیا چلا گیا۔,1
4537,33.7 ٪ میری لینڈ میں پیدا ہوئے تھے ، جو مردم شماری بیورو کے ذریعہ پڑوسی ورجینیا اور واشنگٹن ، ڈی سی کے ساتھ جنوبی امریکہ کے ایک حصے کے طور پر درجہ بندی کیا گیا ہے۔,33.7 ٪ میری لینڈ میں پیدا ہوئے تھے ، جو مردم شماری بیورو سے پڑوسی ورجینیا اور واشنگٹن ، ڈی سی کے ساتھ مل کر جنوبی امریکہ کے ایک حصے کے طور پر درجہ بندی کیا گیا ہے۔,1
4539,دریائے کوگیر رومانیہ میں دریائے غیگ کی ایک معاون ہے۔,دریائے کوگیر رومانیہ میں دریائے غیگ کی ایک معاون ہے۔,1
4541,وہ چیونوفوجی بن گیا ، پھر ایک `` ماکوچی '' پہلوان ، عظیم `` یوکوزونا '' کے پاس ، جسے اس نے اٹھایا۔,وہ چیونوفوجی ، پھر ایک `` ماکوچی '' پہلوان بن گیا ، جس نے اس کی پرورش کی۔,1
4545,ایک پیری جس کی طاقت اس کے بالوں میں ہے وہ 1984 کے الزبتھ این سکاربورو کے ناول `` دی ہرمین اکبر '' میں ظاہر ہوتی ہے۔,ایک پیری ، جس کی طاقت اس کے بالوں میں نمودار ہوتی ہے ، الزبتھ این سکاربورو کے 1984 کے ناول ، `` دی ہیم آف امان اکبر 'میں ہے۔,0
4547,284 قبل مسیح میں ، شاہ کیوئ نے مغربی چاؤ میں کن کے بادشاہ ژاؤ سے ملاقات کی جس نے الیون کے خلاف اتحاد قائم کیا۔,284 قبل مسیح میں ، کنگ الیون نے مغرب میں کن کے بادشاہ ژاؤ سے ملاقات کی - چاؤ کیوئ کے خلاف اتحاد قائم کیا۔,0
4550,ایسا لگتا ہے کہ یہ حقیقت ان سلون کے `` منصوبے '' کا حصہ ہے جو ہائبرڈ کالونیوں کو نئی نسل کے ساتھ لوگوں کو دوبارہ آباد کرنا چاہتے ہیں۔,ایسا لگتا ہے کہ یہ حقیقت ان سلانوں کے `` منصوبے '' کا حصہ ہے جو ہائبرڈ مخلوق کی نئی نسل کے ساتھ انسانی کالونیوں کو دوبارہ آباد کرنا چاہتے ہیں۔,0
4552,پھول بھوری رنگ کے دھبوں کے ساتھ پیلے رنگ کے ہوتے ہیں۔,پھول پیلے رنگ کے دھبوں کے ساتھ بھوری ہیں۔,0
4553,ٹم ہینمین نے پیٹ سمپراس کے خلاف آخری 6 - 7 ، 6 - 4 ، 7 - 6 میں کامیابی حاصل کی۔,پیٹ سمپرس نے فائنل میں ٹم ہین مین کے خلاف 6 - 7 ، 6 - 4 ، 7 - 6 جیتا۔,0
4562,یہ فلم نئی فلمی صنعت میں ملیالم گلوکار رافیل کے بارے میں ہے۔,یہ فلم ملیالم میں فلم انڈسٹری میں ایک نئی گلوکار رافیل کے بارے میں ہے۔,0
4563,مارٹنز پینا ریو ڈی جنیرو میں ، جویو مارٹنز پینا اور فرانسسکا ڈی پولا جولیٹا پینا میں پیدا ہوئے تھے۔,جویو مارٹنز پینا اور فرانسسکا ڈی پولا جولیٹا پینا ریو ڈی جنیرو میں پینہ مارٹنز میں پیدا ہوئے تھے۔,0
4567,چوتھا مئی ، 1826 کے بعد جوزف ہیمفل کے استعفیٰ کی وجہ سے تھا ، جو تھامس کِٹیرہ نے بھرا تھا۔,چوتھا مئی 1826 کے بعد تھامس کاترا کے استعفیٰ کی وجہ سے ہوا تھا ، جسے جوزف ہیمفل نے بھرا تھا۔,0
4569,2016 میجی یاسوڈا جے 3 لیگ جاپانی فٹ بال میں تیسرے درجے کا 20 واں سیزن ہے ، اور پروفیشنل جے 3 لیگ کا تیسرا سیزن ہے۔,2016 میجی یاسوڈا جے 3 لیگ پیشہ ورانہ فٹ بال میں تیسرے مرحلے کا 20 واں سیزن اور جاپانی جے 3 لیگ کا تیسرا سیزن ہے۔,0
4571,نوارنگا کا پردیی خلیج اس کے آس پاس کے وسطی آٹھ سے بڑا مربع ہے۔,نوارنگا کا وسطی خلیج اس کے آس پاس کے پردیی آٹھ سے بڑا مربع ہے۔,0
4574,زنگون نے لٹو کے لئے فٹ بال کلب کھیلا۔,زنگون نے لٹو کے لئے کلب فٹ بال کھیلا۔,1
4578,موسم گرما کے دوران موسم گرم اور بارش کا شکار ہے اور سردیوں کے موسم میں ٹھنڈا ہوتا ہے۔,اس کا موسم گرمیوں کے دوران گرم اور بارش کا شکار ہے اور سردیوں کے موسم میں ٹھنڈا ہوتا ہے۔,1
4582,اے ایک کاپ ایک قبیلہ یا متعلقہ قبیلوں کا گروہ ہے ، بنیادی طور پر مشرقی اتر پردیش اور مغربی ہریانہ کے جاٹوں کے تحت۔,ایک خپ ایک قبیلہ یا متعلقہ قبیلوں کا گروہ ہے ، بنیادی طور پر مغربی اتر پردیش اور مشرقی ہریانہ جاٹ کے تحت۔,0
4585,اینڈرسن 1943 میں کیلیفورنیا کے ریڈونڈو بیچ میں پیدا ہوئے تھے اور وہ کیلیفورنیا کے شہر آکلینڈ سے ہیں۔,1943 میں ، اینڈرسن کیلیفورنیا کے ریڈونڈو بیچ میں پیدا ہوئے ، اور کیلیفورنیا کے آکلینڈ سے آئے تھے۔,1
4587,1783 میں ، چارلس بورن اور سر جیمز والیس کورٹ کیس کے آس پاس کے واقعات میں اس کے والد کا ذکر کیا گیا۔,1783 میں اس کے والد کا ذکر چارلس بورن اور سر جیمز والیس سے متعلق عدالتی مقدمے سے متعلق واقعات میں کیا گیا ہے۔,1
4589,انہوں نے 1993 میں اے لیول کین کاؤنٹی کوگرس اور اے اے پورٹلینڈ سی ڈاگس کے ساتھ کھیلا۔,انہوں نے 1993 میں اے - لیول پورٹلینڈ سی ڈاگس اور اے اے کین کاؤنٹی کوگرس کے ساتھ کھیلا۔,0
4592,دریائے والسیا رومانیہ میں دریائے ایریئول گھوڑی کی ایک آب و ہوا ہے۔,دریائے وِلیسیا رومانیہ میں دریائے ایریئول ماری کی ایک آبدھی ہے۔,1
4603,یہ خاندان 1972 میں کیمپ ہل چلا گیا ، جہاں اس نے پنسلوینیا کے ہیرس برگ کے تثلیث ہائی اسکول میں تعلیم حاصل کی۔,یہ خاندان 1972 میں ہیرس برگ ، پنسلوینیا منتقل ہوا ، جہاں انہوں نے کیمپ ہل کے تثلیث ہائی اسکول کا دورہ کیا۔,0
4607,`` گریویٹی وال '' کو anime ٹیلی ویژن سیریز `` کے پہلے افتتاحی تھیم کے طور پر استعمال کیا گیا تھا ، جبکہ `` Sh0ut '' کو دوسرے افتتاحی تھیم کے طور پر استعمال کیا گیا تھا۔,`` گریویٹی وال '' کو موبائل فونز - ٹی وی سیریز '' کے پہلے افتتاحی عنوان کے طور پر استعمال کیا گیا تھا ، جبکہ `` Sh0ut '' کو دوسرے افتتاحی تھیم کے طور پر استعمال کیا گیا تھا۔,1
4608,1963 میں ، رائے نے ہندوستان کی کمیونسٹ پارٹی میں شمولیت اختیار کی اور کولکتہ میں بنسروونی میں ٹریڈ یونین کی تحریکوں کی قیادت کی۔,رائے نے 1963 میں ہندوستان کی کمیونسٹ پارٹی میں شمولیت اختیار کی اور بانسڈرونی کے علاقے کولکتہ میں ٹریڈ یونین کی تحریکوں کی قیادت کی۔,0
4618,جب ایڈورڈ میں نے 7 جولائی ، 1307 کو اس کے والد ایڈورڈ دوم کے بعد اس کے مضامین کا رویہ عام طور پر اس کے نئے بادشاہ کے بارے میں اچھ intent ے ارادے میں سے ایک تھا۔,جب ایڈورڈ میں نے 7 جولائی 1307 کو ان کے والد ایڈورڈ II کے بعد کامیاب کیا تو ، ان کے مضامین کا رویہ عام طور پر ان کے نئے بادشاہ کی طرف خیر سگالی تھا۔,1
4632,فلم کو منفی تنقیدیں موصول ہوئی ، لیکن وی ایچ ایس اور ڈی وی ڈی پر اس کی ریلیز کے بعد ، یہ ایک فرقے بن گیا - ایمیزون اور آئی ایم ڈی بی پر سازگار تبصرے کے ساتھ پسندیدہ۔,فلم کو منفی جائزے ملے ، لیکن وی ایچ ایس اور ڈی وی ڈی پر ریلیز ہونے کے بعد ، یہ ایمیزون اور آئی ایم ڈی بی پر سازگار تبصرے کے ساتھ ایک فرقے کا پسندیدہ بن گیا۔,1
4642,ڈیو ٹومر ایڈ ڈینٹے کا تخلص ہے ، جو روٹجرز کے فارغ التحصیل ہیں ، جو اب فلاڈیلفیا میں آزادانہ مصنف ہیں۔,ایڈ ڈینٹ ڈیو تومار کا تخلص ہے ، جو فلاڈیلفیا میں رہائش پذیر ایک آزادانہ مصنف روٹجرز کے گریجویٹ ہیں۔,0
4645,میڈونا ، پرنس اور مائیکل جیکسن ، تاہم ، البم پر اثر انداز تھے۔,تاہم ، میڈونا ، پرنس ، اور مائیکل جیکسن البم کے اثرات تھے۔,1
4661,وہ 21 دسمبر 1965 کو نیو ہیون ، کنیکٹیکٹ میں پیدا ہوا تھا ، اور میری لینڈ کے آکسن ہل میں آکسن ہل ہائی اسکول کا دورہ کیا تھا۔,وہ 21 دسمبر 1965 کو میری لینڈ کے شہر آکسن ہل میں پیدا ہوا تھا ، اور نیو ہیون ، کنیکٹیکٹ کے آکسن ہل ہائی اسکول میں تعلیم حاصل کی تھی۔,0
4663,اگر کسی جملے میں بہت سے گرائمیکل زمرے ہوتے ہیں تو ، صرف کثرت سے پہلا مارکر ہوتا ہے۔ سابق :,اگر ایک جملے میں بہت سے گرائمیکل زمرے موجود ہیں تو ، صرف کثرت سے پہلا مارکر ہوتا ہے۔,1
4669,1939 میں جرمنی اور سوویت یونین کے ذریعہ پولینڈ پر حملے کے بعد ، اوسٹروا زیر زمین تعلیم میں سرگرم عمل ہوگئے ، لیکن وہ بیمار بھی تھے۔,1939 میں جرمنی اور سوویت یونین کے ذریعہ پولینڈ پر حملے کے بعد ، اوسٹروا زیر زمین تعلیم میں سرگرم تھا ، لیکن وہ بیمار بھی ہوگیا۔,0
4673,پیٹر ڈوکونج (1903 - 1967) ابتدائی جاز تھا - ریڈسٹ ، جو امریکی نیو اورلینز جاز منظر میں سرگرم تھا۔,پیٹر ڈوکونج (1903؟ -1967؟) ایک امریکی جاز ریڈسٹ تھا ، جو نیو اورلینز کے ابتدائی جاز منظر میں سرگرم تھا۔,0
4676,اسی وقت ، پوپ فرانسس نے ٹونگ سے مزید تین سال ہانگ کانگ کے بشپ رہنے کو کہا۔,ایک ہی وقت میں ، پوپ فرانسس ٹونگ نے ہانگ کانگ کے بشپ رہنے کے لئے تین سال طلب کیا۔,0
4680,حقیقت یہ ہے کہ یہ پہلا ترجمہ تھا اس کا مطلب یہ ہے کہ معمولی غلط فہمی عملی طور پر ناگزیر تھیں۔,حقیقت یہ ہے کہ یہ معمولی ترجمہ تھا اس کا مطلب یہ ہے کہ پہلی غلط فہمی عملی طور پر ناگزیر تھیں۔,0
4681,تاجر بابیس لازاریڈیس کے ساتھ اس کی دوسری شادی سے ایک بیٹا واسیلیس ہے۔,تاجر واسیلیس کے ساتھ اس کی دوسری شادی سے ایک بیٹا ، بابیس لازاریڈیس ہے۔,0
4682,اسٹارٹ اپ فنڈز بل اینڈ میلنڈا گیٹس فاؤنڈیشن ، فنانسیر جارج سوروس ، اور ٹکنالوجی کے کاروباری ایڈورڈ ڈبلیو سکاٹ سے آئے ہیں۔,فنڈز بل میلنڈا گیٹس فاؤنڈیشن ، فنانسیر ایڈورڈ ڈبلیو سکاٹ ، اور ٹکنالوجی کے کاروباری جارج سوروس سے آئے ہیں۔,0
4683,پنیر اور پنیر کی مصنوعات (خاص طور پر برینڈزا ، کوربیک ، اوٹیپوک ، پیرینیکا ، اور ٹی وی آر او ایچ چیز) ، انیکا روایتی سلوواک کی خصوصیات ہیں۔,پنیر اور پنیر کی مصنوعات (خاص طور پر تواروہ ، کوربیک ، اوتیپوک ، پیرینیکا اور برینڈزا) ، آئینیکا روایتی سلوواک کی خصوصیات ہیں۔,1
4688,نارمن میلانٹن گیڈیس ، پیدا ہوئے نارمن بیل گیڈیس (27 اپریل 1893 - 8 مئی 1958) ، ایک امریکی تھیٹر اور صنعتی ڈیزائنر تھا۔,نارمن میلانٹن گیڈیس ، پیدا ہوئے نارمن بیل گیڈیس ، (27 اپریل 1893 - 8 مئی 1958) ایک امریکی تھیٹر اور صنعتی ڈیزائنر تھا۔,1
4689,عام مرجانسر (`` مرگس آکٹوسیٹیسیس '') برازیل کے مرگینسر جینس میں ایک بتھ ہے۔,برازیلین مرگانسر (`` مرگس آکٹوسیٹیسیس '') عام مرگیائی جینس میں ایک بتھ ہے۔,0
4690,تاہم ، موجودہ تسلسل میں ، سپرمین پہلی بار `` آخری بیٹے '' میں حقیقی زوڈ سے ملتا ہے۔,موجودہ تسلسل میں ، سپرمین پہلی بار `` آخری بیٹے '' میں حقیقی زوڈ سے ملتا ہے۔,1
4691,ہاکر (پوسٹ کوڈ: 2614) آسٹریلیا کے دارالحکومت کے علاقے ، آسٹریلیائی دارالحکومت کے علاقے میں واقع ، کینبرا کے ضلع بیلکنن کا ایک مضافاتی علاقہ ہے۔,ہاکر (پی ایل زیڈ: 2614) آسٹریلیائی دارالحکومت کے علاقے ، آسٹریلیائی دارالحکومت کے علاقے میں واقع کینبرا کے ضلع بیلکنن کا ایک مضافاتی علاقہ ہے۔,1
4693,لابیتھل بیئرہاؤس ایک علاقائی بریوری ہے جس کے انداز پر جرمن اثرات ہیں۔,لابیتھل بیئر ہاؤس ایک جرمن بریوری ہے جس میں علاقائی اثرات کے انداز ہیں۔,0
4705,موجودہ سمر لیگ کا ایک حصہ نشاوا سلور نائٹس ، شہر کی کالججیٹ ٹیم ہیں۔,موسم گرما کے موجودہ لیگ کا ایک حصہ نشاوا سلور نائٹس ، شہر کی کولیجیٹ ٹیم ہے۔,1
4708,یہ ہلکا اور لمبائی میں بہت کم ہے - ایک ضروری ڈیزائن پیرامیٹر جس کو کمپیکٹ کاروں میں اس کی جگہ کا تعین کیا گیا ہے۔,اس کی لمبائی کم اور زیادہ ہلکا ہے - ایک ضروری ڈیزائن پیرامیٹر جس کو کمپیکٹ کاروں میں اس کی جگہ کا تعین کیا جاتا ہے۔,0
4710,انہوں نے 13 جون کو البم کے 5 ویں سنگل کی حیثیت سے البم ، `` وائسز '' پر دوسرا ٹریک بھی شائع کیا۔,انہوں نے 13 جون کو البم کے دوسرے سنگل کی حیثیت سے البم ، `` وائسز '' پر 5 واں ٹریک بھی جاری کیا۔,0
4712,وومنگ ہائی وے 330 وسطی شیریڈن کاؤنٹی میں واقع کافی مختصر مشرق و مغرب وومنگ اسٹیٹ روڈ ہے جو شیریڈن کے شمال مغربی حصے کی خدمت کرتی ہے۔,وومنگ ہائی وے 330 ایک کافی مختصر مشرق ہے۔ شمال مغربی شیریڈن کاؤنٹی میں ویسٹ وومنگ اسٹیٹ روڈ جو شیریڈن کے وسطی حصے کی خدمت کرتا ہے۔,0
4714,فائنل 6 - 3 ، 6 - 4 میں مارک نولس اور میکس میرنی نے او ، برائن اور پامر کے خلاف کامیابی حاصل کی۔,او برائن اور پامر نے مارک نولس اور میکس میرنی کے خلاف آخری 6 - 3 ، 6 - 4 میں کامیابی حاصل کی۔,0
4715,جب مختلف IEs کی زیادہ تعداد کی ضرورت ہوتی ہے تو ، اس سے فطری طور پر زیادہ صلاحیت کی منصوبہ بندی کی دشواریوں کا باعث بنتا ہے اور اکثر اس کے نتیجے میں IP کی عدم فراہمی ہوتی ہے۔,جب مختلف IEs کی زیادہ تعداد کی ضرورت ہوتی ہے تو ، اس کے نتیجے میں اکثر صلاحیت کی منصوبہ بندی میں زیادہ دشواری ہوتی ہے اور فطری طور پر IP کی عدم فراہمی کا باعث بنتا ہے۔,0
4716,میڈونا ، پرنس اور مائیکل جیکسن ، تاہم ، البم پر اثر انداز تھے۔,مائیکل جیکسن ، پرنس اور میڈونا ، تاہم ، البم پر متاثر ہوئے۔,1
4718,وہ مقامی حکومتوں کو قائم کرنے ، متحرک اور آزاد کرد سیاسی جماعتوں کو ادارہ قائم کرنے اور کرد پارلیمنٹ کا انتظام کرنے میں کامیاب تھے۔,وہ مقامی حکومتوں کا انتظام کرنے ، آزاد اور فعال کرد سیاسی جماعتوں کے قیام اور کرد پارلیمنٹ کو ادارہ بنانے میں کامیاب رہے۔,0
4719,نیچے دی گئی درجہ بندی میں ، شو کے لئے سب سے کم درجہ بندی سرخ ہوگی ، اور شو کی سب سے زیادہ درجہ بندی بلیو قسط میں ہوگی۔,نیچے دیئے گئے جائزوں میں سرخ رنگ میں شو کے لئے سب سے زیادہ تشخیص ہوگا ، اور اس شو کی سب سے کم درجہ بندی بلیو واقعہ میں ہوگی۔,0
4728,گٹار کو بیٹکنورٹ نے مہارت حاصل کی تھی اور کرس گیہنگر نے اسے نیو یارک شہر کے سٹرلنگ ساؤنڈ اسٹوڈیوز میں کھیلا تھا۔,بیٹکنورٹ نے گٹار بجایا اور کرس گیرنگر نے نیو یارک شہر کے سٹرلنگ ساؤنڈ اسٹوڈیوز میں اس میں مہارت حاصل کی۔,0
4729,`` راس '' ایبی اڈی کاسا میں آگے بڑھے اور مرکز میں '' راس '' سیوم کے ساتھ شامل ہوگئے۔,`` راس '' کاسا ایبی اڈی میں آگے بڑھا اور مرکز میں `` راس '' سیوم کے ساتھ شامل ہوگئی۔,0
4732,1974 میں ، اقوام متحدہ ، ایشین ڈویلپمنٹ بینک اور ورلڈ بینک کے تعاون سے ، لاؤ پی ڈی آر نے اسٹیج II فنڈ کی بنیاد رکھی۔,1974 میں لاؤ پی ڈی آر نے ورلڈ بینک ، اقوام متحدہ ، اور ایشین ڈویلپمنٹ بینک کی مدد سے اسٹیج II فنڈ قائم کیا۔,1
4743,اس واقعہ کو بعد میں ملتوی کردیا گیا ، لیکن اسے گردش کے ترتیب میں چھوڑ دیا گیا اور بالآخر رک گیا۔,اس واقعہ کو بعد میں ملتوی کردیا گیا ، لیکن اسے گردش کے ترتیب میں چھوڑ دیا گیا اور بالآخر بند کردیا گیا۔,1
4747,اوکلین پہلی کانگریس کے ضلع میں واقع ہے اور وہ نیو جرسی کے 6 ویں ریاستی قانون ساز ضلع کا حصہ ہے۔,اوکلین پہلی کانگریس کے ضلع میں واقع ہے اور وہ چھٹی ریاست نیو جرسی کے قانون ساز ضلع کا حصہ ہے۔,1
4748,جولائی 2017 میں ، نیٹ ڈیمیو ایلمر میک کارڈی کے ساتھ `` دی میموری پیلس '' کے ایک واقعہ کا موضوع تھا۔,جولائی 2017 میں ، ایلمر میک کارڈی نیٹ ڈیمو کے ساتھ `` دی میموری پیلس '' کے ایک واقعہ کا موضوع تھا۔,0
4749,فروری کے آغاز میں اطلاع دی گئی آگ کی تعداد 73 تھی جس میں 26 قابو سے باہر تھا اور توقع ہے کہ آگ کے ایک اور مہینے پر قابو پانے کا وقت ہوگا۔,فروری کے آغاز میں اطلاع دی گئی آگ کی تعداد 73 تھی جس میں 26 کنٹرول سے باہر تھا اور اس پر قابو پانے کے لئے متوقع وقت تھا تاکہ آگ کا ایک اور مہینہ ہو۔,1
4752,پیرامیٹرز کے طریقہ کار کی تغیر کا استعمال کرتے ہوئے ، تکمیلی حل کسی خاص حل کو کسی نامعلوم فنکشن سی (x) کے ذریعہ ضرب دے کر تشکیل دیا جاتا ہے:,تکمیلی حل کسی نامعلوم فنکشن C (X) کے ساتھ خاص حل کو ضرب دے کر پیرامیٹرز کے طریقہ کار کی مختلف حالتوں کا استعمال کرتے ہوئے تشکیل دیا جاتا ہے:,1
4753,ان میں سلویہ ریکسچ ، بولیروس کی ایک کمپوزر ، میری ٹریسا ریوس ، مصنف ، اور ایک گلوکارہ جولیٹا راس شامل ہیں۔,ان میں میری ٹریسا ریوس ، بولیروس ، جولیٹا راس ، مصنف ، اور سلویہ ریکسچ کی ایک کمپوزر ، ایک گلوکارہ ہیں۔,0
4758,ڈوٹی 1923 میں گلوسٹر میں پیدا ہوئے تھے اور 2014 میں بوسٹن میں انتقال کر گئے تھے۔,ڈوٹی 1923 میں بوسٹن میں پیدا ہوئے تھے اور 2014 میں گلوسٹر میں انتقال کر گئے تھے۔,0
4760,1994 میں ، روڈریگو لیو نے ایک سولو کیریئر شروع کرنے کے لئے بینڈ چھوڑ دیا ، اس کی جگہ کارلوس ماریا ٹرینڈاڈ (کی بورڈ سنتھیزائزر) نے لے لیا۔,1994 میں ، کارلوس ماریا ٹرینڈاڈ نے ایک سولو کیریئر شروع کرنے کے لئے بینڈ چھوڑ دیا ، اس کی جگہ روڈریگو لیو (کی بورڈ سنتھیزائزر) کی جگہ لی گئی۔,0
4761,ماس é نیو یارک کے ویسٹ چیسٹر کاؤنٹی میں پیدا ہوا تھا ، ہالینڈ ، مشی گن میں پلا بڑھا تھا اور وہ یورپ میں جوانی کے دوران رہتا تھا۔,ماس é ہالینڈ ، مشی گن میں پیدا ہوا تھا ، وہ نیو یارک کے ویسٹ چیسٹر کاؤنٹی میں پلا بڑھا تھا ، اور وہ نوعمروں کے دوران یورپ میں رہتا تھا۔,0
4762,یہ کوششیں آگے کی نظر آئیں گی ، کیونکہ قریبی سلیکن ویلی کی آبادی پھٹ گئی ، اور ٹری ویلی میں تیزی سے زمین کی قیمتوں میں ڈرامائی طور پر اضافہ ہوگا۔,یہ کوششیں قدیم ثابت ہوں گی کیونکہ قریبی سلیکن ویلی کی آبادی پھٹ گئی اور ٹری ویلی کے عروج سے زمین کی قیمتوں میں ڈرامائی طور پر اضافہ ہوگا۔,0
4764,لونگو نیو جرسی کے جرسی سٹی میں پیدا ہوا تھا ، اور اس نے نیو جرسی کے شہر بیون کے ماریسٹ ہائی اسکول اور روڈ آئلینڈ یونیورسٹی میں تعلیم حاصل کی تھی۔,نیو جرسی کے جرسی سٹی میں پیدا ہوئے ، لونگو نے بیون ، نیو جرسی اور یونیورسٹی آف روڈ آئلینڈ کے ماریسٹ ہائی اسکول میں تعلیم حاصل کی۔,1
4766,نیم پیشہ ور فٹ بال میں ، سکاٹش ٹیمیں سکاٹش پریمیئرشپ کے نیچے ہر سطح پر پرفارم کررہی ہیں ، اسکاٹش چیمپین شپ کے نیچے زیادہ تر ٹیمیں نیم پیشہ ور ہیں۔,سکاٹش فٹ بال میں ، نیم پیشہ ور ٹیمیں سکاٹش پریمیئرشپ کے نیچے ہر سطح پر مقابلہ کرتی ہیں ، زیادہ تر ٹیمیں اسکاٹش چیمپین شپ کے نیچے نیم پیشہ ور ہیں۔,0
4768,فلم کو سازگار جائزے ملے ، لیکن وی ایچ ایس اور ڈی وی ڈی پر ریلیز ہونے کے بعد ، یہ ایمیزون اور آئی ایم ڈی بی پر منفی تبصرے کے ساتھ ایک فرقے کا پسندیدہ بن گیا۔,فلم کو منفی تنقیدیں موصول ہوئی ، لیکن وی ایچ ایس اور ڈی وی ڈی پر اس کی ریلیز کے بعد ، یہ ایک فرقے بن گیا - ایمیزون اور آئی ایم ڈی بی پر سازگار تبصرے کے ساتھ پسندیدہ۔,0
4771,رچرڈ گبسن اور عدالتی مصور جان کارلائل کے ذریعہ ان کی تعریف کی گئی ، وہ پیٹر لیلی کی طرح کامیاب سمجھی جاتی ہیں۔,رچرڈ گبسن اور کورٹ پینٹر پیٹر لیلی کے ذریعہ ان کی تعریف کی گئی ، وہ جان کارلائل کی طرح کامیاب سمجھی جاتی ہیں۔,0
4772,پل کے مغربی سرے سے ، پنسلوینیا روٹ 268 شمال کی طرف پارکر اور جنوب کی طرف ایملٹن تک جاتا ہے۔,پنسلوینیا روٹ 268 پل کے مغربی سرے سے شمال کے پارکر اور جنوب تک ایملٹن تک جاتا ہے۔,1
4778,ولیمز کے نیکو روز برگ سے آگے ، والٹیری بوٹاس اور لیوس ہیملٹن تیز ترین تھے۔,سب سے تیز ترین نیکو روزبرگ تھا ، ولیمز سے پہلے '؛ والٹیری بوٹاس اور لیوس ہیملٹن۔,0
4779,اس کے بعد انہوں نے ٹولڈو ، اوہ میں اسکول پڑھایا اور 1856-1859 تک کلیو لینڈ میں اسکولوں کے قائم مقام سپرنٹنڈنٹ تھے۔,اس کے بعد اس نے ٹولڈو ، اوہ میں اسکول پڑھایا ، اور 1856-1859 تک کلیو لینڈ میں اسکولوں کے نائب سپرنٹنڈنٹ تھے۔,1
4787,اپریل 1942 میں ، مونٹاگو سلیٹر انگلینڈ واپس آگیا اور ، واپسی کے فورا بعد ہی ، برٹین سے `` پیٹر گریمز '' کے لئے ان کا لائبریٹسٹ بننے کے لئے کہا۔,اپریل 1942 میں ، برٹین انگلینڈ واپس آئے ، اور واپس آنے کے فورا بعد ہی انہوں نے مونٹاگو سلیٹر سے پیٹر گریمز کے لئے ان کا لائبریٹسٹ بننے کو کہا۔,0
4788,سری لنکا میں ، ایک اکاؤنٹنٹ (سی اے سری لنکا) کا عنوان صرف سری لنکا میں انسٹی ٹیوٹ آف اکاؤنٹنٹ کے ممبروں کے ذریعہ استعمال کیا جاسکتا ہے۔,سی اے میں ، چارٹرڈ اکاؤنٹنٹ (سری لنکا سری لنکا) کا عنوان صرف سری لنکا کے اکاؤنٹنٹس انسٹی ٹیوٹ کے ممبروں کے ذریعہ استعمال کیا جاسکتا ہے۔,0
4789,مارک نولس اور میکس میرنی نے او برائن اور پامر کے خلاف آخری 6 - 3 ، 6 - 4 میں کامیابی حاصل کی۔,فائنل 6 - 3 ، 6 - 4 میں مارک نولس اور میکس میرنی نے او ، برائن اور پامر کے خلاف کامیابی حاصل کی۔,1
4793,ڈیوڈ ایلن کو 1980 میں جب وہ 20 سال کا تھا تو ڈیوڈ ایلن کو نے وارن ہینس کے ٹورنگ اینڈ ریکارڈنگ بینڈ میں شمولیت اختیار کی۔,1980 میں ، جب وہ 20 سال کا تھا ، ڈیوڈ ایلن کو نے وارن ہینس کے ٹور اور ریکارڈنگ بینڈ میں شمولیت اختیار کی۔,1
4800,انہوں نے مِٹ رومنی کو 34،000 امریکی ڈالر اور ٹیڈ کروز کو ، 000 7،000 کا عطیہ بھی کیا ، جس میں 2016 میں اپنی صدارتی مہم بھی شامل ہے۔,انہوں نے ٹیڈ کروز کو ، 000 34،000 اور 7،000 امریکی ڈالر مِٹ رومنی کو بھی عطیہ کیا ، جس میں ان کی 2016 کی صدارتی مہم بھی شامل ہے۔,0
4801,1830 میں شروع ہونے والے ، آرتھر تپن امریکن نوآبادیات سوسائٹی (اے سی ایس) کے کچھ ممبروں اور جیمز کی تحریروں کے خاتمے سے متاثر تھے۔,آرتھر تپن کو 1830 سے ​​امریکن نوآبادیات سوسائٹی (اے سی ایس) کے کچھ ممبروں اور جیمز کی تحریروں کے خاتمے سے متاثر کیا گیا تھا۔,1
4806,فحش نگاری ویڈیو ٹکنالوجی کی آمد تک ، الیکٹرانک اور ڈیجیٹل فلموں کی بڑے پیمانے پر پروڈکشن کو براہ راست مرکزی دھارے میں شامل فلم انڈسٹری سے منسلک کیا گیا تھا۔,الیکٹرانک اور ڈیجیٹل ویڈیو ٹکنالوجی کی آمد تک ، فحش فلموں کی بڑے پیمانے پر پروڈکشن کو براہ راست مرکزی فلمی صنعت سے منسلک کیا گیا تھا۔,0
4810,بریڈ کریلن نے آسٹریلیا کے دورے پر بارلا کمبریا کی نمائندگی کی جس میں 6 دوسرے کھلاڑی برطانیہ کی نمائندگی کرتے تھے ، بھی آسٹریلیا کے دورے پر۔,بریڈ کریلن نے آسٹریلیا کے راستے آسٹریلیا کے راستے آسٹریلیا کے دورے پر بارلا برطانیہ کی نمائندگی بھی کی تھی ، جس میں کمبریا کی نمائندگی کرنے والے 6 دیگر کھلاڑی تھے۔,0
4817,کاٹز 1947 میں سویڈن میں پیدا ہوا تھا اور 1 سال کی عمر میں نیو یارک شہر چلا گیا تھا۔,کتز 1947 میں سویڈن میں پیدا ہوا تھا اور 1 سال کی عمر میں نیو یارک شہر چلا گیا تھا۔,1
4818,مچل نمبس امریکی ، اعلی نشست ، سنگل ونگ گلائڈرز کا ایک سلسلہ ہے جسے ڈان مچل نے 1950 کی دہائی میں ڈیزائن کیا تھا۔,مچل نمبس 1950 کی دہائی میں ڈان مچل کے ذریعہ ڈیزائن کردہ امریکی ، اعلی نشست ، سنگل ونگ گلائڈرز کا ایک سلسلہ ہے۔,1
4820,پہلا یا `` تنگ '' نظام Z = 0،712 کے ریڈ شفٹ پر (O III) اور دیگر آئنائزڈ عناصر کی سرخ لکیروں پر مشتمل ہے۔,پہلا یا `` ریڈ '' نظام ریڈ شفٹ زیڈ = 0.712 پر (O III) اور دیگر آئنائزڈ عناصر کی تنگ لائنوں پر مشتمل ہے۔,0
4829,میلکم فریزر ، جنہوں نے دسمبر 1975 میں وفاقی انتخابات میں وِٹلام کو لینڈ سلائیڈنگ میں شکست دی تھی ، نے ایجرٹن کو ٹریڈ یونین کی تحریک کی خدمت کے لئے نائٹ ہڈ کی پیش کش کی۔,وہٹلام ، جنہوں نے دسمبر 1975 میں وفاقی انتخابات میں لینڈ سلائیڈنگ میں میلکم فریزر کو شکست دی تھی ، نے ایجرٹن کو ٹریڈ یونین کی تحریک کی خدمت کے لئے نائٹ ہڈ کی پیش کش کی۔,0
4830,اس سلسلے میں ، آئنسکو نے اپنے ابتدائی کاغذات میں سے ایک میں ، ایک اہم اور بجائے پیشن گوئی بیان کیا:,اس سلسلے میں ، آئونسکو نے اپنی ابتدائی اشاعتوں میں سے ایک میں ایک اہم اور پیشن گوئی بیان کیا:,1
4836,اس ٹیم نے 1953 میں آسٹریلیا میں اور اگست 1959 میں ایشیاء کا دورہ بھی کیا۔,اس ٹیم نے 1953 میں آسٹریلیا میں اور اگست 1959 میں ایشیاء کا دورہ کیا۔,1
4839,بینڈ میں گلوکاروں میں ڈوروتی کرین ، جیری لینگ ، بٹی گریفن ، برنی کے بھائی والٹر کمنس اور اسکاٹی مارش شامل تھے ، جنہوں نے بعد میں ٹومی ڈورسی کے ساتھ گایا تھا۔,بینڈ میں گلوکاروں میں ڈوروتی کرین ، جیری لینگ ، بٹی گرفن ، برنی کے بھائی والٹر کمنس اور اسکاٹی مارش شامل تھے ، جنہوں نے بعد میں ٹومی ڈورسی کے ساتھ گایا تھا۔,1
4840,ابتدائی مشاورتی ممبروں میں والٹر کروکائٹ ، نارمن ویٹر ، گور وڈال ، نارمن پوڈوریٹز ، ساؤل بیلو ، اور الیسٹیئر کوک شامل تھے۔,ابتدائی مشاورتی ممبروں میں الیسٹیئر کوک ، ساؤل بیلو ، والٹر کروکائٹ ، نارمن کزنز ، گور وڈال ، نارمن پوڈورٹز شامل تھے۔,1
4841,یہ اس کے میڈینیٹ حبو مردہ خانے کے مندر سے دو لمبی تحریروں میں ریکارڈ کیا گیا تھا ، جو جسمانی طور پر الگ اور ایک دوسرے سے کچھ مختلف ہیں۔,یہ اس کی لاش ہارٹ میڈینیٹ حبو سے دو لمبی تحریروں میں ریکارڈ کیا گیا تھا ، جو جسمانی طور پر الگ اور ایک دوسرے سے کچھ مختلف ہیں۔,1
4848,میوزک ہال کو سب سے پہلے 1862 میں پیرس سے لندن میں درآمد کیا گیا تھا اور وہ رقاصوں ، گلوکاروں ، ایکروبیٹس اور میج ٹرین والے جانوروں کے ساتھ بے حد مقبول ہوا تھا۔,میوزک ہال ہال کو سب سے پہلے 1862 میں لندن سے پیرس میں درآمد کیا گیا تھا ، اور وہ بہت مقبول ہوا تھا ، جس میں رقاص ، گلوکار ، ایکروبیٹس ، جادوگروں نے تربیت یافتہ جانوروں کے ساتھ۔,0
4860,باب اور ٹیڈ بھائی تھے۔ جان ٹیڈ کا بیٹا ہے۔,باب اور ٹیڈ بھائی تھے ، اور ٹیڈ جان کا بیٹا ہے۔,0
4861,17 ستمبر کو ، اریولا لاس اینجلس ، کیلیفورنیا کے اسٹاپلس سنٹر میں ، جوآن سینڈوال بمقابلہ ساؤل الواریز کے انڈرکارڈ میں الفونسو گومیز کے خلاف پرفارم کریں گے۔,17 ستمبر کو ، اریولا کا مقابلہ لاس اینجلس ، کیلیفورنیا کے اسٹیپلس سنٹر میں ساؤل الواریز بمقابلہ الفونسو گومز کے انڈرکارڈ پر جوآن سینڈوال سے ہوگا۔,0
4862,اس گہرائی کا موازنہ مشی گن اور جھیل ہورون کی زیادہ سے زیادہ گہرائیوں سے ہے۔,اس گہرائی کا موازنہ مشی گن جھیل اور جھیل ہورون میں زیادہ سے زیادہ گہرائیوں سے ہے۔,1
4865,جسٹ اپ اسٹریم کا ناکارہ مشی گن سنٹرل ریلوے پل ہے جس نے اپنے پیشرو کے ساتھ بھنورپول ریپڈس برج نے نیاگرا کینٹیلیور برج کے ساتھ ریل ٹریفک کا مقابلہ کیا۔,اپ اسٹریم مشی گن سنٹرل ریلوے برج کا خاتمہ ہے ، جس نے ریلوے ٹریفک کے لئے نیاگرا کینٹیلیور برج کے ساتھ اپنے پیشرو ، ریپڈس برج بھنور کے ساتھ مقابلہ کیا۔,1
4867,اگست 2017 میں ، ٹیم پرکاش راج نے پروڈیوسر الوری چکرپانی کا کردار ادا کرنے کے لئے ٹیم میں شمولیت اختیار کی۔,الوری چکرپانی نے اگست 2017 میں بھی ٹیم میں شمولیت اختیار کی ، تاکہ مبینہ طور پر پروڈیوسر پرکاش راج کا کردار ادا کیا جاسکے۔,0
4868,وہ کارٹر کاؤنٹی ، ٹینیسی میں پیدا ہوا تھا اور بعد میں وہ ارکنساس چلا گیا تھا۔,وہ آرکنساس میں پیدا ہوا تھا اور ٹینیسی کے کارٹر کاؤنٹی چلا گیا تھا۔,0
4883,پہلی جنگ عظیم کے دوران ، اس نے جنیوا میں تعلیم حاصل کی ، جہاں اس نے ولی منزن برگ کے ساتھ کام کیا۔,پہلی جنگ عظیم کے دوران انہوں نے جنیوا میں کام کیا ، جہاں اس نے ولی مونزن برگ کے ساتھ تعلیم حاصل کی۔,0
4886,بیکسکو ٹیکسٹائل ، بنیادی کیمیکلز ، دواسازی ، جوٹ اور سمندری کھانا تیار کرتا ہے ، اور اس کمپنی میں رئیل اسٹیٹ اور زمین کی ترقی کے مفادات بھی ہیں۔,بییمسکو ٹیکسٹائل ، سمندری کیمیکلز ، دواسازی ، جوٹ اور بنیادی کھانے کی اشیاء تیار کرتا ہے ، کمپنی میں رئیل اسٹیٹ اور زمین کی ترقی کے مفادات بھی ہیں۔,0
4897,ڈیبیلیٹس شمالی بلغاریہ کا ایک قصبہ ہے ، جو ویلیکو ترنوو میونسپلٹی ، ویلیکو ترنووو صوبہ ویلیکو ٹارنووو میونسپلٹی کا ایک حصہ ہے۔,ڈیبیلیٹس شمالی بلغاریہ کا ایک قصبہ ہے ، جو ویلیکو ترنوو کے صوبے ویلیکو ترنووو کی میونسپلٹی کا ایک حصہ ہے۔,1
4898,اس سے گروپ نوڈس کے اندر پیچیدگی کو محدود کیا جاتا ہے اور گروپ کے باہر دوسرے نوڈس کے ساتھ ان کے جوڑے کو چھپایا جاتا ہے۔,اس سے گروپ نوڈس کے اندر پیچیدگی محدود ہوتی ہے ، اور گروپ کے باہر دوسرے نوڈس کے ساتھ ان کے جوڑے کو چھپاتا ہے۔,1
4899,پیٹلجروی نیشنل پارک فن لینڈ کے شمالی کیریلیا کے الومانسی خطے میں ایک قومی پارک ہے۔,پیٹلجروی نیشنل پارک فن لینڈ کے شمالی کیریلیا کے علاقے الومانسی کا ایک قومی پارک ہے۔,0
4901,اس آبادی میں ، 87.91 ٪ نسلی ہنگری ، 7.53 ٪ نسلی رومانی اور 4.43 ٪ نسلی رومانی ہیں۔,اس آبادی میں ، 87.91 ٪ نسلی رومانیہ ہیں ، 7.53 ٪ نسلی ہنگری ہیں اور 4.43 ٪ نسلی روما ہیں۔,0
4906,ان کا انتخاب این بی اے ڈرافٹ 1967 کے 7 ویں راؤنڈ (مجموعی طور پر 77 ویں انتخاب) میں فلاڈیلفیا 76ers نے کیا تھا۔,ان کا انتخاب 1967 کے این بی اے ڈرافٹ کے 7 ویں راؤنڈ (مجموعی طور پر 77 ویں انتخاب) میں فلاڈیلفیا 76ers نے کیا تھا۔,1
4910,ٹینا گرے (1885 - 1985) ایک طبی سرخیل اور 'گلاسگو لڑکی' نورہ نیلسن گرے کی بہن تھی۔,نورہ نیلسن گرے (1885 - 1985) ایک طبی سرخیل اور 'کی بہن تھی۔ گلاسگو گرل 'اپوس ؛ ٹینا گرے۔,0
4913,چاندلر نے کمپیوٹر کو سیکھنے کا ایک آلہ سمجھا ، لیکن اس نے ایک مروجہ مقصدیت کو مسترد کردیا جس نے ڈیٹا کو معلومات اور معلومات کو علم کے طور پر تسلیم کیا۔,چاندلر نے کمپیوٹر کو سیکھنے کے ایک آلے کے طور پر دیکھا ، لیکن اس نے ایک غالب مقصدیت کو مسترد کردیا جس نے ڈیٹا کو معلومات اور معلومات کو علم کے طور پر تسلیم کیا۔,1
4914,مواصلات کی یہی وہی شکلیں دماغ کے چہرے کے علاقوں سے آتی ہیں۔,چہرے کی تحریک میں مواصلات کی یہ شکلیں دماغ کے انہی علاقوں سے آتی ہیں۔,0
4917,ان سائٹوں کو بالترتیب 56 اور 96 کی درجہ بندی کے ساتھ ناقص رہائش گاہوں کے لئے پردیی خطے سمجھا جاتا ہے۔,ان سائٹوں کو بالترتیب 56 اور 96 کی درجہ بندی کے ساتھ ، معمولی رہائش گاہوں کے لئے ناقص سمجھا جاتا ہے۔,0
4930,میریڈیئن ڈیککن ، اسکندریہ ، مغربی ، فیئربری ، اور ٹوبیاس کے رہائشیوں پر مشتمل ہے ، جس سے 303 نیبراسکا اسکول ڈسٹرکٹ تشکیل دیا گیا ہے۔,میریڈیئن میں ڈیاکن ، اسکندریہ ، مغربی ، فیئربری اور ٹوبیاس کے رہائشیوں پر مشتمل ہے ، جس سے 303 نیبراسکا اسکول ڈسٹرکٹ تشکیل دیا گیا ہے۔,1
4934,جان جان ملٹن سے مراد شیکسپیئر ہے اور انجیلہ وارن `` کوموس '' کے حوالے سے: '' شیشے ، ٹھنڈی ، ہلکی پارباسی لہر `` کے تحت۔,انجیلہ وارن سے مراد شیکسپیئر ہے اور جان ملٹن کے '' کوموس '' کے حوالے سے: `` شیشے ، ٹھنڈی ، ہلکی منتقلی کی لہر کے تحت ''۔,0
4937,اس آبادی میں ، 87.91 ٪ نسلی ہنگری ، 7.53 ٪ نسلی رومانی اور 4.43 ٪ نسلی رومانی ہیں۔,اس آبادی میں ، 87.91 ٪ نسلی ہنگری ہیں ، 7.53 ٪ نسلی رومانی اور 4.43 ٪ نسلی رومانی ہیں۔,1
4939,وہ 3 سال کی عمر میں ایسٹونیا سے فن لینڈ میں اپنے والدین کے ساتھ چلی گئیں اور فی الحال ہیلسنکی میں رہ رہی ہیں۔,وہ 3 سال کی عمر میں اپنے والدین کے ساتھ فن لینڈ سے ایسٹونیا چلی گئیں اور فی الحال ہیلسنکی میں رہ رہی ہیں۔,0
4943,جب پی پی سی کو عارضی طور پر متاثر کیا جاتا ہے ، خاص طور پر دائیں نصف کرہ کی پی پی سی ، تو سکیڈس کے پار میموری کو نمایاں طور پر کمزور کردیا جاتا ہے۔,جب پی پی سی کو عارضی طور پر متاثر کیا جاتا ہے ، خاص طور پر دائیں طرف پی پی سی ، تو سکیڈس کی یادداشت نمایاں طور پر کمزور ہوجاتی ہے۔,1
4944,جوشوا پم نے ولفریڈ بڈلی ، 6 - 4 ، 1 - 6 ، 7 - 5 ، 6 - 0 کو شکست دی۔,جوشوا پِم نے ولفریڈ بڈلی ، 6 - 4 ، 1 - 6 ، 7 - 5 ، 6 - 0 کو شکست دی۔,1
4950,شولمین کی آواز میں `` GLICH '' کے عناصر شامل ہیں اور IDM کا ایک بڑا اثر و رسوخ دکھاتا ہے۔,شولمین کی آواز میں `` GLICH '' کے عناصر ہیں اور وہ IDM کا ایک بڑا اثر و رسوخ ظاہر کرتا ہے۔,1
4951,جب مختلف IEs کی زیادہ تعداد کی ضرورت ہوتی ہے تو ، اس کے نتیجے میں اکثر صلاحیت کی منصوبہ بندی میں زیادہ دشواری ہوتی ہے اور فطری طور پر IP کی عدم فراہمی کا باعث بنتا ہے۔,جب مختلف IEs کی زیادہ تعداد کی ضرورت ہوتی ہے تو ، اس کے نتیجے میں فطری طور پر صلاحیت میں زیادہ سے زیادہ منصوبہ بندی میں دشواری ہوتی ہے اور اکثر IP کی عدم فراہمی کا باعث بنتا ہے۔,0
4953,یہ ورجینیا کے گلاسگو سے 20 میل شمال مغرب میں اور ورجینیا کے رانوک سے تقریبا دو میل جنوب مشرق میں ہے۔,یہ ورجینیا کے روانوک سے 20 میل شمال مغرب میں اور ورجینیا کے گلاسگو سے تقریبا دو میل جنوب مشرق میں ہے۔,0
4956,اس ٹیم نے اگست 1959 میں 1953 میں ایشیاء اور آسٹریلیا میں بھی سفر کیا۔,1953 میں ٹیم نے اگست 1959 میں ایشیاء اور آسٹریلیا میں سفر کیا۔,1
4960,وارن ہینس نے 1980 میں ڈیوڈ ایلن کو کے ٹورنگ اینڈ ریکارڈنگ بینڈ میں شمولیت اختیار کی جب وہ 20 سال کا تھا۔,1980 میں ، جب وہ 20 سال کا تھا ، ڈیوڈ ڈیوڈ ایلن نے وارن ہینس کے ٹورنگ اور ریکارڈنگ بینڈ میں شمولیت اختیار کی۔,0
4965,1961 میں ، ہربرٹ ہربرٹ ایک `` یہ آپ کی زندگی ہے '' ٹی وی پروگرام کا موضوع تھا جب اسے ایمنن اینڈریوز نے حیرت میں ڈال دیا۔,ہربرٹ 1961 میں ایک `` یہ آپ کی زندگی ہے '' ٹی وی پروگرام کا موضوع تھا جب اسے ایمون اینڈریوز نے حیرت میں ڈال دیا۔,1
4966,1949 میں 1966 میں مشرقی جرمنی میں 1949 میں ، 1949 میں ، `` فالبیل 'کا استعمال آخری بار 1949 میں استعمال کیا گیا تھا۔,1966 میں مشرقی جرمنی میں 1949 میں مغربی جرمنی میں آخری بار ، `` فالبیل 'کا استعمال کیا گیا تھا۔,1
4970,ورسیسٹر شائر انگلینڈ کے شہر ورسیسٹر کا ایک شہر اور کاؤنٹی قصبہ ہے۔,ورسیسٹر انگلینڈ کا ایک قصبہ اور کاؤنٹی کا شہر ورسیسٹر شائر ہے۔,0
4971,بعد میں اس نے اسے نازی پارٹی کے لئے علامت کے طور پر استعمال کیا اور اسے ایک سفید دائرے اور سرخ پس منظر پر رکھا تاکہ اسے جھنڈے کے طور پر استعمال کیا جاسکے۔,بعد میں اس نے اسے نازی پارٹی کی علامت کے طور پر استعمال کیا ، اور اسے جھنڈے کے طور پر استعمال کرنے کے لئے سرخ دائرے اور سفید پس منظر پر رکھا۔,0
4973,کھدی ہندوستان کے مدھیہ پردیش کے بھوپال ضلع کا ایک گاؤں ہے۔ یہ بیراسیا تحصیل میں واقع ہے۔,کھیدی بھوپال کا ایک گاؤں ہے۔ ہندوستان کے مدھیہ پردیش کا ضلع۔ یہ بیراسیا تحصیل میں واقع ہے۔,1
4975,قابل اعتماد گواہوں کے ساتھ تحریری مالی معاہدوں کی سفارش کرتا ہے ، حالانکہ خواتین گواہ کی مساوات کے بارے میں تنازعہ موجود ہے۔,خواتین گواہوں کے ساتھ تحریری مالی معاہدوں کی سفارش کرتا ہے ، حالانکہ قابل اعتماد گواہی کی مساوات کے بارے میں تنازعہ موجود ہے۔,0
4981,آٹزم اسپانسرز بولتا ہے اور لارین تھیری اور ایرک سلیمان کے ذریعہ تیار کردہ مختصر فلم `` آٹزم '' کو تقسیم کرتا ہے۔,آٹزم اسپیکز نے لارین تھیری اور ایرک سلیمان کے زیر اہتمام ، مختصر فلم `` آٹزم ہر دن '' تیار کیا اور تقسیم کیا۔,0
4982,ہوئگے 1962 میں پیرس میں پیدا ہوئے تھے اور وہ چلی اور نیو یارک میں رہتے ہیں اور کام کرتے ہیں۔,ہوئگے 1962 میں چلی اور نیو یارک میں پیدا ہوئے تھے۔ ہوئگے پیرس میں رہتے ہیں اور کام کرتے ہیں۔,0
4989,اس آب و ہوا کے خطے میں گرم سے گرم (اور اکثر مرطوب) گرمیاں اور ہلکی سردیوں کے ساتھ موسمی درجہ حرارت کے زبردست اختلافات کی خصوصیات ہے۔,اس آب و ہوا کے خطے کو گرم سے مرطوب (اور اکثر گرم) گرمیاں اور ہلکی سردیوں کے ساتھ موسمی درجہ حرارت کے بڑے اختلافات کے ذریعہ ٹائپ کیا جاتا ہے۔,0
4994,اوکلاہوما کے شہر کلیمور میں 30 جون 1954 کو پیٹ کے کینسر کی وجہ سے ان کا انتقال ہوگیا۔ نیو یارک سٹی لن رِگز میموریل کا گھر ہے۔,30 جون 1954 کو نیو یارک میں پیٹ کے کینسر کی وجہ سے ان کا انتقال ہوگیا ، اور کلیمور ، اوکلاہوما میں لن رِگز میموریل کا گھر ہے۔,0
5001,ٹیپیکو کمپنی لمیٹڈ اور ٹپیکو کیسینو لمیٹڈ کی بنیاد 2004 میں مالٹا فنانشل سروسز اتھارٹی کے بین الاقوامی رجسٹر میں تجارتی کمپنیوں کے طور پر رکھی گئی تھی۔,ٹیپیکو کمپنی لمیٹڈ اور ٹپیکو کیسینو لمیٹڈ کی بنیاد 2004 میں مالٹا فنانشل سروسز اتھارٹی کمرشل رجسٹر میں بین الاقوامی تجارتی کمپنیوں کے طور پر رکھی گئی تھی۔,0
5002,یہ زمرہ اسرائیلی فٹ بالرز کے لئے ہے جو فی الحال غیر اسرائیلی لیگ میں سے کسی ایک میں کھیلتے ہیں یا کھیل چکے ہیں۔,یہ زمرہ اسرائیلی فٹ بالرز کے لئے ہے جو فی الحال غیر اسرائیلی لیگ میں سے کسی میں کھیلتے ہیں یا کھیل چکے ہیں۔,1
5005,`` سب کچھ لیکن آپ '' 1945 کا ایک گانا ہے ، جسے ڈیوک ایلنگٹن اور ہیری جیمز نے ڈان جارج کے متن کے ساتھ لکھا ہے۔,`` سب کچھ لیکن آپ '' ایک 1945 کا گانا ہے جس میں ڈیوک ایلنگٹن اور ہیری جیمز نے ڈان جارج کے لکھے ہوئے دھنوں کے ساتھ تیار کیا ہے۔,1
5006,اگلا ورژن 1986 میں رابرٹ فلر کے بھائی رون نے تیار کیا تھا۔,اگلا ورژن 1986 میں رابرٹ فلر کے بھائی رون نے تیار کیا تھا۔,1
5015,اس کے ساتھ ہی ایک قسم کی uvular آواز ہے جو کچھ بولی جانے والی زبانوں میں بین الاقوامی صوتی حروف تہجی میں علامت کا استعمال ہوتی ہے ، جو اس آواز کی نمائندگی کرتی ہے ،,ہم آہنگی کا انعقاد ایک قسم کی uvular آواز ہے ، جو کچھ بولی جانے والی زبانوں میں استعمال ہوتا ہے۔ بین الاقوامی صوتی حروف تہجی میں علامت جو اس آواز کی نمائندگی کرتی ہے,1
5018,ارل سینٹ ونسنٹ ایک فرانسیسی جہاز تھا جسے پکڑا گیا تھا اور 1803 میں برطانوی مرچنٹ مین بن گیا تھا۔,ارل سینٹ ونسنٹ ایک فرانسیسی جہاز تھا جسے 1803 میں پکڑا گیا تھا اور وہ ایک برطانوی تجارتی شخص بن گیا تھا۔,1
5024,وہ 1924 میں ٹورنٹو میں آئی سی ایم کے مدعو اسپیکر تھے ، 1932 میں زیورک میں ، اور 1936 میں اوسلو میں۔,وہ 1924 میں ٹورنٹو میں ، 1932 میں زیورخ میں اور 1936 میں اوسلو میں آئی سی ایم کے لئے مدعو ترجمان تھے۔,1
5025,اس جوڑے کی پہلی بیٹی محمد جاواد گولپیاگانی ہے ، اس کی شادی بوشرا کے ساتھ ہوئی ، جو محمد گولپیاگان کے بیٹے ، خامنہ کی چیف آف اسٹاف ہے۔,اس جوڑے کی پہلی بیٹی محمد جاواد گولپیاگانی ہے ، اس سے بوشرا سے شادی ہوئی ، جو محمد گولپیاگان کے بیٹے ، خامینئی چیف آف اسٹاف نے شادی کی۔,1
5027,کمپنی تشخیصی مقاصد کے لئے اپنی خدمات کے لئے ایک مکمل آزمائش فراہم کرتی ہے اور اس میں ماہرین بھی فری ٹائم مساوی منصوبوں کے لئے سروس لیول معاہدے طے کرتے ہیں۔,کمپنی تشخیصی مقاصد کے لئے اپنی خدمات کے لئے ایک مفت آزمائشی ورژن مہیا کرتی ہے اور اس میں ماہرین بھی کل وقتی مساوی منصوبوں کے لئے خدمت کی سطح کے معاہدے مرتب کرتے ہیں۔,0
5028,وہ 1876 میں کیلیفورنیا کے سان ڈیاگو اور 1887 میں ڈلاس ، ٹیکساس چلا گیا۔,1876 ​​میں ، وہ 1887 میں سان ڈیاگو ، کیلیفورنیا ، اور ڈلاس ، ٹیکساس چلا گیا۔,1
5030,سمر کالججیٹ لیگ کا ایک حصہ نشاوا سلور نائٹس آج شہر میں ٹیم کی ٹیم ہے۔,موسم گرما کے موجودہ لیگ کا ایک حصہ نشاوا سلور نائٹس ، شہر کی کولیجیٹ ٹیم ہے۔,0
5041,اسٹپسٹ کورنوئبرگ میں پیدا ہوئے تھے ، اور انہوں نے اپنا بچپن اسٹیمرڈورف ، ویانا میں گزارا تھا۔,اسٹپسٹ ویانا میں پیدا ہوئے تھے اور انہوں نے اپنا بچپن اسٹامرسڈورف ، کورنیؤبرگ میں گزارا تھا۔,0
5049,1972 میں ، کام کرنے کے نئے طریقوں کی بنیاد رکھی گئی تھی ، یہ ایک غیر منفعتی تنظیم ہے جو سان فرانسسکو بے ایریا میں مالی اعانت فراہم کی گئی ہے۔,1972 میں ، سان فرانسسکو بے ایریا میں قائم ایک غیر منفعتی تنظیم ، کام کرنے کے نئے طریقوں کو مالی اعانت فراہم کی گئی۔,0
5055,فش مین نے براؤن یونیورسٹی سے بیچلر کی ڈگری اور کولمبیا یونیورسٹی سے معاشیات میں ماسٹر کی ڈگری حاصل کی ہے۔,فش مین نے براؤن یونیورسٹی سے بیچلر کی ڈگری اور کولمبیا یونیورسٹی کی معاشیات میں ماسٹرز کی ڈگری حاصل کی ہے۔,1
5059,جنوبی کوریا میں پیدا ہوئے ، وہ 2002 کے بعد سے 9 سال برازیل میں مقیم رہے ، 5 سال تک فٹ بال کھیلا اور 2007 میں اپنے کیریئر کا آغاز کیا۔,جنوبی کوریا میں پیدا ہوئے ، وہ 2002 کے بعد سے 9 سال برازیل میں مقیم رہے اور وہاں 5 سال تک فٹ بال کھیلا۔ انہوں نے اپنے پیشہ ورانہ کیریئر کا آغاز 2007 میں کیا تھا۔,1
5089,درج کردہ 10 یا اس سے زیادہ کھلاڑیوں والے کلبوں کی نمائندگی کی جاتی ہے۔,10 یا اس سے زیادہ درج کھلاڑیوں والے کلبوں کی نمائندگی کی جاتی ہے۔,1
5090,پورٹ ڈی ونسنز واقع ہے جہاں 20 ویں ارونڈیسمنٹ کا جنوب مشرقی کونے پیرس کے 12 ویں ارونڈیسمنٹ کے شمال مشرق کونے سے ملتا ہے۔,پورٹ ڈی ونسنز واقع ہے جہاں 20 ویں ارونڈیسمنٹ کا جنوب مشرقی کونے پیرس کے 12 ویں ارونڈیسمنٹ کے شمال مشرقی کونے سے ملتا ہے۔,1
5092,دریائے ہوڈیاسا رومانیہ میں دریائے بریڈو کی ایک معاون ہے۔,دریائے بریڈو رومانیہ میں دریائے ہوڈیاسا کی ایک معاون ہے۔,0
5100,دونوں بیٹیاں 1976 میں توسکا میں اور 1981 میں جینیر میں کرنے سے پہلے ہی فوت ہوگئیں۔,دونوں بیٹیوں نے ان کی وفات سے پہلے ، 1976 میں توسکا اور 1981 میں جینیر نے کیا تھا۔,0
5103,ٹیم نے 19 فروری کی شام کو اگلے کھیل میں ہونے والی تبدیلیوں کا جواب دیا۔,ٹیم نے 19 فروری کو اسی شام اگلے کھیل میں ہونے والی تبدیلیوں کا جواب دیا۔,1
5113,2001 میں اینکور سائبیرین ایئر لائنز کے ساتھ ضم ہوگیا۔,2001 میں ، سائبیرین ایئر لائنز اینکر کے ساتھ مل گئیں۔,0
5115,سکھ مذہب ایک مذہب ہے جو ہندوستان میں پہلی صدی میں پندرہویں گرو کے مرکز کے ساتھ شروع ہوا تھا ، جسے گرو نانک دیو جی (1469-1539 سی ای) کے نام سے جانا جاتا ہے۔,سکھ مذہب ایک ایسا مذہب ہے جو ہندوستان میں پہلی صدی میں پندرہویں گرو کے وسط کے ساتھ شروع ہوا تھا ، جسے گرو نانک دیو جی (1469-1539 C.E.) کے نام سے جانا جاتا ہے۔,1
5124,اس نے سب سے اہم فن پیدا کرنے والی جماعتوں کی مثال پیش کی اور 23 مشہور فنکاروں کے کام پر تبادلہ خیال کیا۔,اس نے سب سے اہم فن پیدا کرنے والی جماعتوں پر تبادلہ خیال کیا اور 23 مشہور فنکاروں کے کام کی مثال دی۔,0
5125,بوسٹرییکس ٹورٹس اشنکٹبندیی ہوا سے چلنے والی زمین کی سست ، فیملی بلیمولیڈی میں پلمونیٹ گیسٹروڈ مولسک کی ایک قسم ہے۔,بوسٹرییکس ٹورٹریس اشنکٹبندیی ہوا سے چلنے والی سانس لینے کی ایک قسم ہے ، جو بلیمولیڈی خاندان میں ایک پلمونیٹ گیسٹروڈ مولسک ہے۔,1
5126,جوی شمع کی جگہ تارنگ پی امین کی جگہ لی گئی تھی ، جو `` کو صدر ، چیف ایگزیکٹو آفیسر اور E.L.F کے ڈائریکٹر مقرر کیا گیا ہے۔,اس کی جگہ ترنگ پی امین کی جگہ لی گئی ، جسے صدر ، چیف ایگزیکٹو آفیسر اور ای ایل ایف کے ڈائریکٹر مقرر کیا گیا ہے۔,1
5135,`` فوربس '' کے پال تسی نے دعوی کیا کہ نینٹینڈو مائیکروسافٹ اور سونی سے ایچ ڈی گرافکس میں تبدیلی سے اسباق کو زیادہ موثر انداز میں سنبھال سکتا تھا۔,`` فوربس '' کے پال تسی نے دعوی کیا ہے کہ نینٹینڈو مائیکروسافٹ اور سونی کے ایچ ڈی گرافکس میں منتقلی کے سبق حاصل کرکے اس تبدیلی کو زیادہ موثر انداز میں سنبھال سکتا تھا۔,1
5138,یورپی سرگرمیاں ایبل کا حصہ بن گئیں ، جبکہ ایشیائی سرگرمیاں ہانگ کانگ کے کاروباری جوزف وانگ کو فروخت کی گئیں اور اب اس کا تعلق اسٹیلکس ہولڈنگ سے ہے۔,ایشیائی سرگرمیاں ایبل کا حصہ بن گئیں ، جبکہ یورپی سرگرمیاں ہانگ کانگ کے کاروباری جوزف وانگ کو فروخت کی گئیں اور اب اس کا تعلق اسٹیلکس ہولڈنگ سے ہے۔,0
5148,الاجا ، بحر کیسپین کے مغربی ترکمانستان کے صوبہ بلقان میں ایک چھوٹی آبادی والی جگہ ہے۔,الاجا ، بحیرہ کیسپین کے مغربی صوبہ بلقان میں ترکمانستان میں ایک چھوٹی آبادی والی جگہ ہے۔,0
5151,اپریل 1942 میں ، برٹین انگلینڈ واپس آئے ، اور واپسی کے فورا. بعد اس نے مونٹاگو سلیٹر سے کہا کہ وہ `` پیٹر گریمز '' کے لئے اس کا لائبریٹسٹ بن جائے۔,برٹین اپریل 1942 میں انگلینڈ واپس آئے۔ واپسی کے فورا. بعد ، اس نے مونٹاگو سلیٹر سے کہا کہ وہ `` پیٹر گریمز '' کے لئے اس کا لائبریٹسٹ بنیں۔,1
5159,اس تیاری کی ایجاد ڈاکٹر پیٹرک پیج اور ان کی ٹیم نے کی تھی اور 2007 میں جنکیوٹیکس نے پیٹنٹ کیا تھا۔,اس تیاری کو ڈاکٹر پیٹرک پیج اور ان کی ٹیم نے پیٹنٹ کیا تھا اور 2007 میں جنکیوٹیکس نے ایجاد کیا تھا۔,0
5166,مارتھا لازاری اکتوبر 1943 میں قبرص میں پیدا ہوا تھا۔ وہ 16 سال کی عمر میں اپنے کنبے کے ساتھ لندن ، برطانیہ میں ہجرت کرگیا۔,مارتسا لازاری اکتوبر 1943 میں قبرص میں پیدا ہوئی تھیں اور 16 سال کی عمر میں اپنے کنبے کے ساتھ لندن ، انگلینڈ چلی گئیں۔,1
5171,پنسلوینیا روٹ 268 پل کے مغربی سرے سے شمال کے پارکر اور جنوب تک ایملٹن تک جاتا ہے۔,پل کے مغربی سرے سے ، پنسلوینیا روٹ 268 جنوب کی طرف پارکر اور شمال کی طرف ایملٹن تک جاتا ہے۔,0
5182,جب 1994 میں اس لین دین کو پہلی بار حتمی شکل دی گئی تھی ، کلاسیکوم کے 102،000 صارفین تھے۔ جب اگلے سال اس کا اعلان کیا گیا تو ، کمپنی کے 105،000 صارفین تھے۔,جب اس لین دین کا اعلان پہلی بار 1994 میں کیا گیا تھا ، کلاسیکوم کے اگلے سال مکمل ہونے پر 102،000 صارفین تھے ، اور کمپنی کے 105،000 صارفین تھے۔,0
5185,والگجروو جنوب مشرقی کاؤنٹی وورو لٹویا کی ایک جھیل ہے ، جو ایسٹونیا کی سرحد کے قریب ہے۔,روج والججرو لٹویا کی جنوب مشرقی کاؤنٹی وورو کی ایک جھیل ہے ، جو ایسٹونیا کی سرحد کے قریب ہے۔,1
5187,ایڈمز وِل کولیمن کے مغرب میں ، مشرق میں ، لیک کاؤنٹی کے ذریعہ ، وائلڈ ووڈ کے شمال میں اور سمٹر ویل کے ذریعہ جنوب میں سرحد ہے۔,ایڈمز ول میں کولیمن مغرب میں ، مشرق میں سمٹر ویل ، شمال میں وائلڈ ووڈ ، اور جنوب میں جھیل کاؤنٹی سے ملحق ہے۔,0
5190,1992 کی تقریب کی میزبانی ونس نیل نے کی تھی ، جس میں این ووگ ، بدصورت کڈ جو ، نے ترقی کو گرفتار کیا اور ڈینس ملر شامل تھے۔,1992 کی تقریب کی میزبانی ونس نیل نے کی تھی۔ اداکاروں میں این ووگ ، بدصورت کڈ جو ، گرفتار شدہ ترقی اور ڈینس ملر شامل تھے۔,1
5195,پچھلے سکریٹریوں میں ایلیسن مریسن ، ٹام میببوٹ شامل ہیں ، جنہوں نے سکاٹش باغبانی ، جان میک لینن ، اور ڈاکٹر جان میکے کو خدمات کے لئے ایم بی ای حاصل کیا۔,پچھلے سکریٹریوں میں ایلیسن مریسن ، ٹام میببوٹ شامل ہیں ، جنہوں نے سکاٹش گارڈننگ ، جان میکلنن اور ڈاکٹر جان میکے کو خدمات کے لئے ایم بی ای حاصل کیا۔,1
5212,انگلیائی روایت کے اندر پروٹسٹنٹ اور کیتھولک رجحانات کے مابین فرق کی ڈگری معمول کے مطابق دونوں مخصوص انگلیائی گرجا گھروں اور انگلیائی برادری میں بحث کا معاملہ ہے۔,انگلیائی روایت میں پروٹسٹنٹ اور کیتھولک رجحانات کے مابین فرق کی ڈگری معمول کے مطابق مخصوص انگلیائی گرجا گھروں اور انگلیائی مواصلات کے دوران بھی بحث کا معاملہ ہے۔,1
5217,تاہم ، میڈونا ، پرنس اور مائیکل جیکسن ، البم پر متاثر ہوئے۔,تاہم ، مائیکل جیکسن ، پرنس ، اور میڈونا البم کے اثرات تھے۔,1
5220,ریاستہائے متحدہ کی مردم شماری بیورو کے مطابق ، ساؤتھ پورٹ ایک سطح کا رقبہ ہے جس میں زمین ہے اور ، یا 0.91 ٪ پانی ہے۔,ریاستہائے متحدہ کی مردم شماری بیورو کے مطابق ، ساؤتھ پورٹ ایک کل رقبہ ہے ، جس میں زمین ہے اور ، یا 0.91 ٪ ، پانی ہے۔,1
5224,1886 میں ، جارج کروک نے اریزونا کے شعبہ میں ، ایک چیریکاہوا - اپاچی رہنما ، جیرونیمو کے خلاف لڑنے والی مسلح افواج کے کمانڈر کی حیثیت سے جنرل میلز کی جگہ لی۔,1886 میں ، جارج کروک نے ایریزونا کے محکمہ میں چیریکاہوا اپاچی کے رہنما جیرونیمو کے خلاف لڑنے والے فورسز کے کمانڈر کی حیثیت سے جنرل میلز کی جگہ لی۔,1
5225,ابتدائی گھاووں میں مورفولوجیکل طور پر atypical ٹشو ہوتے ہیں جو مائکروسکوپک امتحان میں غیر معمولی دکھائی دیتے ہیں اور جس میں کینسر اس کے بظاہر عام ہم منصب سے زیادہ امکان رکھتا ہے۔,ابتدائی گھاووں میں مورفولوجیکل ایٹیکل ٹشو ہوتے ہیں جو مائکروسکوپک امتحان کے تحت غیر معمولی دکھائی دیتے ہیں ، اور جس میں کینسر اس کے بظاہر عام ہم منصب کے مقابلے میں زیادہ امکان ہوتا ہے۔,1
5227,سلز آسٹریا کے صوبہ فیلڈکرچ کے ضلع ووررلبرگ میں ایک بلدیہ ہے۔,سلز آسٹریا کی ریاست ورارلبرگ کے ضلع فیلڈکیرچ کی ایک بلدیہ ہے۔,0
5230,نومبر 1989 میں ، ڈیلنی نیو یارک اسٹاک ایکسچینج کی ممبر تھیں اور ہینڈرسن برادرز ، انکارپوریشن اور بیئر ویگنر میں سینئر منیجنگ ڈائریکٹر بن گئیں۔,نومبر 1989 میں ، ڈیلنی نیو یارک اسٹاک ایکسچینج کی ممبر بنی اور ہینڈرسن برادرز ، انکارپوریشن ، اور بیئر ویگنر میں سینئر منیجنگ ڈائریکٹر تھیں۔,0
5234,اسے گریگور (نمبر 202) نے نئے عہد نامے کے مسودات کی فہرست میں شامل کیا ، سکریونر نے اسے 1883 میں دیکھا۔,اس کو گریگوری (نمبر 202) کے ذریعہ نئے عہد نامے کے مخطوطات کی فہرست میں شامل کیا گیا۔ سکریونر نے اسے 1883 میں دیکھا۔,1
5235,2000 کے بعد سے ، میئرز میوزیم اور گیلریوں میں بڑی ، سائٹ سے متعلق دیوار ڈرائنگ تیار کررہے ہیں۔,میئرز 2000 سے عجائب گھروں اور گیلریوں میں بڑی ، سائٹ سے مخصوص دیوار کی ڈرائنگ بنا رہے ہیں۔,1
5236,ایک ملٹی ویرسی آفاقی نوعیت اور اسی طرح کے درجہ بندی کے ساتھ متبادل کائنات کا ایک مجموعہ ہے۔,ایک ملٹی ویرس متبادل کائنات کا مجموعہ ہے ، اسی طرح کی نوعیت اور عالمگیر درجہ بندی کے ساتھ۔,0
5245,بعد میں اس کی تصدیق 15 اکتوبر کو برطانیہ میں اور 23 اکتوبر کو امریکہ میں البم کے لئے ایک سنگل کے طور پر جاری کی گئی۔,بعد میں اس کی تصدیق 15 اکتوبر کو برطانیہ میں البم کے لئے ایک سنگل کے طور پر ، اور 23 اکتوبر کو امریکہ میں جاری کی گئی تھی۔,0
5251,فارمولا 2 اور فارمولا 3 تعدد پر جذب اور اخراج کے موثر کراس سیکشن کے ساتھ سادہ میڈیم کی خصوصیات ہوسکتی ہے۔,موثر میڈیم کو تعدد کے فارمولے _ 2 اور فارمولا _ 3 پر جذب اور اخراج کے آسان کراس سیکشن کے ساتھ خصوصیات دی جاسکتی ہے۔,0
5255,"یہ البم لاس اینجلس میں انبل کرپل نے ریکارڈ کیا تھا اور اسے کیلیفورنیا کے لاس اینجلس میں ""لا کاسا '' کے مطالعے میں ملایا گیا تھا۔",یہ البم لاس اینجلس ، کیلیفورنیا میں انبل کرپل نے ریکارڈ کیا تھا۔ لاس اینجلس میں `` لا کاسا '' کے مطالعے میں ملا۔,1
5257,میڈیسن ڈسٹرکٹ پبلک اسکولز ایک اسکول ڈسٹرکٹ ہے جو میڈیسن ہائٹس ، مشی گن میں گریٹر ڈیٹرایٹ کے جنوبی سرے کی خدمت کرتا ہے۔,میڈیسن ڈسٹرکٹ پبلک اسکولز گریٹر ڈیٹرایٹ ، میڈیسن ہائٹس ، مشی گن کے جنوب میں ایک اسکول ڈسٹرکٹ ہے۔,1
5260,بعدازاں ، اینڈریو پر حملے کے دوران ، کاؤنٹ ڈی انگولیم ، رچرڈ ادہمر کی افواج ہوں گی۔,بعد میں ، اینڈریو رچرڈ کی افواج ادہمار پر حملے کے دوران ہوں گی ، کاؤنٹی آف انگولیم۔,0
5261,کرنل لیفٹیننٹ ڈونلڈ گرانٹ میلارڈ ، کیپٹن جیرالڈ کے ہنافورڈ اور کیپٹن جان ایف لورین طیارے کے مسافر تھے۔,طیارے میں رہائش پذیر لیفٹیننٹ کرنل جیرالڈ کے ہنافورڈ ، کیپٹن ڈونلڈ گرانٹ گرانٹ میلارڈ اور کیپٹن جان ایف لورین تھے۔,0
5266,بونی بیڈیلیا (پیدائش بونی بیڈیلیا کلکن ، 25 مارچ 1948) ایک امریکی اداکارہ ہیں۔,بونی بیڈیلیا کلکن (پیدائش 25 مارچ 1948 کو بونی بیڈیلیا میں) ایک امریکی امریکی اداکارہ ہیں۔,0
5267,1914 میں ، مسٹر ٹوڈوروف نے جیکسن کونی آئلینڈ ریستوراں کی بنیاد رکھی اور اپنا کونی جزیرے مرچ کی چٹنی کی ترکیب بنائی۔,1914 میں ، مسٹر ٹوڈوروف نے ریستوراں جیکسن کونی آئلینڈ کی بنیاد رکھی اور کونی آئلینڈ مرچ کی چٹنی کے لئے اپنا نسخہ تیار کیا۔,1
5271,بیل مین کا 8 دسمبر 1931 کو کینٹکی کے لوئس ول میں انتقال ہوگیا اور اسے لوئس ول کے کلوری قبرستان میں مداخلت کی گئی۔,بیل مین 8 دسمبر 1931 کو لوئس ول میں انتقال کر گئے ، اور انہیں کینٹکی کے لوئس ول میں واقع کلوری قبرستان میں دفن کیا گیا۔,0
5273,سیزن 2008 - 09 کولوراڈو ہمسھلن فرنچائز کا 37 واں سیزن ، نیشنل ہاکی لیگ میں 30 ویں اور کولوراڈو برفانی تودے کی حیثیت سے 14 ویں نمبر پر تھا۔,سیزن 2008 - 09 کولوراڈو ہمسھلن فرنچائز کا 37 واں سیزن تھا ، نیشنل ہاکی لیگ میں 14 ویں اور کولوراڈو برفانی تودے کے طور پر 30 ویں نمبر پر تھا۔,0
5276,1994 میں ، پیٹر میسفیلڈ اور ڈونلڈ وِیبی کے ذریعہ شائع ہونے والے حجم `` مذہب کے پہلوؤں '' کو ان کے اعزاز میں شائع کیا گیا تھا۔,1994 میں ، پیٹر میسفیلڈ اور ڈونلڈ وِیبی کے ذریعہ ترمیم کردہ حجم `` مذہب کے پہلوؤں '' کو ان کے اعزاز میں شائع کیا گیا تھا۔,0
5279,نیو یارک سٹی کے شہر کلیمور ، اوکلاہوما میں پیٹ کے کینسر کی وجہ سے ان کا انتقال ہوگیا ، جہاں لن رِگز میموریل 30 جون 1954 کو واقع ہے۔,اوکلاہوما کے شہر کلیمور میں 30 جون 1954 کو پیٹ کے کینسر کی وجہ سے ان کا انتقال ہوگیا۔ نیو یارک سٹی لن رِگز میموریل کا گھر ہے۔,1
5282,اس کھیل کو اپنے وسیع اور انٹرایکٹو ماحول ، آرام دہ اور پرسکون کنٹرول اسکیم ، اور جدید گیم پلے کی تعریف ملی۔,اس کھیل کو اپنے آرام دہ ماحول ، ایک وسیع اور انٹرایکٹو کنٹرول اسکیم اور جدید گیم پلے کی تعریف ملی۔,0
5287,یہ موسیقی اے ٹی عمیر نے تیار کی تھی اور اس کی دھن پی بھاسکرن نے لکھی تھی۔,یہ موسیقی اے ٹی امر اور دی ٹیکسٹس نے پی بھاسکرن کمپوزٹ کے ذریعہ لکھی تھی۔,0
5292,کیرن لیو ریا ہوسٹن کی شادی جے پیٹر برجیس سے ہوئی ہے ، ریڈ کراس کی بین الاقوامی کمیٹی کے تعاون سے مندوب ، اور تین بچوں کے والد۔,ریڈ کراس کی بین الاقوامی کمیٹی کے تعاون کے مندوب جے پیٹر برجیس اور تین بچوں کے والد کے تعاون سے رائی ہاسٹن کی شادی ہوئی ہے۔,1
5298,وہ 5 مئی 1940 کو قسطنطنیہ (ایتھنز) میں پیدا ہوا تھا اور 19 نومبر 2011 کو استنبول میں کینسر کی وجہ سے اس کی موت ہوگئی تھی۔,وہ 5 مئی 1940 کو قسطنطنیہ (استنبول) میں پیدا ہوا تھا اور 19 نومبر 2011 کو ایتھنز میں کینسر کی وجہ سے اس کی موت ہوگئی تھی۔,0
5309,والکوٹ انگلینڈ کے لنکن شائر کے شمالی کیسٹیوین ضلع میں ایک سول گاؤں اور چھوٹی میونسپلٹی ہے۔,والکوٹ انگلینڈ کے لنکن شائر کے شمالی کیسٹیوین ضلع میں ایک سول گاؤں اور چھوٹی پارش ہے۔,1
5320,6 اپریل ، 2016 کو یونیورسل میوزک جاپان ، یونیورسل جے اور پیرفم ریکارڈز کے ذریعہ چار مختلف فارمیٹس میں `` کاسمک ایکسپلورر '' شائع ہوا تھا۔,"""کائناتی ایکسپلورر"" کو یونیورسل جے جاپان ، یونیورسل میوزک اور پرفیوم ریکارڈز نے 6 اپریل 2016 کو چار مختلف شکلوں میں جاری کیا تھا۔",0
5324,اس گروپ کا ایک اور ممبر سر تھامس گفارڈ تھا ، جس کی بہن نے جارج تھروکمورٹن سے شادی کی تھی۔,اس گروپ کا ایک اور ممبر سر جارج تھروکمورٹن تھا ، جس کی بہن تھامس گفارڈ کی شادی ہوئی تھی۔,0
5334,2008 میں کھولی گئی ، اسٹوڈیوز کو زچ ہینکوک نے ڈیزائن کیا تھا اور ان کی نگرانی چیف انجینئر مارٹن پِلچنر نے کی تھی۔,اسٹوڈیوز ، جو 2008 میں کھولے گئے تھے ، مارٹن پِلچنر نے ڈیزائن کیا تھا اور اس کی نگرانی چیف انجینئر زچ ہینکوک نے کی تھی۔,0
5337,وہ 1947 میں ساؤتھ بینڈ سٹی جج کے لئے ناکام امیدوار تھا ، اور 1948 میں سینٹ جوزف کاؤنٹی کے پراسیکیوٹر کی حیثیت سے۔,وہ 1947 میں سینٹ جوزف کاؤنٹی سٹی جج کے لئے اور 1948 میں ساؤتھ بینڈ پر فرد جرم عائد کرنے کے لئے ناکام امیدوار تھے۔,0
5340,پچھلے 100 سالوں میں ، تھائی ہاتھیوں کی تعداد 100،000 سے کم ہوکر 2،000 - 3،000 جنگلی ہاتھیوں اور 2،700 گھریلو ہاتھیوں سے کم ہوگئی ہے۔,تھائی ہاتھیوں کی تعداد گذشتہ 100 سالوں میں 100،000 سے کم ہوکر 2،000 - 3،000 جنگلی ہاتھیوں اور تقریبا 2،700 گھریلو ہاتھیوں سے کم ہوگئی ہے۔,1
5346,2006 کی قومی چیمپین شپ میں نٹالیہ ٹوبیاس کو ہونے والے نقصان نے انہیں اپنے کیریئر کو دوبارہ شروع کرنے کی ترغیب دی اور اس نے ارینا لشچینسکا کے ساتھ تربیت شروع کی۔,2006 کے قومی چیمپین شپ میں ایریانا لشچینسکا کو ہونے والے نقصان نے انہیں اپنے پیشہ ورانہ کیریئر کو دوبارہ شروع کرنے کی ترغیب دی اور اس نے نٹالیہ ٹوبیاس کے ساتھ تربیت شروع کی۔,0
5348,جغرافیائی طور پر ، مشرقی کیرنرز ویل ٹاؤن شپ میں فورسیتھ کاؤنٹی پر قبضہ کرتا ہے۔,جغرافیائی طور پر ، مشرقی فورسیتھ کاؤنٹی میں کارنارس ویل ٹاؤن شپ کا قبضہ ہے۔,0
5349,1942 میں کولمبیا سوسائٹی کے لئے بنائے گئے لوک گانوں کی ریکارڈنگ کا اہتمام بڑے پیمانے پر پیجٹر ڈنگو نے کیا تھا۔,1942 میں کولمبیا سوسائٹی کے لئے ترتیب دیئے گئے لوک گانوں کی ریکارڈنگ بڑی حد تک پیجٹر ڈنگو نے کی تھی۔,0
5357,1291 میں ، مہاؤٹ نے کاؤنٹ ڈی برگنڈی ، اوٹو چہارم سے شادی کی ، جو تین بچوں کی ماں بن گئی ، جس میں دو لڑکیوں سمیت جن میں فرانس کے بادشاہوں سے شادی ہوئی تھی۔,1291 میں ، مہاؤٹ نے برگنڈی کی گنتی اوٹو چہارم سے شادی کی۔ وہ تین بچوں کی ماں بن گئی ، جس میں دو لڑکیوں سمیت جن میں فرانس کے بادشاہوں سے شادی ہوئی تھی۔,1
5366,انہوں نے یہ ظاہر کیا کہ الگورتھم الٹیمنکمپلیٹ فارمولا 206 میٹرکس فارمولے کے فارمولے 203 بے ترتیب اندراجات کا مشاہدہ کرکے فارمولا 9 کو غیر متضاد اقدامات میں بحال کرسکتا ہے۔,انہوں نے یہ ظاہر کیا کہ فارمولہ _ 203 کے فارمولے کی بے ترتیب اندراجات _ 206 میٹرکس فارمولا _ 9 ، کا مشاہدہ کرکے ، الٹیمنکمپلیٹ الگورتھم غیر متزلزل اقدامات میں فارمولا _ 9 کی بازیافت کرسکتا ہے۔,1
5367,نیم پیشہ ور فٹ بال میں ، سکاٹش ٹیمیں سکاٹش پریمیئرشپ کے نیچے ہر سطح پر مقابلہ کرتی ہیں ، اسکاٹش چیمپین شپ کے نیچے زیادہ تر ٹیمیں نیم پیشہ ور ہیں۔,نیم پیشہ ور فٹ بال میں ، سکاٹش ٹیمیں سکاٹش پریمیئرشپ کے نیچے ہر سطح پر پرفارم کررہی ہیں ، اسکاٹش چیمپین شپ کے نیچے زیادہ تر ٹیمیں نیم پیشہ ور ہیں۔,1
5368,اس فہرست میں کم از کم 10 حرفوں کے ساتھ یونانی زبان میں الفاظ شامل ہیں۔ اس فہرست میں کچھ الفاظ لاطینی اور کروشین زبان سے آتے ہیں۔,اس فہرست میں یونانی زبان میں کم از کم 10 حرف ہیں ، جن میں سے کچھ اس فہرست میں لاطینی اور کروشین سے آتے ہیں۔,1
5370,صرف رونی فیلڈز نے این بی اے یا این سی اے اے میں ایک بھی کھیل نہیں کھیلا۔,رونی فیلڈز نے این بی اے یا این سی اے اے میں ایک بھی کھیل نہیں کھیلا۔,1
5378,اس سرورق کو ہیرالڈک آرٹسٹ جان پاسچے نے ڈیزائن کیا تھا۔ سنگل `` اسٹیل بندر '' میں آرٹ ڈائریکٹر اینڈریو اسٹیورٹ جیمیسن نے ڈیزائن کیا ہے۔,اس سرورق کو ہیرالڈک آرٹسٹ اینڈریو اسٹیورٹ جیمسن نے ڈیزائن کیا تھا ، سنگل `` اسٹیل بندر '' نے آرٹ ڈائریکٹر جان پاسچے کا سرورق ڈیزائن کیا ہے۔,0
5380,12 جنوری ، 1978: کیمبرج یونائیٹڈ - منیجر رون اٹکنسن کو ویسٹ برومویچ البیون کا منیجر مقرر کیا گیا۔,12 جنوری 1978: ویسٹ برومویچ البیون کے منیجر ، رون اٹکنسن ، کیمبرج یونائیٹڈ کے منیجر مقرر ہوئے۔,0
5384,وہ 3 سال کی عمر میں اپنے والدین کے ساتھ ایسٹونیا سے فن لینڈ چلی گئیں اور فی الحال ہیلسنکی میں مقیم ہیں۔,وہ 3 سال کی عمر میں ایسٹونیا سے فن لینڈ میں اپنے والدین کے ساتھ چلی گئیں اور فی الحال ہیلسنکی میں رہ رہی ہیں۔,1
5385,وہ 2009 میں واپس نیو یارک شہر چلا گیا اور اب وہ فلاڈیلفیا میں رہتا ہے۔,2009 میں وہ واپس فلاڈیلفیا چلا گیا اور آج نیو یارک شہر میں رہتا ہے۔,0
5386,یہ 1943 میں ڈوبا گیا تھا - 1944 میں جرمنوں نے اور الائیڈ بمباروں کے ذریعہ دو بار ختم کیا اور آخر کار 1946 میں پیدا ہوا - 1947 میں۔,اس کی پرورش 1943 میں کی گئی تھی - 1944 میں جرمنوں نے اور دو بار الائیڈ بمباروں نے ڈوبا اور آخر کار 1946 میں - 1947 میں ختم کردیا۔,0
5393,گرین بے وسکونسن کے پیارے اور دوست رومیو نے بڑے پیمانے پر آن لائن اور یوٹیوب میں شائع کیا ہے - ویڈیوز پِٹسبرگ پنسلوینیا سے پِلائی نے دعا کی ہے۔,پِٹسبرگ پنسلوینیا سے تعلق رکھنے والے پیارے اور دوست رومیو نے بڑے پیمانے پر آن لائن اور یوٹیوب میں شائع کیا ہے - ویڈیوز پلئی نے گرین بے وسکونسن کے ذریعہ دعا کی۔,0
5397,وہ پہلے بیرونیٹ ، سر جان لیڈ کے بعد کے بچے پیدا ہوئے تھے۔ اس کی والدہ بریور ہنری تھریل کی بہن تھیں۔,وہ پہلے بیرونیٹ ، سر جان لیڈ کے بعد کے بچے پیدا ہوئے تھے ، ان کی والدہ بریور کی بہن ہنری تھریل تھیں۔,1
5401,پیرامیٹرز کے طریقہ کار کی تغیر کا استعمال کرکے ، خاص حل کسی نامعلوم فنکشن C (X) کے ساتھ تکمیلی حل کو ضرب دے کر تشکیل دیا جاتا ہے:,پیرامیٹرز کے طریقہ کار کی تغیر کا استعمال کرتے ہوئے ، خاص حل کسی نامعلوم فنکشن سی (X) کے ذریعہ تکمیلی حل کو ضرب دے کر تشکیل دیا جاتا ہے:,1
5409,2006 کی قومی چیمپین شپ میں نٹالیہ ٹوبیاس کو ہونے والے نقصان نے انہیں اپنے کیریئر کو دوبارہ شروع کرنے کی ترغیب دی اور اس نے ارینا لشچینسکا کے ساتھ تربیت شروع کی۔,2006 کی قومی چیمپین شپ میں نٹالیہ ٹوبیاس کو ہونے والے نقصان نے انہیں اپنے پیشہ ورانہ کیریئر کو دوبارہ شروع کرنے کی ترغیب دی اور اس نے ارینا لشچینسکا کے ساتھ تربیت شروع کی۔,1
5413,پی سی 1000 اور پی سی 1500 پلیٹ فارمز کو 2006 میں ویا سی 3 پروسیسرز کے ساتھ بیان کیا گیا تھا اور پی سی 3500 اگست 2007 میں ویا سی 7 کے ساتھ متعارف کرایا گیا تھا۔,پی سی 1000 اور پی سی 1500 پلیٹ فارمز 2006 میں متعارف کروائے گئے تھے ، جس میں سی 3 پروسیسرز کا استعمال کیا گیا تھا۔ پی سی 3500 کو ویا سی 7 کا استعمال کرتے ہوئے اگست 2007 میں بیان کیا گیا تھا۔,0
5414,انہوں نے 13 جون کو البم کے 5 ویں سنگل کی حیثیت سے البم ، `` وائسز '' پر دوسرا ٹریک بھی شائع کیا۔,انہوں نے البم کے دوسرے سنگل کے طور پر 13 جون کو البم ، `` وائسز '' پر 5 واں ٹریک بھی جاری کیا۔,0
5420,پہلا سیکشن ، ہوکیٹیکا سے روتاپو تک ، 9 نومبر 1906 کو کھولا گیا ، اور راس کی پوری لائن یکم اپریل 1909 کو مکمل ہوئی۔,پہلا سیکشن ، ہوکیٹیکا سے روتاپو تک ، 9 نومبر 1906 کو مکمل ہوا ، اور راس کی پوری لائن 1 اپریل 1909 کو کھول دی گئی۔,0
5429,کاکوڈا شمالی جاپان کے ٹہوکو خطے میں جنوب مشرقی میاگی صوبے میں ہے۔,کاکوڈا شمالی جاپان کے ٹہوکو خطے میں میاگی کے جنوب مشرقی صوبے میں واقع ہے۔,1
5430,جب ایڈورڈ دوم ، 7 جولائی 1307 کو اپنے والد ، ایڈورڈ اول کے بعد کامیاب ہوا تو ، اس کے مضامین کا رویہ عام طور پر اس کے نئے بادشاہ کی طرف خیر سگالی تھا۔,جب ایڈورڈ میں نے 7 جولائی 1307 کو ان کے والد ایڈورڈ II کے بعد کامیاب کیا تو ، ان کے مضامین کا رویہ عام طور پر ان کے نئے بادشاہ کی طرف خیر سگالی تھا۔,0
5434,1946 میں ان کی موت کے بعد ، اس منصوبے پر ان کے مقالے یکساں طور پر ایک کھردری حالت میں تھے۔,1946 میں ان کی موت پر ، اس پروجیکٹ سے متعلق ان کے مقالے ابھی بھی یکساں طور پر کھردری حالت میں تھے۔,0
5436,وہ 1947 میں سینٹ جوزف کاؤنٹی سٹی کونسلر کے لئے ، اور 1948 میں ساؤتھ بینڈ کے پراسیکیوٹر کے لئے ناکام امیدوار تھے۔,وہ 1947 میں ساؤتھ بینڈ سٹی جج کے لئے اور 1948 میں سینٹ جوزف کاؤنٹی کے پراسیکیوٹر کے لئے ایک ناکام امیدوار تھا۔,0
5438,کاسٹیلوچی کے پبلشر نے لکھا ، 2011 میں انہوں نے گلوکار میڈونا کی سوانح حیات بھی شائع کی جس کے عنوان سے `` میڈونا ، پاپ کی ملکہ '' کے عنوان سے تھا۔,2011 میں انہوں نے گلوکار میڈونا کی سوانح حیات بھی شائع کی جس کے عنوان سے `` میڈونا کے لئے میڈونا۔ پاپ کی ملکہ ، کاسٹیلوچی کے پبلشر نے لکھا۔,1
5441,مشرقی افغانستان کے صوبہ بدخشن کے 28 اضلاع میں سے ایکشکشم ڈسٹرکٹ ہے۔,مشرقی افغانستان کے صوبہ بدکشن کے 28 اضلاع میں سے ایکشکشم ضلع ہے۔,1
5442,میلبورن کے البرٹ پارک لیک میں ایک بہن کا پروگرام منعقد ہوا اور فاکس ایف ایم (میلبورن ، آسٹریلیا) کے زیر اہتمام۔,آسٹریلیا کے شہر میلبورن کے البرٹ پارک لیک میں ایک بہن کا پروگرام منعقد ہوا اور فاکس ایف ایم (میلبورن) کے زیر اہتمام۔,1
5450,دسمبر 1969 میں 29 ویں آرمی - ڈویژن 49 ویں آرمی - ڈویژن بن گیا۔,دسمبر 1969 میں ، 29 واں آرمی ڈویژن 49 واں آرمی ڈویژن بن گیا۔,1
5452,دریائے بریڈو رومانیہ میں دریائے ہوڈیاسا کی ایک معاون ہے۔,دریائے ہوڈیاسا رومانیہ میں دریائے بریڈو کی ایک معاون ہے۔,0
5454,لیگ کے بہت سے بڑے کھلاڑیوں نے ٹیم کے ساتھ وقت گزارا ، جس میں سات سالہ تجربہ کار جیک ریمسن اور دس سالہ تجربہ کار جان کیرنز شامل ہیں۔,لیگ کے بہت سے بڑے کھلاڑیوں نے ٹیم کے ساتھ وقت گزارا ، جن میں سات سالہ تجربہ کار جیک ریمسن اور دس سالہ تجربہ کار جان کیرین شامل ہیں۔,1
5456,اس کے اثرات میں جسمانی ردعمل ، مرکزی اعصابی نظام کے رد عمل ، اور بائیو کیمیکل تبدیلیاں شامل ہوسکتی ہیں۔,اس کے اثرات میں بائیو کیمیکل رد عمل ، مرکزی اعصابی نظام کے ردعمل ، اور جسمانی تبدیلیاں شامل ہوسکتی ہیں۔,0
5457,بینڈ میں گلوکاروں میں ڈوروتی کرین ، والٹر کمنس ، بٹی گریفن ، جیری لینگ کے بھائی برنی اور اسکاٹی مارش شامل تھے ، جنہوں نے بعد میں ٹومی ڈورسی کے ساتھ گایا تھا۔,بینڈ میں گلوکاروں میں ڈوروتی کرین ، والٹر کمنس ، بٹی گریفن ، جیری لینگ کے بھائی برنی اور اسکاٹی مارش شامل تھے ، جنہوں نے بعد میں ٹومی ڈورسی کے ساتھ گایا تھا۔,1
5465,ربیع کو اپنے جوس بی ہنینا اور یوکانن بار نفچا نے ایک ربیع مقرر کیا تھا۔,ربیع کو اپنے جوس بی نے ربی کے طور پر مقرر کیا تھا۔ حنینا اور یوکانن بار نفچا۔,1
5469,جولائی 2016 میں ، وہ وینی ورلوک کے اسی ناول پر مبنی ، `` دی سیکریٹ ایجنٹ '' میں جوزف کونراڈ کی حیثیت سے نمودار ہوئی۔,جولائی 2016 میں ، وہ `` دی سیکریٹ ایجنٹ '' میں وینی ورلوک کی حیثیت سے نمودار ہوئی ، جوزف کونراڈ کے نام سے متعلق ناول پر مبنی۔,0
5470,رالف آر بی وان فریس اوہائیو اسٹیٹ یونیورسٹی میں ایک امریکی جیو فزیکسٹ ہیں جنہوں نے لارامی پوٹس کے اشتراک سے انٹارکٹیکا میں ولکے کی سرزمین میں بڑے پیمانے پر حراستی کی نشاندہی کی۔,لارامی پوٹس اوہائیو اسٹیٹ یونیورسٹی میں ایک امریکی جیو فزیکسٹ ہیں جنہوں نے ، رالف آر بی وان فریس کے اشتراک سے ، انٹارکٹیکا میں ولکے کی سرزمین کے بڑے پیمانے پر حراستی کی نشاندہی کی۔,0
5484,یہ سی آر گریگوری نے 1834 میں صبا کی خانقاہ میں خریدا تھا۔ رابرٹ کرزون نے اسے 1883 میں دیکھا۔,اسے رابرٹ کرزون نے 1834 میں صبا کی خانقاہ میں خریدا تھا اور 1883 میں سی آر گریگوری نے دیکھا تھا۔,0
5486,جزیرے پتھریلی اطراف کے ساتھ کھڑا ہے اور اس کی بہت کم گراؤنڈ ہے۔,جزیرے پتھریلی اطراف کے ساتھ کھڑا ہے اور اس کی مٹی بہت کم ہے۔,1
5492,اس پرجاتیوں کو پہلی بار 1846 میں نباتات کے ماہر جوہن جارج کرسچن لہمن نے اسٹیفن اینڈلچر کے کام کے فریم ورک کے اندر بیان کیا تھا۔,اس پرجاتیوں کو پہلی بار باضابطہ طور پر 1846 میں نباتات کے ماہر اسٹیفن اینڈلچر نے جوہان جارج کرسچن لہمن کے ذریعہ کام `` Irideae plantae Preissianae '' کے حصے کے طور پر بیان کیا تھا۔,0
5495,29 نومبر 1171 کو ، گونزالو نے پہلی بار گونزالو روئز ڈی بوریبا `کے طور پر ایک دستاویز پر دستخط کیے۔,29 نومبر 1171 کو ، گونزالو روئز ڈی بوریبا نے پہلی بار گونزالو کے نام سے ایک سرٹیفکیٹ پر دستخط کیے۔,0
5496,اس کمپاؤنڈ کو ڈاکٹر پیٹرک پیج اور ان کی ٹیم نے تیار کیا تھا اور اسے 2007 میں جنکیوٹیکس نے پیٹنٹ کیا تھا۔,اس تیاری کو ڈاکٹر پیٹرک پیج اور ان کی ٹیم نے پیٹنٹ کیا تھا اور 2007 میں جنکیوٹیکس نے ایجاد کیا تھا۔,0
5498,یہ اجلاس شہر میں مختلف طاقتور یا بااثر مردوکانوں کے بہت سے میسینجرز کی آمد سے پرنس کے کھانے کے لئے مختلف دعوت ناموں کے ساتھ رکاوٹ ہے۔,یہ اجلاس شہر میں مختلف طاقتور یا بااثر مردوکانوں کے بہت سے میسینجرز کی آمد سے پرنس کے لئے مختلف کھانے کے دعوت ناموں کے ساتھ رکاوٹ ہے۔,1
5501,13 نومبر ، 2016 کو ، ڈینس والیس کے ذریعہ ہیگسن شہر کے قریب فاکس گرو پارک میں ڈپٹی ڈیوڈ ماچاڈو کو قتل کیا گیا۔,13 نومبر 2016 کو ، ڈینس والیس کے ہیگسن شہر کے قریب فاکس گرو پارک میں نائب ڈیوڈ ماچاڈو کا قتل کیا گیا۔,1
5502,22 جون 2012 روسی صدر ولادیمیر پوتن کے فرمان نے روس کے صدر کے ماتحت ٹیٹوف مقرر کیا تاکہ کاروباری افراد کے حقوق کے تحفظ کے لئے۔,22 جون 2012 روسی صدر ولادیمیر پوتن کے فرمان نے روس کے صدر کے ماتحت ٹیٹوف کو تاجروں کے حقوق کے تحفظ کے لئے مقرر کیا۔,1
5511,فریڈرک میکسمیلیئن ہیسمر (24 فروری 1800 میں فرینکفرٹ ایم مین - 1 دسمبر 1860 میں ڈرمسٹاڈٹ میں) ایک جرمن معمار اور مصنف تھا۔,میکسمیلیئن ہیسمر (24 فروری 1800 کو ڈرمسٹاڈٹ ، یکم دسمبر 1860 میں فرینکفرٹ ایم مین میں پیدا ہوا) ایک جرمن معمار اور مصنف تھا۔,0
5514,جون 1902 میں جنگ کے خاتمے کے بعد ، ہیگنس کیپ ٹاؤن اگست میں `` ssbavarian '' چھوڑ گیا اور اگلے مہینے ساؤتیمپٹن واپس آیا۔,جون 1902 میں جنگ کے خاتمے کے بعد ، ہیگنس اگست میں ساؤتیمپٹن کو `` SSBAVARIAN '' میں چھوڑ کر اگلے مہینے کیپ ٹاؤن واپس آئے گا۔,0
5531,ہیراسیا گونیوبیسیس پرتویش پلمونیٹ ہوا سے چلنے والی سانس لینے کی ایک قسم ہے ، جو اینڈوڈونٹیڈی خاندان میں ایک چھوٹا سا گیسٹروپڈ مولسک ہے۔,ہیراسیا گونیوبیسیس ایک چھوٹی سی ہوا میں سانس لینے والی زمین کی سست کی ایک قسم ہے ، جو فیملی اینڈوڈونٹیڈی میں ایک پرتویش پلمونیٹ گیسٹروڈ مولوسک ہے۔,0
5537,یہ گروپ بڑے پیمانے پر کھیلا ، اسرائیل میں مشہور ہوا اور یہاں تک کہ 2007 میں نیو یارک شہر میں بھی گیا۔,اس گروپ نے بڑے پیمانے پر دورہ کیا اور اسرائیل میں مشہور ہوا ، یہاں تک کہ 2007 میں نیو یارک شہر میں کھیل رہا تھا۔,0
5544,1932 میں سویڈش آئس ہاکی چیمپیئن شپ سویڈن کی قومی چیمپیئن شپ سویڈش آئس ہاکی چیمپینشپ کا 11 واں سیزن تھا۔ ہماربی اگر چیمپئن شپ جیتتی ہے۔,1932 کی سویڈش آئس ہاکی چیمپیئن شپ سویڈش آئس ہاکی چیمپیئن شپ کا 11 واں سیزن ، سویڈش نیشنل چیمپیئن شپ ، ہماربی نے چیمپئن شپ جیت لی۔,1
5546,جو نے 15 اکتوبر 1914 کو انڈیانا پولس کے روتھ میری برنک میئر سے شادی کی۔,15 اکتوبر ، 1914 کو ، روتھ میری برنک میئر نے انڈیانا پولس سے جو سے شادی کی۔,0
5547,کیمبل نے 1835 میں فرانسس اوون سے شادی کی۔ ان کے سات بچے تھے: مریم ، مارگریٹ ، فینی ، ولیم ، جوزف ، جان اوون ، اور لیموئل۔,1835 میں ، کیمبل نے فرانسس اوون سے شادی کی ، جس کے سات بچے تھے: مریم ، مارگریٹ ، فینی ، ولیم ، جوزف ، جان اوون ، اور لیموئل۔,1
5549,اس کی ہدایتکاری ولارڈ میک نے کی تھی اور یہ جارج فٹزمورائس کے ذریعہ 1917 کے کھیل ، `` ٹائیگر روز '' پر مبنی ہے۔,اس کی ہدایتکاری ولارڈ میک نے کی تھی اور یہ جارج فٹزمورائس کے ذریعہ 1917 کے تھیٹر پلے `` ٹائیگر روز '' پر مبنی ہے۔,1
5552,نوارو ارجنٹائن کے صوبہ بیونس آئرس کے شمال مشرق میں ایک پارٹائڈو ہے۔,نوارو شمال مشرقی ارجنٹائن میں بیونس آئرس کے صوبے میں ایک پارٹائڈو ہے۔,0
5553,وہ بروکلین ، نیو یارک میں پیدا ہوا تھا ، اور وہ کیلیفورنیا کے شہر تبورون میں انتقال کر گیا تھا۔,کیلیفورنیا کے تبورون میں پیدا ہوئے ، وہ نیو یارک کے بروکلین میں انتقال کر گئے۔,0
5562,ایک پیری ، جس کی طاقت اس کے بالوں میں نمودار ہوتی ہے ، الزبتھ این سکاربورو کے 1984 کے ناول ، `` دی ہیم آف امان اکبر 'میں ہے۔,ایک پیری جس کی طاقت اس کے بالوں میں نمودار ہوتی ہے وہ 1984 کے الزبتھ این سکاربورو کے ناول میں ہے ، `` دی ہیم آف امان اکبر ''۔,1
5570,جیکب مارکل (8 مئی ، 1770 - 26 نومبر 1852) ہنری مارکل کے والد کا نیو یارک کے نمائندے تھے۔,جیکب مارکل (8 مئی ، 1770 - 26 نومبر ، 1852) ہنری مارکل کے والد ، نیو یارک سے امریکی نمائندے تھے۔,1
5586,نیو یارک شہر میں 30 جون 1954 کو پیٹ کے کینسر کی وجہ سے ان کا انتقال ہوگیا۔ کلیمور ، اوکلاہوما میں لن رِگز میموریل کا گھر ہے۔,30 جون 1954 کو نیو یارک میں پیٹ کے کینسر کی وجہ سے ان کا انتقال ہوگیا ، اور کلیمور ، اوکلاہوما میں لن رِگز میموریل کا گھر ہے۔,1
5595,اس کمپاؤنڈ کی ایجاد ڈاکٹر پیٹرک پیج اور ان کی ٹیم نے کی تھی ، اور 2007 میں جنکیوٹیکس نے پیٹنٹ کیا تھا۔,اس کمپاؤنڈ کو ڈاکٹر پیٹرک پیج اور ان کی ٹیم نے پیٹنٹ کیا تھا اور اس کی ایجاد 2007 میں جنکیوٹیکس نے کی تھی۔,0
5600,جولیا کا چھوٹا بھائی ، چارلس مارٹن ہال ، 1863 میں ، جیوگا کاؤنٹی ، اوہائیو کے تھامسن میں پیدا ہوا تھا۔,تھامسن ، جولیا کا چھوٹا بھائی ، 1863 میں اوہائیو کے چارلس مارٹن ہال ، جیوگا کاؤنٹی میں پیدا ہوا تھا۔,0
5604,ان کی فلموں میں سے چودہ فلموں کے سی ڈی کو فلپ پاورز نے 2008 میں ریلیز کیا تھا اور اسے 1M1 ریکارڈز نے تیار کیا تھا۔,ان کی 14 فلموں کے تھیمز کی ایک سی ڈی 2008 میں فلپ پاورز نے تیار کی تھی اور اسے 1M1 ریکارڈز نے شائع کیا تھا۔,0
5611,جب ایڈورڈ دوم ، 7 جولائی ، 1307 کو اپنے والد ، ایڈورڈ اول کے بعد کامیاب ہوا تو ، اس کے مضامین کا رویہ عام طور پر اس کے نئے بادشاہ کی طرف خیر سگالی تھا۔,جب ایڈورڈ میں نے 7 جولائی ، 1307 کو اس کے والد ایڈورڈ دوم کے بعد اس کے مضامین کا رویہ عام طور پر اس کے نئے بادشاہ کے بارے میں اچھ intent ے ارادے میں سے ایک تھا۔,0
5613,یہ اوورٹرارڈ اور کلفڈن کے قریب واقع ہے ، N59 روڈ پر لوف کوریب ، کونیمارا میں۔,یہ لوف کوریب کے قریب ہے ، N59 روڈ پر اوٹیرارڈ اور کلفڈن ، کونیمارا میں۔,0
5615,تانگ خاندان میں چنزو کا انتظامی علاقہ مشرقی ژوکو میں جدید ہینن کی انتظامیہ کے تحت ہے:,تانگ خاندان میں چنزو انتظامی علاقہ مشرقی ژوکو میں جدید ہینن کی انتظامیہ کے تحت ہے:,1
5616,پنو نے مینیسوٹا کے جڑواں بچوں ، کلیولینڈ انڈینز ، ٹورنٹو بلیو جیس اور سنسناٹی ریڈس تنظیموں کے لئے لٹل لیگوں میں کھیلا۔,پنو نے ٹورنٹو بلیو جیس ، کلیولینڈ انڈینز ، مینیسوٹا جڑواں بچوں اور سنسناٹی ریڈس تنظیموں کے لئے معمولی لیگوں میں کھیلا ہے۔,1
5620,کیپ ڈان کا نام جارج ڈان نے 1818 میں ، جبرالٹر کے لیفٹیننٹ گورنر جنرل سر فلپ پارکر کنگ کی تعریف کے طور پر کیا تھا۔,کیپ ڈان کو 1818 میں فلپ پارکر کنگ نے لیفٹیننٹ ، جبرالٹر کے گورنر جنرل سر جارج ڈان کی تعریف کے طور پر نامزد کیا تھا۔,0
5621,یہ روس کی پانچویں اعلی عمارت بھی ہے ، جو یورپ کا چھٹا اعلی اور دنیا میں 90 سپر ٹال فلک بوس عمارتوں میں سے ایک ہے۔,یہ روس کی چھٹی اونچی عمارت بھی ہے ، جو یورپ کا پانچواں اعلی اور دنیا میں 90 سپر ٹال فلک بوس عمارتوں میں سے ایک ہے۔,0
5623,تھامس کیزر (پیدائش 28 مارچ ، 1989) ایک امریکی فٹ بال لائن بیکر ہے جو فی الحال ایک مفت ایجنٹ ہے۔ کیزر نے اسٹینفورڈ یونیورسٹی میں کالج فٹ بال کھیلا۔,تھامس کیزر (پیدائش 28 مارچ ، 1989) ایک امریکی فٹ بال کھلاڑی ہے جو فی الحال ایک مفت ایجنٹ ہے اور اسٹینفورڈ یونیورسٹی کالج فٹ بال میں کھیلتا ہے۔,1
5625,جب فل اسپیکٹر نے پہلی بار `` ضد کی طرح ساتھی '' سنا تو وہ بہت پرجوش تھا کہ وہ جیک نٹزے کے ساتھ سن سیٹ بولیورڈ کو نیچے چلاتے ہوئے اپنی کار کا کنٹرول کھو بیٹھا۔,جب جیک نٹزے نے پہلی بار `` ضد کی طرح ساتھی '' سنا تو وہ اتنا پرجوش ہوگیا کہ اس نے فل اسپیکٹر کے ساتھ سن سیٹ بولیورڈ کو چلاتے ہوئے اپنی کار کا کنٹرول کھو دیا۔,0
5628,بالوہی بنیادی طور پر پیرس اور فرانس میں ، نیز جنوبی افریقہ میں بھی موجود ہے۔,بالوہی بنیادی طور پر پیرس اور فرانس کے ساتھ ساتھ جنوبی افریقہ میں بھی موجود ہے۔,1
5629,بعد میں اس کی تصدیق 15 اکتوبر کو برطانیہ میں اور امریکہ میں 23 اکتوبر کو البم کے لئے ایک سنگل کے طور پر شائع ہونے کی تصدیق ہوگئی۔,بعد میں اس کی تصدیق 15 اکتوبر کو برطانیہ میں اور 23 اکتوبر کو امریکہ میں البم کے لئے ایک سنگل کے طور پر جاری کی گئی۔,0
5631,پریئر کے مطابق ، شاعر کے دادا ، ڈرامہ نگار اور ناول نگار اولیور گولڈسمتھ کے دادا ، روبرٹ گولڈسمتھ بالیوٹر میں آباد ہونے والے اس خاندان میں پہلا خاندان تھا۔,اولیور گولڈسمتھ ، شاعر کے دادا ، ڈرامہ نگار اور مصنف رابرٹ گولڈسمتھ ، بالیوٹر میں آباد ہونے والے خاندان میں سے پہلے کے مطابق تھے۔,0
5632,سٹرلنگ براؤن اپنی مستند سیاہ جنوبی بولی کے لئے مشہور تھا۔,سٹرلنگ براؤن اپنی مستند جنوبی کالی بولی کے لئے سب سے زیادہ جانا جاتا تھا۔,1
5635,فائنل میں مارک نولس اور ڈینیئل نیسٹر 5 - 3 ، 5 - 4 کو شکست دے کر جوناتھن ایرلچ اور اینڈی رام نے یہ اعزاز حاصل کیا۔,جوناتھن ایرلچ اور اینڈی رام نے یہ اعزاز حاصل کیا اور فائنل میں مارک نولس اور ڈینیئل نیسٹر 5 - 3 ، 5 - 4 کو شکست دی۔,1
5644,بونی بیڈیلیا کلکن (پیدائش 25 مارچ 1948) ایک امریکی اداکارہ ہیں۔,بونی بیڈیلیا (پیدائش 25 مارچ 1948 کو بونی ، بیڈیلیا میں) ایک امریکی اداکارہ ہیں۔,0
5649,21 جون ، 2016 کو ، ڈیبی میٹنوپلوس نے کرسٹینا فیرری کی جگہ اپنے نئے ساتھی کی جگہ لی۔,21 جون ، 2016 کو ، ڈیبی میٹنوپلوس نے کرسٹینا فیرری کو اپنا نیا باس مقرر کیا۔,0
5651,ٹرپل دیوی کا ایک جدید خیال نئی وِکا کی مذہبی تحریک کا مرکزی مرکز ہے۔,ٹرپل دیوی کا ایک نیا مذہبی خیال وکا کی جدید تحریک کا مرکزی مرکز ہے۔,0
5656,اچیسن کی والدہ ایلس ایک پینٹر تھیں ، اور اس کے ماموں نانا نانی لوئس اسٹینلے تھے ، جو ریلوے کے وکیل تھے اور جین سی اسٹینلے ، واٹر کلرسٹ تھے۔,اچیسن کی والدہ ایلس ایک پینٹر تھیں ، اور ان کے دادا دادی ماموں جین سی اسٹینلے تھے ، جو ریلوے کے وکیل اور لوئس اسٹینلے تھے ، ایکواوریلسٹ تھے۔,0
5658,نوبا - پہاڑوں اور نیلے رنگ کے نیل کے جنوبی کورڈوفن خطے کی حیثیت کم واضح ہے ، کیونکہ نسلی اعداد و شمار زیادہ پیچیدہ ہیں۔,جنوبی کردفن اور بلیو نیل کے نوبا پہاڑوں کے علاقے کی حیثیت زیادہ پیچیدہ ہے کیونکہ نسلی اعداد و شمار کم واضح ہیں۔,0
5665,کوئیکنڈل کے علاوہ ، رابرٹ وائٹ اور جوشوا ساؤل زیمرمین نے ہیمپشائر کاؤنٹی کے لئے چانسری کمشنر کی حیثیت سے خدمات انجام دیں۔,رابرٹ وائٹ اور جوشوا ساؤل زیمرمین کے ساتھ ، انہوں نے ہیمپشائر کاؤنٹی کے لئے چانسری کمشنر کی حیثیت سے خدمات انجام دیں۔,0
5667,یہ برطانیہ میں شاذ و نادر ہی تھے ، لیکن یورپ میں ، کم از کم بڑے انجنوں کے لئے ، وہ نسبتا common عام ہیں۔,یہ برطانیہ میں نایاب تھے ، لیکن کم از کم بڑے انجنوں کے لئے ، یورپ میں نسبتا common عام تھے۔,1
5674,اس گروپ نے بڑے پیمانے پر کھیلا اور اسرائیل میں مشہور ہوا ، اور یہاں تک کہ 2007 میں نیو یارک شہر میں بھی گیا۔,یہ گروپ بڑے پیمانے پر کھیلا ، اسرائیل میں مشہور ہوا اور یہاں تک کہ 2007 میں نیو یارک شہر میں بھی گیا۔,1
5677,بینڈ میں گلوکاروں میں ڈوروتی کرین ، والٹر کمنس ، بٹی گریفن ، جیری لینگ کے بھائی برنی اور اسکاٹی مارش شامل تھے ، جنہوں نے بعد میں ٹومی ڈورسی کے ساتھ گایا تھا۔,بینڈ میں گلوکاروں میں ڈوروتی کرین ، جیری لینگ ، بٹی گرفن ، برنی کے بھائی والٹر کمنس اور اسکاٹی مارش شامل تھے ، جنہوں نے بعد میں ٹومی ڈورسی کے ساتھ گایا تھا۔,0
5681,پہلے تین ہوٹلوں کو 1980 کی دہائی میں فرانس میں تعمیر کیا گیا تھا جس کے بعد اسرائیل میں `` آنگن ایلٹ ریسورٹ ہوٹل '' تھا۔,پہلے تین ہوٹلوں کو 1980 کی دہائی میں اسرائیل میں تعمیر کیا گیا تھا ، اس کے بعد فرانس میں `` آنگن ایلٹ ریسورٹ ہوٹل '' تھا۔,0
5687,جب لی 1862 کے آغاز میں صدر جیفرسن ڈیوس کے فوجی مشیر بنے ، تو انہوں نے کرنل کے عہدے میں طویل عرصے سے اپنے فوجی سکریٹری کے طور پر مقرر کیا۔,جب لی 1862 کے اوائل میں صدر جیفرسن ڈیوس کے فوجی مشیر بنے ، تو انہوں نے طویل عرصے سے کرنل کے عہدے کے ساتھ اپنے فوجی سکریٹری کے طور پر مقرر کیا۔,1
5691,ڈوئل کے پہلے راؤنڈ کے بعد ہائن ٹوٹلینڈ نے اسکینکسٹرز کو شکست دے کر گاؤٹ اورمسن سے ملاقات کی ، جس نے دوسرے راؤنڈ میں بیجورن جوہن موری کو شکست دی۔,ڈوئلز کے پہلے راؤنڈ کے بعد ، ہائن ٹٹ لینڈ نے دوسرے مرحلے میں گوٹ اورمسن سے ملنے کے لئے اسکینٹرز کو شکست دی ، جس نے بیجورن جوہن موری کو شکست دی۔,1
5696,پرواز میں بتایا گیا ہے کہ سمندری طوفان کتنا چھوٹا تھا ، جس میں ایک بڑی آنکھ بھی شامل ہے۔,پرواز میں بتایا گیا ہے کہ سمندری طوفان کتنا چھوٹا تھا ، جس میں وسیع آنکھ بھی شامل ہے۔,1
5702,جرمنی کے نام سے `` ونوتھیک '' اور آسٹریا سے جرمنی سے الپس کے شمال میں اینوٹیکیس آسٹریا میں پھیل چکے ہیں۔,الپس کے شمال میں آسٹریا تک جرمنی کے نام `` ونوتھیک '' اور جرمنی سے آسٹریا تک پھیل گیا۔,0
5705,سنگل تھیم `` -m '' کی مذکورہ بالا مثالیں پہلے شخص کے لئے مالک تھیں۔,سب سے پہلے کی مثالوں میں سب سے پہلے کی مثالیں پہلے شخص کے لئے واحد تھیں۔,0
5707,ان تینوں زچگیوں نے ایمبوج زچگی کے خاندان کے ساتھ والو کی بادشاہی پر حکمرانی کی۔,ان تینوں زچگی خاندانوں نے ایمبوج کے پتر فیملی کے ساتھ والو کی بادشاہی پر حکمرانی کی۔,0
5713,اس آبادی میں ، 87.91 ٪ نسلی ہنگری ، 7.53 ٪ نسلی رومانی اور 4.43 ٪ نسلی رومانی ہیں۔,اس آبادی میں ، 87.91 ٪ نسلی رومانیہ ہیں ، 7.53 ٪ نسلی ہنگری اور 4.43 ٪ نسلی رومانی ہیں۔,0
5717,7 نومبر: اقوام متحدہ کی سلامتی کونسل کا وفد جو 2 نومبر کو نیو یارک پہنچا تھا وہ افغانستان واپس آئے۔,7 نومبر: اقوام متحدہ کی سلامتی کونسل کا وفد جو 2 نومبر کو افغانستان پہنچا وہ نیویارک واپس آیا۔,0
5727,ایڈولف ہٹلر کو معاشی طور پر مشورہ دینے کے لئے ولہیلم کیپلر نے 1932 میں کونو میں شمولیت اختیار کی۔,1932 میں ، ولہیلم کیپلر نے ایڈولف ہٹلر کو معاشی طور پر مشورہ دینے کے لئے کونو میں شمولیت اختیار کی۔,1
5728,تانگ خاندان میں چنزو کا انتظامی علاقہ مشرقی ہینن میں جدید ژوکو کی انتظامیہ کے تحت ہے:,تانگ خاندان میں چنزو انتظامی علاقہ مشرقی ہینن میں جدید ژوکو کی انتظامیہ کے تحت ہے:,1
5740,وہ انڈیانا چلا گیا اور کونرز ویل میں آباد ہوا اور قانون کی مشق جاری رکھی۔,وہ انڈیانا چلا گیا اور کونرز ویل میں آباد ہوگیا اور قانون کی مشق جاری رکھی۔,1
5748,ہینز کوہوت نے عظیم الشان خود کو بچپن کے ایک عام مرحلے پر ایک تعی .ن کے طور پر دیکھا ، جبکہ دوسرے پوسٹ فریوڈینوں نے جارحیت اور جرائم میں تعی .ن کے کردار کی تحقیقات کی۔,ہینز کوہوت نے عام طور پر خود کو بچپن کے ایک عظیم الشان مرحلے پر ایک تعی .ن کے طور پر دیکھا ، جبکہ دوسرے پوسٹ فریوڈینوں نے جارحیت اور جرائم میں تعی .ن کے کردار کی کھوج کی۔,0
5755,بعدازاں ، اینڈریو پر حملے کے دوران ، کاؤنٹ ڈی انگولیم ، رچرڈ ادہمر کی افواج ہوں گی۔,بعدازاں ، اڈیمار پر حملے کے دوران ، کاؤنٹ آف انگولیم ، اینڈریو کو رچرڈ کی افواج بننا تھی۔,0
5763,الیکٹرانک اور ڈیجیٹل فلموں کی بڑے پیمانے پر پروڈکشن کو فحش نگاری ویڈیو ٹکنالوجی کی آمد تک براہ راست قائم فلمی صنعت سے منسلک کیا گیا تھا۔,الیکٹرانک اور ڈیجیٹل ویڈیو ٹکنالوجی کی آمد تک ، فحش فلموں کی بڑے پیمانے پر پروڈکشن کو براہ راست مرکزی فلمی صنعت سے منسلک کیا گیا تھا۔,0
5764,انہوں نے پورٹو ریکو ، پرتگال اور انڈونیشیا میں قومی چیمپیئن شپ جیت کر اٹلی ، روس ، یونان ، فرانس ، انڈونیشیا ، اور یونان میں پیشہ ورانہ طور پر کھیلا ہے۔,انہوں نے یونان ، روس ، اٹلی ، فرانس ، پورٹو ریکو ، پرتگال اور انڈونیشیا میں پیشہ ورانہ طور پر کھیلا اور انڈونیشیا اور یونان میں قومی چیمپئن شپ جیت لی۔,0
5772,کہ میں چلا گیا ، کہ میں ہار گیا۔,کہ میں نے کھو دیا ہے کہ میں چھوڑ گیا ہوں۔,1
5778,ریٹائرمنٹ کے بعد ، وہ کرزیمیئیک میں رہا اور وہیں فوت ہوگیا۔,ریٹائرمنٹ کے بعد ، وہ کرزیمیئیک میں رہا اور وہیں فوت ہوگیا۔,1
5780,فارمولا 7 انٹرا ڈے پر مبنی احساس کا تغیر - ریٹرن فارمولا 8 کے ذریعہ ، انٹراڈے کے ساتھ دیا جاتا ہے - ریٹرن کی طرف سے بیان کردہ,فارمولا _ 7 انٹرا ڈے ریٹرن پر مبنی احساس کا تغیر فارمولا _ 8 کے ذریعہ دیا گیا ہے جہاں انٹرا ڈے ریٹرن کی تعریف کی جاسکتی ہے,1
5783,اس کے ساتھ ہی ایک قسم کی والار آواز ہے جو کچھ بولی جانے والی زبانوں میں بین الاقوامی صوتی حروف تہجی میں علامت استعمال ہوتی ہے ، جو اس آواز کی نمائندگی کرتی ہے۔,ہم آہنگی کا انعقاد ایک قسم کی والر آواز ہے ، جو کچھ بولی جانے والی زبانوں میں استعمال ہوتی ہے۔ بین الاقوامی صوتی حروف تہجی میں علامت جو اس آواز کی نمائندگی کرتی ہے۔,1
5784,اب تک زینوجیو کے کام او ایل یو سمفنی آرکسٹرا ، لاہتی سمفنی آرکسٹرا ، کیمی سنفونیٹا ، فننش ریڈیو سمفنی آرکسٹرا اور اوونتی کے ذریعہ انجام دیئے گئے ہیں!,ابھی تک زینوجیو کے کام فن لینڈ کے ریڈیو سمفنی آرکسٹرا ، لاہتی سمفنی آرکسٹرا ، کیمی سنفونیٹا ، اولو سمفنی آرکسٹرا اور اوونتی کے ذریعہ انجام دیئے گئے ہیں!,1
5788,عامر خان نے مہرہ کی اسکرپٹ کو پڑھنے کے فورا بعد `` رنگ ڈی باسنتی '' میں کام کرنے پر اتفاق کیا۔,مہرہ نے عامر خان کی اسکرپٹ کو پڑھنے کے بعد فوری طور پر `` رنگ ڈی بسنتی '' میں تجارت کرنے پر اتفاق کیا۔,0
5791,ان میں سے کچھ ذیل میں بیان کیے گئے ہیں اور ان میں سے کچھ کو یہاں `` بیرونی لنکس '' سے منسلک کیا گیا ہے۔,ان میں سے کچھ ذیل میں بیان کیے گئے ہیں اور ان میں سے کچھ کو یہاں `` بیرونی لنکس '' کے تحت منسلک کیا گیا ہے۔,1
5797,میک کال اور لیسیوک نے 2007 کے موسم گرما میں بینڈ چھوڑ دیا جس کی جگہ میک کال کی جگہ جیمی میکلیڈ نے ڈرموں پر اور اسٹیون توش نے باس کے فرائض سنبھالے۔,میک کال اور لیسیوک نے 2007 کے موسم گرما میں بینڈ چھوڑ دیا ، میک کال کی جگہ جیمی میکلیڈ نے ڈرموں پر اور اسٹیون توش نے باس کے کاموں کو سنبھال لیا۔,1
5799,40 منٹ کی اس فلم نے اناود کے ساتھ ایلین گوڈارڈ نے بھی لکھی تھی۔,40 منٹ کی فلم ایلین گوڈارڈ نے اناود کے ساتھ لکھی تھی۔,1
5801,یہ زین - مندروں میں استعمال ہونے والے کھانے کی خدمت اور کھانے کا باضابطہ طریقہ ہے۔,یہ زین ہے - رسمی مندروں میں مشق کرنے اور کھانے کا انداز۔,0
5806,ٹام ٹسکنی کی طرف چل پڑے اور ولیم اور ہلین کا مقابلہ اس خبر سے کیا کہ ماریان نے اسے بتایا۔,ٹام ٹسکنی کے پاس گیا اور اس خبر سے ولیم اور ماریان کا مقابلہ کیا جو ہلین نے بتایا۔,0
5807,یہ لکسمبرگ سٹی کے جنوب میں ، مونڈر کین میں مقیم ہے۔,یہ لکسمبرگ سٹی کے جنوب میں ، مونڈر کین میں مقیم ہے۔,1
5809,انہوں نے متعدد بین الاقوامی سمپوزیا ، قومی نمائشوں (ڈی اے ای) میں بھی حصہ لیا اور متعدد مجسمہ سازی کے مقابلوں میں کامیابی حاصل کی۔,انہوں نے متعدد بین الاقوامی سمپوزیا ، قومی نمائشوں (ڈی اے ای) میں بھی حصہ لیا اور متعدد مجسمہ سازی کے مقابلوں میں کامیابی حاصل کی۔,1
5812,2014 کے بعد ، مشرقی یوکرین سے زیادہ یوکرین باشندوں ، زیادہ مرد اور زیادہ چھوٹے یوکرین باشندوں نے پولینڈ میں کام کیا ہے۔,2014 کے بعد ، مشرقی یوکرین سے زیادہ یوکرائن ، زیادہ کم عمر مرد ، اور زیادہ یوکرین پولینڈ میں کام کر رہے ہیں۔,0
5814,یہ 28 جنوری 2008 کو کونیی ریکارڈنگ کارپوریشن کے ذریعہ ریاستہائے متحدہ میں اور 18 مارچ ، 2008 کو ڈومنو ریکارڈز کے ذریعہ برطانیہ میں شائع ہوا تھا۔,یہ کونیولر ریکارڈنگ کارپوریشن نے 28 جنوری ، 2008 کو برطانیہ اور ڈومینو ریکارڈز میں 18 مارچ 2008 کو ریاستہائے متحدہ میں شائع کیا تھا۔,0
5815,نویں روسٹر پوسٹ نیو ڈیل) جیسا کہ ستمبر 1982 میں فراہم کردہ نیوز ریل ذیل میں چھپی ہوئی ہے ، اس سے ظاہر ہوتا ہے کہ این کار رنز ہے۔,نویں روسٹر پوسٹ نیو ڈیل) جیسا کہ ستمبر 1982 کے نیوز ریل میں چھپی ہوئی ہے ، ذیل میں این کار رنز دکھا رہی ہے۔,0
5816,انہوں نے قدرتی خوبصورتی کا مجموعہ اور غیر نصابی پینٹنگ گائیڈز بھی شائع کیے۔,اس نے قدرتی خوبصورتی کا مجموعہ اور غیر نصابی پینٹنگ گائیڈز بھی شائع کیے ہیں۔,1
5818,اسے 1605 میں لارڈ کروم ویل کے حوالے کیا گیا تھا ، اور 1636 میں سر فرانسس بلینڈیل کو فروخت کیا گیا تھا۔,یہ 1605 میں لارڈ کروم ویل کو بنایا گیا تھا اور 1636 میں سر فرانسس بلینڈیل کو فروخت کیا گیا تھا۔,1
5819,اٹالاکیمیا ملٹیلینیا سمندری سست یا حقیقی لیمپیٹ کی ایک قسم ہے ، لوٹائڈے خاندان میں ایک سمندری گیسٹروپوڈیمولسک ، جو سچے لیمپیٹ کے خاندانوں میں سے ایک ہے۔,اٹالکیمیا ملٹیلینیا سمندری سست یا سچے لمپیٹ کی ایک قسم ہے ، جو سمندری لیمپیٹ کے کنبے میں سے ایک ، لوٹٹیڈی کے خاندان میں ایک حقیقی گیسٹروپڈ مولوسک ہے۔,0
5821,افریقی آزادی کے لئے سیاسی تحریک میں بھی کیسلی ہیفورڈ گہری شامل تھا۔,کیسلی ہیفورڈ بھی سیاسی آزادی کے لئے افریقی تحریک میں بہت زیادہ ملوث تھا۔,0
5826,یہ ہلکا اور لمبائی میں بہت کم ہے - ایک ضروری ڈیزائن پیرامیٹر جس پر کمپیکٹ کاروں میں اس کی جگہ کا تعین کیا جاتا ہے۔,یہ ہلکا اور لمبائی میں بہت کم ہے - ایک ضروری ڈیزائن پیرامیٹر جس کو کمپیکٹ کاروں میں اس کی جگہ کا تعین کیا گیا ہے۔,1
5832,جنوری 2011 میں ، اے ایم ڈی نے اے ایم ڈی میں تیزی سے جی سیریز ایمبیڈڈ پروسیسنگ یونٹ (اے ایم ڈی) کا اعلان کیا۔,جنوری 2011 میں ، اے ایم ڈی نے اے ایم ڈی کو تیز رفتار جی سیریز ایمبیڈڈ پروسیسنگ یونٹ کا اعلان کیا۔,1
5835,ایک یہودی گھرانے کی حیثیت سے ، وہ بیلجیئم کے ایک خاندان کے ذریعہ کامبلین -او - پونٹ میں پوشیدہ ہوکر حراستی کیمپوں میں جلاوطنی سے فرار ہوگئے۔,ایک یہودی گھرانے کی حیثیت سے ، وہ بیلجیئم کے ایک خاندان کے ذریعہ کومبلین-او پونٹ میں پوشیدہ ہوکر حراستی کیمپوں میں جلاوطنی سے فرار ہوگئے۔,1
5839,نائیجیریا کے اسٹاک ایکسچینج میں بنیادی لسٹنگ کے ساتھ ، یہ پہلی افریقی کمپنی ہے جس نے جوہانسبرگ اسٹاک ایکسچینج میں سرحد پار اندرونی لسٹنگ کی ہے۔,جوہانسبرگ اسٹاک ایکسچینج میں سرحد پار اسٹاک ایکسچینج کی فہرست کے ساتھ ، یہ پہلی افریقی کمپنی ہے جس نے نائیجیریا کے اسٹاک مارکیٹ میں بنیادی فہرست سازی کی ہے۔,0
5849,لینڈ باسی لینڈ 1964 سے بلی بائیرز اور اس کے آرکسٹرا کا ایک اسٹوڈیو البم ہے ، جسے کاؤنٹ باسی نے تشکیل دیا اور ترتیب دیا ہے۔,باسی لینڈ 1964 کا اسٹوڈیو البم ہے جو بلی بائیرز اور اس کے آرکسٹرا کا ، میوزک باسی کے ذریعہ تیار کردہ اور ترتیب دیا گیا ہے۔,1
5853,دریائے ڈوبرویا رومانیہ میں دریائے اوجیل کی ایک معاون ہے۔,دریائے ڈوبرویا رومانیہ میں دریائے اوئیل کی ایک معاون ہے۔,1
5864,ابتدائی ایڈوائزری بورڈ کے ممبروں میں والٹر کروکائٹ ، نارمن کزنز ، گور وڈال ، نارمن پوڈورٹز ، ساؤل بیلو ، اور الیسٹیئر کوک شامل تھے۔,ابتدائی مشاورتی ممبروں میں والٹر کروکائٹ ، نارمن ویٹر ، گور وڈال ، نارمن پوڈوریٹز ، ساؤل بیلو ، اور الیسٹیئر کوک شامل تھے۔,1
5866,نیکرسن ، ڈوکیٹ ، برونو ، اسکوف ، سینڈ اسٹون اور اسٹرجن جھیل کی جماعتیں سب کیرک کے قریب واقع ہیں۔,نیکرسن ، ڈوکیٹ ، برونو ، اسکوف ، سینڈ اسٹون ، اور اسٹرجن جھیل کی جماعتیں سب کیرک کے قریب ہیں۔,1
5869,میوزک ہال کو پہلی بار 1862 میں پیرس سے لندن میں درآمد کیا گیا تھا ، اور یہ بہت مشہور ہوا ، ڈانسرز ، گلوکار ، ایکروبیٹس ، جادوگروں نے تربیت یافتہ جانوروں کے ساتھ۔,میوزک ہال کو پہلی بار 1862 میں لندن سے پیرس میں درآمد کیا گیا تھا اور وہ رقاصوں ، گلوکاروں ، ایکروبیٹس اور وزرڈز تربیت یافتہ جانوروں میں بے حد مقبول ہوا تھا۔,0
5879,اس کے آس پاس دریائے لاسائن ہے ، جو شمال مشرقی اوریگون کے والووا پہاڑوں کے مشرق میں دریائے والووا کی ایک معاون ہے۔,اوریگون کے شمال مشرق میں والووا پہاڑوں کے مشرق میں دریائے والووا کی ایک آب و ہوا ، دریائے لوسائن ، قریب ہی ہے۔,1
5885,اس کی شادی الزبتھ ینگ (1854 - 1932) سے ہوئی تھی اور وہ جہاز کے میگنیٹ این او کے والد تھے۔ ینگ فیرنلی اور زمیندار تھامس فیرنلی۔,اس کی شادی الزبتھ ینگ (1854 - 1932) سے ہوئی تھی اور وہ شپنگ میگنیٹ تھامس فیرنلی اور زمیندار این او کے والد تھے۔ ینگ فیرنلی۔,0
5887,اسے ڈیل رومیوں نے تربیت دی تھی اور جوکی جان ولازکوز کے ذریعہ اپنی سب سے اہم ریسوں میں سوار تھا۔,اسے جان ویلزکوز نے تربیت دی تھی اور جوکی ڈیل رومیوں نے اپنی سب سے اہم دوڑ میں سوار کیا تھا۔,0
5889,عام طور پر ، ہولومورفک افعال کی وضاحت `` W '' کے ذریعہ ایک ذیلی ذیلی حصوں کے ساتھ مل کر ہولومورفک افعال کو مل کر ایک ذیلی تفاوت کے ساتھ کی جاتی ہے۔,عمومی ہولومورفک افعال میں `` W '' کے ذیلی مختلف قسم کے `` v '' کے ساتھ ساتھ اس کی وضاحت کی گئی ہے کہ وہ ذیلی مختلف حالتوں پر ہولومورفک افعال کو اکٹھا کرتے ہیں۔,1
5892,اس فلم کو الینا کروکووا نے کاٹا تھا اور اسے آندرے لیٹوینوف نے تیار کیا تھا۔,اس فلم میں الینا کروکووا نے ترمیم کی تھی اور آندرے لیٹوینوف نے تیار کیا تھا۔,1
5896,مئی 2011 میں تیار کردہ ، اس نے ہدایت کی اور اپنی پہلی فیچر فلم لکھی۔,مئی 2011 میں اس نے اپنی پہلی خصوصیت تیار کی ، ہدایت کی اور لکھا۔,1
5897,جہاں جدیدیت کے صنعتی معاشرے صنعتی معاشرے کے حق میں ٹوٹ گئے ، زرعی جدیدیت نئے معاشرے کو ایک دوسرے اور زیادہ اضطراری نیٹ ورک سوسائٹی یا انفارمیشن سوسائٹی میں تبدیل کرتی ہے۔,جہاں جدیدیت نے صنعتی معاشرے کو صنعتی معاشرے کے حق میں توڑ دیا ، زرعی جدیدیت نئے معاشرے کو دوسرے اور زیادہ اضطراری نیٹ ورک سوسائٹی یا انفارمیشن سوسائٹی میں تبدیل کرتی ہے۔,1
5901,ورمونٹ مچم کے شمال میں ، مغرب میں نوناواڈنگ اور فارسٹ ہل کے ذریعہ ، ورمونٹ کے ذریعہ جنوب میں اور وانٹیرنا اور رنگ ووڈ کے ذریعہ مشرق میں سرحد ہے۔,ورمونٹ ساؤتھ مچم کے شمال میں ، مغرب میں نوناواڈنگ اور جنگل کی پہاڑی ، جنوب میں ورمونٹ اور مشرق میں وانٹیرنا اور رنگ ووڈ سے ملحق ہے۔,0
5902,وہ 21 دسمبر 1965 کو میری لینڈ کے شہر آکسن ہل میں پیدا ہوا تھا اور اس نے کنیکٹیکٹ کے نیو ہیون کے ہائی اسکول میں تعلیم حاصل کی تھی۔,وہ 21 دسمبر 1965 کو نیو ہیون ، کنیکٹیکٹ میں پیدا ہوا تھا ، اور میری لینڈ کے آکسن ہل میں آکسن ہل ہائی اسکول کا دورہ کیا تھا۔,0
5904,گائولا کا نام قرون وسطی کے ہنگری کے حکمران جیولا III کے نام پر رکھا گیا ہے ، جو ہنگری قبائل میں بھی ایک لقب تھا اور اب بھی لڑکوں کے لئے مشہور پہلا نام تھا۔,گائولا کا نام قرون وسطی کے ہنگری کے حکمران جیولا III کے نام پر رکھا گیا ہے۔ گائولا ہنگری قبائل میں بھی ایک عنوان تھا اور لڑکوں کے لئے اب بھی ایک مشہور نام دیا گیا تھا۔,1
5907,وہ جرمنوں نے ڈوبی تھی اور 1943 - 1944 میں دو بار الائیڈ بمباروں نے اسے ختم کردیا تھا اور آخر کار 1946 - 1947 میں اس کی پرورش ہوئی تھی۔,یہ 1943 میں ڈوبا گیا تھا - 1944 میں جرمنوں نے اور الائیڈ بمباروں کے ذریعہ دو بار ختم کیا اور آخر کار 1946 میں پیدا ہوا - 1947 میں۔,1
5910,اس طرح کے آلات کی تاریخ میں ، یہ `` ترک '' کامیاب ہوا اور اس سے پہلے `` میفسٹو '' تھا۔,اس طرح کے آلات کی تاریخ میں '' ترک `` اور '' میفسٹو `` کامیاب ہوا۔,1
5913,ٹرپل دیوی کا ایک جدید خیال وِکا کی نئی مذہبی تحریک کا مرکزی مرکز ہے۔,ٹرپل دیوی کا ایک نیا مذہبی خیال وِکا کی جدید تحریک کا مرکزی مرکز ہے۔,0
5914,اگرنات 1906 میں ، کینٹکی کے شہر لوئس ول میں ایک یہودی صہیونی خاندان میں پیدا ہوا تھا۔,اگرنات 1906 میں کینٹکی کے شہر لوئس ول میں ایک یہودی صہیونی خاندان میں پیدا ہوا تھا۔,1
5917,ویٹز کی شادی سیبسٹین ویٹز سے ہوئی ہے ، جو کیوبا میکسیکن ہے ، اور جس کے ساتھ اس کا ایک بیٹا مرسڈیز مارٹینز اور ایک بیٹی ، ایتھنہ ویٹز ہے۔,شادی شدہ سیبسٹین ویٹز ہے ، جو کیوبا ہے - میکسیکن اور جس کے ساتھ اس کا بیٹا ، مرسڈیز مارٹینز اور ایک بیٹی ، ایتھنہ وٹز ہے۔,1
5925,ڈان کارلوس ڈریگس 1907 میں ڈریگس ، اڈاہو میں پیدا ہوا تھا جس نے اس شہر کی بنیاد رکھی تھی ، اور مئی یروشا روبیسن۔,جونیئس 1907 میں ڈریگس ، اڈاہو میں ، ڈان کارلوس ڈریگس بنانے کے لئے پیدا ہوا تھا ، جس نے اس شہر کی بنیاد رکھی تھی ، اور مے یروشا روبیسن۔,0
5928,یہ گروپ بڑے پیمانے پر کھیلا ، اسرائیل میں مشہور ہوا اور یہاں تک کہ 2007 میں نیو یارک شہر میں بھی گیا۔,اس گروپ نے بڑے پیمانے پر دورہ کیا اور اسرائیل میں مشہور تھا اور یہاں تک کہ 2007 میں نیو یارک شہر میں بھی کھیلا۔,0
5942,یہ ٹورنامنٹ کا تیسرا شمارہ تھا اور 2013 - 14 IRB سیونس ورلڈ سیریز کا چھٹا اسٹاپ تھا۔,یہ ٹورنامنٹ کا تیسرا ایڈیشن تھا اور 2013 - 14 IRB سیونس ورلڈ سیریز کا چھٹا اسٹاپ تھا۔,1
5946,ڈبلیو وی جی اے کے ساتھ موبائل فون اس طرح کے ڈسپلے ریزولوشن عام ہوچکے ہیں۔ یہ فون کی ایک فہرست ہے جس میں مقامی ڈسپلے ہوتے ہیں۔,مقامی ڈبلیو وی جی اے ڈسپلے والے فونز - ریزولوشن غالب ہے ، یہ موبائل فون کی ایک فہرست ہے جس میں اس طرح کی نمائش ہوتی ہے۔,0
5947,دوندویودق کے پہلے راؤنڈ کے بعد ، ہائن ٹٹ لینڈ نے دوسرے مرحلے میں گوٹ اورمسن سے ملنے کے لئے اسکینٹرز کو شکست دی ، جس نے بیجورن جوہن موری کو شکست دی۔,ڈوئل کے پہلے راؤنڈ کے بعد ہائن ٹوٹلینڈ نے اسکینکسٹرز کو شکست دے کر گاؤٹ اورمسن سے ملاقات کی ، جس نے دوسرے راؤنڈ میں بیجورن جوہن موری کو شکست دی۔,1
5948,انہوں نے راؤنڈ 1 (ہڈرز فیلڈ جنات) سے راؤنڈ 5 (ویک فیلڈ تثلیث وائلڈ کیٹس) سے لگاتار پانچ کھیل کھیلے۔,انہوں نے راؤنڈ 1 (ہڈرز فیلڈ جنات) سے راؤنڈ 5 (ویک فیلڈ تثلیث وائلڈ کیٹس) تک لگاتار پانچ کھیلوں میں شامل کیا۔,1
5953,اس کی شادی الزبتھ ینگ (1854 - 1932) سے ہوئی تھی اور وہ شپنگ میگنیٹ تھامس فیرنلی اور زمیندار این او کے والد تھے۔ ینگ فیرنلی۔,اس کی شادی الزبتھ ینگ (1854 - 1932) سے ہوئی تھی اور وہ شپنگ میگنیٹ تھامس فیرنلی اور زمیندار این او کے والد تھے۔ ینگ فیرنلی۔,1
5954,ان کی فلموں میں سے چودہ فلموں کے سی ڈی کو فلپ پاورز نے 2008 میں ریلیز کیا تھا اور اسے 1M1 ریکارڈز نے تیار کیا تھا۔,ان کی چودہ فلموں کے تھیمز کے ساتھ ایک سی ڈی فلپ پاورز نے 2008 میں شائع کی تھی اور اسے 1M1 ریکارڈز نے تیار کیا تھا۔,1
5956,10 دسمبر 1947 کو ایئر سیلون کی پہلی پرواز ، رتملانا ہوائی اڈے کے راستے کنکنسنتورائی سے مدراس تک تھی۔,10 دسمبر 1947 کو ایئر سیلون کے ذریعہ افتتاحی پرواز رتملانا ہوائی اڈے سے مدراس کے راستے کانکیسانتھورائی کے راستے تھی۔,0
5969,ممکنہ حرفی ڈھانچے V ، CV ، یا CCV ہیں جہاں دوسرا ضمیر ہے۔,ممکنہ حرفی ڈھانچے V ، CV یا CCV ہیں ، جبکہ دوسرا ضمیر ہے۔,1
5970,یہ ویکٹر ہج کا اندرونی ہے ، اور دوہری مصنوعات کے ذریعہ isomorphism کے تحت فارمولا _ 31 کی شبیہہ ہے۔,یہ ویکٹر ہج ہے - دوہری ہے اور اندرونی مصنوعات کے ذریعہ isomorphism کے تحت فارمولے کی شبیہہ ہے۔,0
5972,مارک ڈیلافونٹین کے ذریعہ معدنی سمارسکیت سے الگ تھلگ ایک نئے کیمیائی عنصر کے لئے ڈیسپیم مجوزہ نام تھا۔,معدنی سمارسکائٹ سے مارک ڈیلافونٹین کے ذریعہ الگ تھلگ ایک نئے کیمیائی عنصر کا مجوزہ نام تھا۔,1
5983,ان کا 6 جنوری 1976 کو ایلیکانٹے میں انتقال ہوگیا اور انہیں میڈرڈ چرچ کے چرچ میں سپرد خاک کردیا گیا۔,وہ 6 جنوری 1976 کو میڈرڈ میں انتقال کر گئے ، اور انہیں ایلیکینٹ میں چرچ کے چرچ میں سپرد خاک کردیا گیا۔,0
5984,اس کا پوتا اداکار رچرڈ مارنر (پیدائش الیگزینڈر مولچنف) تھا۔,اس کا پوتا اداکار رچرڈ مارنر (پیدائش الیگزینڈر مولچنف) تھا۔,1
5987,سومتراپی (یا سوما) کو 1970 کی دہائی میں ولہیلم ریخ نے گروپ تھراپی کے طور پر بنایا تھا ، جو نفسیاتی فریئر کی تحقیق پر مبنی تھا۔,سومتراپی (یا سوما) 1970 کی دہائی میں فریئر نے نفسیاتی ماہر ولہیلم ریخ کی تحقیق پر مبنی گروپ تھراپی کے طور پر تشکیل دیا تھا۔,0
5988,امیجیکا اور روبوٹ مواصلات نے یکم اپریل 2004 کو امیجیکا روبوٹ ہولڈنگز انکارپوریشن کی بنیاد رکھی ، اور امیجیکا اس کمپنی کا حصہ بن گئیں۔,یکم اپریل 2004 کو ، امیجیکا اور روبوٹ مواصلات نے امیجیکا روبوٹ ہولڈنگز انکارپوریشن کے مشترکہ طور پر قائم کیا ، اور امیجیکا اس کمپنی کا حصہ بن گئیں۔,1
5992,سکھ مذہب ایک ایسا مذہب ہے جو ہندوستان میں 15 ویں صدی کے وسط میں پہلی گرو کے ساتھ شروع ہوا تھا ، جسے گرو نانک دیو جی (1469-1539 C.E.) کے نام سے جانا جاتا ہے۔,سکھ مذہب ایک ایسا مذہب ہے جو ہندوستان میں پندرہویں صدی کے وسط میں پہلے گرو کے ساتھ شروع ہوا تھا ، جسے گرو نانک دیو جی (1469-1539 C.E.) کے نام سے جانا جاتا ہے۔,1
5999,پیننمکال 1966 سے ایک ہندوستانی ملیالم فلم ہے ، جسے جے ساسکومر نے تیار کیا تھا اور اس کی ہدایتکاری کے پی کوٹارککارا نے کی تھی۔,پیننککل 1966 میں ہندوستانی ملیالم فلم ہے ، جسے جے ساسکومر نے تیار کیا تھا اور اس کی ہدایتکاری کے پی کوٹارککارا نے کی تھی۔,1
6002,اشٹ ہندوستان کے مہاراشٹرا کے داہانو ضلع کا ایک گاؤں ہے جو یہ پالغر - تالوکا میں واقع ہے۔,اشٹے پلغر کا ایک گاؤں ہے - ہندوستان کے مہاراشٹر کا ضلع یہ داہانو - تالوکا میں واقع ہے۔,0
6016,الیگزینڈر ایڈرارڈ مورس کوسمین ، مکمل نام مورس کوسمین (18 ستمبر ، 1850 - 17 مئی ، 1924) ایک فرانسیسی ماہر امراضیات اور میلاکولوجسٹ تھا۔,مورس کوسمین ، الیگزینڈر کا مکمل نام ڈورڈ مورس کوسمین (18 ستمبر 1850 - 17 مئی ، 1924) ایک فرانسیسی ماہر نفسیات اور میلاکولوجسٹ تھا۔,0
6018,فروری 2014 میں ، نیٹ ورک ٹین نے اعلان کیا کہ ہیو ریمنٹن ڈینیئل اسڈیل کو پیش کنندہ اور وکٹوریہ مرفی کو اسپورٹس پریزنٹر کی حیثیت سے تبدیل کریں گے۔,فروری 2014 میں ، نیٹ ورک ٹین نے اعلان کیا کہ ڈینیئل اسڈیل ہیو ریمنٹن کی جگہ بطور پیش کنندہ ہوگی ، اور وکٹوریہ مرفی اسپورٹس پریزنٹر بنیں گے۔,0
6022,اس کا آغاز چین پر جاپانی حملے اور 1937 میں منچوریا پر سوویت حملے سے ہوا۔,اس کی شروعات چین پر جاپانی حملے سے منچوریا کے راستے اور 1937 میں فن لینڈ پر سوویت حملے سے شروع ہوئی۔,0
6024,جان جان ملٹن سے مراد شیکسپیئر ہے اور انجیلہ وارن `` کوموس '' کے حوالے سے: '' شیشے ، ٹھنڈی ، ہلکی پارباسی لہر `` کے تحت۔,انجیلہ وارن سے مراد شیکسپیئر ہے اور جان ملٹن کے `` کوموس '' کے حوالے سے: `` شیشے ، ٹھنڈی ، پارباسی لہر کے تحت ''۔,0
6025,آڈوبن کونسل شوانی ٹریلس کونسل اور فور ریورز کونسل کے مابین انضمام سے تشکیل دی گئی تھی۔,شاونی ٹریلس کونسل چار ریورز کونسل اور آڈوبن کونسل کے انضمام سے تشکیل دی گئی تھی۔,0
6034,1953 میں ٹیم نے اگست 1959 میں ایشیاء اور آسٹریلیا میں سفر کیا۔,اس ٹیم نے 1953 میں آسٹریلیا میں اور اگست 1959 میں ایشیاء کا دورہ بھی کیا۔,0
6037,دریائے بوئیا مکی رومانیہ میں ویلیا اسٹرمینوس ă ندی ​​کی ایک آب و ہوا ہے۔,دریائے بوئیا مکی رومانیہ میں دریائے ویلیا اسٹرمینوس کی ایک آب و ہوا ہے۔,1
6039,تراپاک محکمہ 1883 سے 1928 تک صوبہ تراپاکی کا محکمہ تھا۔ یہ چلی کا حصہ تھا۔,تراپاک محکمہ 1883 سے 1928 تک چلی کا محکمہ تھا۔ یہ صوبہ تراپاک کا حصہ تھا۔,0
6040,سب سے زیادہ گرم سال 1983 تھا اور سب سے تیز سال 1976 کے ساتھ تھا۔,سب سے زیادہ کا سال 1983 تھا اور خشک سال 1976 کے ساتھ تھا۔,1
6043,80 80 منٹ میں دنیا بھر میں 80 منٹ میں '' رابرٹ ای شیرووڈ کے ساتھ ، 1931 میں امریکی پری کوڈ کی ایک دستاویزی فلم ہے جس کی ہدایتکاری ڈگلس فیئربینک نے کی ہے اور ڈگلس فیئربینک اور وکٹر فلیمنگ کی لکھی ہے۔,Ro رابرٹ ای شیرووڈ کے ساتھ دنیا کے 80 منٹ میں '' '، ایک امریکی پری کوڈ ہے۔,1
6044,نومبر 1989 میں ، ڈیلنی نیو یارک اسٹاک ایکسچینج کی ممبر تھیں اور ہینڈرسن برادرز ، انکارپوریشن ، اور بیئر ویگنر میں سینئر منیجنگ ڈائریکٹر بن گئیں۔,نومبر 1989 میں ، ڈیلنی نیو یارک اسٹاک ایکسچینج کی ممبر بنی اور ہینڈرسن برادرز ، انکارپوریشن اور بیئر ویگنر کے ساتھ سینئر منیجنگ ڈائریکٹر رہی۔,0
6052,یہ وسطی کاروباری ضلع میں تعمیر کردہ تین تھرڈ کلاس ہوٹلوں میں سے پہلا تھا۔,مرکزی کاروباری ضلع میں تعمیر کردہ تین تھرڈ کلاس ہوٹلوں میں سے یہ پہلا تھا۔,1
6059,سیبن برگ نے گانے کو البم `` پر اپنے پسندیدہ کے طور پر بیان کیا ہے کیونکہ یہ اتنا ذاتی اور اتنا خالص ہے۔ '',سیبن برگ نے اس گانے کو البم `` پر اپنا پسندیدہ قرار دیا کیونکہ یہ بہت ذاتی اور اتنا پاک ہے۔,1
6060,پیٹکلجروی نیشنل پارک شمالی کیریلیا کے الومانسی کے علاقے میں فن لینڈ کا ایک قومی پارک ہے۔,پیٹلجروی نیشنل پارک فن لینڈ کے شمالی کیریلیا کے علاقے الومانسی کا ایک قومی پارک ہے۔,0
6061,ایل ایس یو کے لئے اپنے پہلے کھیل میں ، اس نے ٹولین یونیورسٹی کے خلاف 32 ریباؤنڈز حاصل کیں۔,ٹولین یونیورسٹی کے لئے اپنے پہلے کھیل میں ، اس نے ایل ایس یو کے خلاف 32 ریباؤنڈز حاصل کیں۔,0
6063,پوسٹ مینوپاسل آسٹیوپوروسس کے مریضوں میں ، فریکچر کا خطرہ کم ہوتا ہے ، لیکن انفیکشن کا خطرہ بڑھ جاتا ہے۔,پوسٹ مینوپاسل آسٹیوپوروسس والے افراد میں یہ فریکچر کے خطرے کو کم کرتا ہے لیکن انفیکشن کا خطرہ بڑھ جاتا ہے۔,1
6064,گرینڈ ڈیوک لڈویگ چہارم 13 مارچ 1892 کو ڈرمسٹاڈٹ کے نئے پالیس میں دل کا دورہ پڑنے سے انتقال کر گئے اور ان کی جگہ ان کے بیٹے ، ارنسٹ لوئس نے لے لی۔,گرینڈ ڈیوک ارنسٹ لوئس 13 مارچ 1892 کو دل کا دورہ پڑنے سے ڈرمسٹاڈٹ کے نئے محل میں انتقال کر گئے اور ان کے بعد ان کے بیٹے ، لڈوگ چہارم نے ان کی جگہ لی۔,0
6066,بھگیمودرا 1968 میں ملیالم زبان کی ایک فلم ہے جس کی ہدایتکاری ایس ایل پورم سدارانندن نے کی تھی اور ایم اے وی وی راجندرن نے لکھا ہے۔,بھگیمودرا ایک ملیالم زبان کی فلم ہے جو 1968 سے شروع ہوتی ہے ، جس کی سربراہی ایس ایل پورم سادنندن نے کی تھی اور ایم اے وی وی راجندرن نے لکھا ہے۔,1
6067,2011 میں انہوں نے گلوکار میڈونا کی سوانح حیات بھی لکھی جس کے عنوان سے `` میڈونا فار میڈونا کوئین آف پاپ '' کے عنوان سے تھا ، جو کاسٹیلوچی کے پبلشر کے ذریعہ شائع ہوا تھا۔,کاسٹیلوچی کے پبلشر نے لکھا ، 2011 میں انہوں نے گلوکار میڈونا کی سوانح حیات بھی شائع کی جس کے عنوان سے `` میڈونا ، پاپ کی ملکہ '' کے عنوان سے تھا۔,0
6071,یہ البم لاس اینجلس میں انبل کرپل نے ریکارڈ کیا تھا۔ کیلیفورنیا کے لاس اینجلس میں `` لا کاسا '' کے مطالعے میں ملا۔,"اس البم کو لاس اینجلس ، کیلیفورنیا میں انبل کرپل نے ریکارڈ کیا تھا ، جو لاس اینجلس میں ""` لا کاسا '' کے مطالعے میں ملا ہوا تھا۔",1
6078,7 ویں کیولری کے لئے بڑھئی نے لیفٹیننٹ ہیو ایل سکاٹ کو ہینڈپک کیا تھا اور اس کے لئے 7 ویں کیولری کے لئے ٹروپ ایل (کیووا ، کومانچے ، اور اپاچی انڈینز پر مشتمل) کو منظم اور کمانڈ کیا تھا۔,ہیو ایل اسکاٹ نے ساتویں کیولری کے لئے ٹروپ ایل (کیووا ، کومانچے ، اور اپاچی - ہندوستانیوں پر مشتمل) کے انعقاد اور کمانڈ کرنے کے لئے لیفٹیننٹ کارپینٹر کو ہینڈپیک کیا تھا۔,0
6085,ہرنوں کی آبادی کو منظم کرنے کا ایک اور طریقہ یہ ہے کہ پیدائش کی شرح کو کنٹرول کیا جائے۔,ہرنوں کی آبادی پر قابو پانے کا ایک اور طریقہ یہ ہے کہ پیدائش کی شرح کو منظم کیا جائے۔,1
6086,بچوں کے لئے جدید فٹنس آلات کے ساتھ کھیل کا میدان نیا ہے۔,نیا کھیل کا میدان بچوں کے لئے جدید فٹنس آلات سے لیس ہے۔,1
6087,2012 میں ، جینیفر لا پینا ٹی وی کا حصہ بن گئے - سلواڈور رائلز فلم `` منڈو مین ائی میگوناو '' کے ریمیک کے طور پر۔,2012 میں ، جینیفر لا پینا سلواڈور رائلز فلم `` منڈو مین ائی میگوناو '' کے ٹی وی ریمیک کا حصہ بن گئیں۔,1
6090,کرنور ڈیم ہندوستان میں ریاست مہاراشٹرا کے ضلع عثمان آباد کے شہر تولج پور کے قریب دریائے بوری پر ایک ارتھفل ڈیم ہے۔,تولج پور ہندوستان میں ریاست مہاراشٹرا کے ضلع عثمان آباد ، کرنور ڈیم کے قریب دریائے بوری پر ایک ارتھ ڈیم ہے۔,0
6095,وہ بولیویا کے کوچابمبا میں پیدا ہوئی تھی۔ 1990 کی دہائی میں ، وہ لاس اینجلس اور بعد میں میکسیکو سٹی چلی گئیں۔,بولیویا کے کوچابامبا میں پیدا ہوئے ، وہ 1990 کی دہائی میں میکسیکو سٹی اور بعد میں لاس اینجلس چلی گئیں۔,0
6099,اس کے تین بیٹے کول ، لوکاس ، اوون اپنی اہلیہ کارلا اور ریجینا کے ساتھ بھی ہیں۔,اس کے تین بیٹے ہیں - اوون ، لوکاس اور کول - اپنی اہلیہ کارلا کے ساتھ ، جو ریجینا کے بھی ہیں۔,1
6101,ڈگلس فیئربینک کے ساتھ دنیا بھر میں 80 منٹ میں ، 1931 سے ایک امریکی پری کوڈ دستاویزی فلم کی ہدایتکاری ڈگلس فیئربینک اور وکٹر فلیمنگ اور رابرٹ ای شیرووڈ نے کی ہے۔,`` 80 منٹ میں دنیا بھر میں '' رابرٹ ای شیرووڈ کے ساتھ ، ایک امریکی پری کوڈ دستاویزی فلم ڈائریکٹر ڈگلس فیئربینک نے 1931 میں اور ڈگلس فیئربینک اور وکٹر فلیمنگ کے ذریعہ لکھا ہے۔,0
6102,اٹلانٹا کی سب سے بڑی مسجد ، الفروق مسجد ، مڈ ٹاؤن اٹلانٹا میں 14 ویں اسٹریٹ پر واقع ہے۔,اٹلانٹا کی سب سے بڑی مسجد ، الفروق مسجد ، مڈ ٹاؤن اٹلانٹا میں 14 ویں اسٹریٹ پر واقع ہے۔,1
6112,تانگ خاندان میں چنزو کا انتظامی علاقہ مشرقی ہینن میں جدید ژوکو کی انتظامیہ کے تحت ہے:,تانگ خاندان میں چنزو انتظامی علاقہ ہینن کے مشرق میں جدید ژوکو کی انتظامیہ کے تحت ہے:,1
6113,یہ جرمنوں نے ڈوبا تھا اور 1944 میں - 1944 میں الائیڈ بمباروں نے دو بار ختم کردیا تھا اور آخر کار 1946 میں - 1947 میں اس کی پرورش ہوئی تھی۔,اس کی پرورش جرمنوں نے کی تھی اور 1943 - 1944 میں دو بار اتحادی بمباروں نے ڈوبا تھا ، اور آخر کار 1946 - 1947 میں اس کو ختم کردیا گیا تھا۔,0
6116,بالآخر اس نے اپنے آپ کو شمال مغربی اٹلی میں قائم کیا ، بظاہر گائے کے ذریعہ اس کی تائید کی گئی ، جہاں اسے شاید `` آکرز '' کا لقب مل گیا۔,اس نے بالآخر شمال مغربی اٹلی میں اپنے آپ کو قائم کیا ، بظاہر گائے کی حمایت کی ، جہاں وہ شاید '' عنوان `` آتا ہے۔,0
6121,سفولک یونیورسٹی شہر بوسٹن کے شہر نیو انگلینڈ کیبل نیوز ٹی وی اسٹوڈیو میں ریموٹ کیمرا برقرار رکھتی ہے۔,نیو انگلینڈ کیبل نیوز شہر بوسٹن کے شہر سفولک یونیورسٹی کے ٹیلی ویژن اسٹوڈیو میں ریموٹ کیمرا برقرار رکھتا ہے۔,0
6122,اسے 1605 میں لارڈ کروم ویل کے حوالے کیا گیا تھا ، اور 1636 میں سر فرانسس بلینڈیل کو فروخت کیا گیا تھا۔,1605 میں ، یہ لارڈ کروم ویل کو فروخت کیا گیا اور 1636 میں سر فرانسس بلینڈیل چلا گیا۔,0
6124,عام بیلناکار تخمینے کے ل the ، لازمی عناصر کی جیومیٹری,عام بیلناکار عناصر کی جیومیٹری کے نتیجے میں لاتعداد تخمینے کے نتائج برآمد ہوتے ہیں,0
6140,ولفریڈ بڈلی نے جوشوا پم کو شکست دی ، 6 - 4 ، 1 - 6 ، 7 - 5 ، 6 - 0,جوشوا پِم نے ولفریڈ بڈلی ، 6 - 4 ، 1 - 6 ، 7 - 5 ، 6 - 0 کو شکست دی۔,0
6141,اسے رابرٹ کرزون نے 1834 میں صبا کی خانقاہ میں خریدا تھا اور 1883 میں سی آر گریگوری نے دیکھا تھا۔,یہ 1834 میں سی آر گریگوری نے صبا کی خانقاہ میں خریدی تھی اور 1883 میں رابرٹ کرزون نے دیکھا تھا۔,0
6142,لوور پینٹنگ میں لائٹنگ گرم ہے اور یہ نرمی دکھائی دیتی ہے ، لیکن یہ سطح پر وارنش کے لہجے کا نتیجہ ہوسکتا ہے۔,لوور میں لائٹنگ - پینٹنگ گرم ہے اور یہ نرم نظر آتی ہے ، لیکن یہ سطح پر پینٹ کے لہجے کا نتیجہ ہوسکتا ہے۔,1
6156,اینڈرسن 1943 میں کیلیفورنیا کے شہر آکلینڈ میں پیدا ہوئے تھے اور وہ کیلیفورنیا کے ریڈونڈو بیچ سے ہیں۔,اینڈرسن 1943 میں ریڈونڈو بیچ ، کیلیفورنیا میں پیدا ہوئے تھے ، اور وہ کیلیفورنیا کے آکلینڈ سے آئے تھے۔,0
6158,نویں سیزن کامیڈی سنٹرل کا دوسرا سب سے زیادہ درجہ بند پروگرام بن گیا۔,دوسرا سیزن کامیڈی سنٹرل کا نویں اعلی ترین درجہ بند پروگرام بن گیا۔,0
6165,40 افراد کو بچایا گیا ، 40 لائف بوٹوں میں اور تین `` ڈیلاوئر '' کے ذریعہ بچایا گیا۔,43 افراد کو بچایا گیا ، 40 لائف بوٹوں میں اور تین کو `` ڈیلاوئر '' نے بچایا۔,0
6166,ہوپکورو امریکن بلوز راک بینڈ ہاٹ ٹونا کا آخری البم تھا ، اور اس کا ساتواں اسٹوڈیو البم گرونٹ ریکارڈز کے لئے گرنٹ BFL1-1920 کے طور پر ریکارڈ کیا گیا تھا۔,ہوپکورو امریکن بلوز - راک - بینڈ ہاٹ ٹونا کا ساتواں البم تھا ، اور ان کا آخری اسٹوڈیو البم گرنٹ ریکارڈز کے لئے گرنٹ BFL1-1920 کے طور پر ریکارڈ کیا گیا تھا۔,0
6168,ہوئگے 1962 میں چلی اور نیو یارک میں پیدا ہوئے تھے اور وہ پیرس میں رہتے ہیں اور کام کرتے تھے۔,ہوئگے 1962 میں چلی اور نیو یارک میں پیدا ہوئے تھے ، وہ پیرس میں رہتے ہیں اور کام کرتے ہیں۔,1
6169,سمر کالججیٹ لیگ کا ایک حصہ نشاوا سلور نائٹس شہر کی موجودہ ٹیم ہے۔,سمر کالججیٹ لیگ کا ایک حصہ نشاوا سلور نائٹس ، شہر کی موجودہ ٹیم ہے۔,1
6177,ڈاکٹر ایڈمز نے مس ​​سارہ ہنٹ سے شادی کی ، جس کے ذریعہ اس نے ایک بیٹی چھوڑ دی ، شادی شدہ ، 1788 میں ، بی حیاٹ ، ایسک سے۔,ڈاکٹر ایڈمز نے مس ​​سارہ ہنٹ کو چھوڑ دیا ، جس کے ساتھ اس نے 1788 میں ، ایک بیٹی سے شادی کی ، بی حیاٹ ، ایسک سے۔,0
6179,سیپاہوا صوبہ اٹالیہ کے جنوبی پیرو کا ایک ضلع ہے۔,سیپاہوا صوبہ اٹالیہ کے جنوبی پیرو کا ایک ضلع ہے۔,1
6181,میئ شیگینوبو جاپانی قومی فوساکو شیگینوبو کی ماں ہیں ، جو ایک صحافی ہیں۔,فوساکو شیگینوبو جاپانی صحافی میئ شیگینوبو کی ماں ہیں۔,0
6182,سب سے پہلے ، اعلی جرگ والے علاقوں کی بجائے کم جرگ کی قیمت والے علاقوں کی وضاحت کریں۔,اعلی جرگ کی سطح والے علاقوں کی بجائے پہلے جرگ کی سطح کے حامل علاقوں کی وضاحت کریں۔,1
6188,الیکٹروئنسیفالوگرافک تبدیلیوں کو شوگر اینڈورفنز کے ذریعہ ثالثی کیا جاتا ہے ، لیکن اس کے لئے طریقہ کار نامعلوم ہے ، ایسا نہیں لگتا ہے کہ یہ کم نہیں ہوا ہے۔,الیکٹروئنسیفالوگرافک تبدیلیاں شوگر کے ذریعہ ثالثی کی جاتی ہیں ، لیکن اس کے لئے طریقہ کار نامعلوم ہے۔ ایسا نہیں لگتا ہے کہ یہ کم نہیں ہے۔,1
6197,1999 میں سربیا کے مہاجرین کی واپسی سے پہلے ، البانی خاندانوں نے اس شہر سے روانہ کیا۔,1999 میں البانی مہاجرین کی واپسی سے پہلے ، سرب کے خاندانوں نے گاؤں سے روانہ کیا۔,0
6217,ڈوٹی 1923 میں گلوسٹر میں پیدا ہوئے تھے اور 2014 میں بوسٹن میں انتقال کر گئے تھے۔,ڈوٹی 1923 میں گلوسٹر میں پیدا ہوئے تھے اور 2014 میں بوسٹن میں انتقال کر گئے تھے۔,1
6219,رائل ایئر فورس کے ایک عام تربیتی اسٹیشن (اڑان نہیں) میں مندرجہ ذیل مربوط ونگ پر مبنی ڈھانچہ ہوگا:,ایک عام رائل ایئر فورس ٹریننگ اسٹیشن (اڑان نہیں) میں مندرجہ ذیل مربوط ونگ پر مبنی ڈھانچہ ہوگا:,1
6221,ابراہیم ہارٹ صدر ، اور مائر سلزبرجر سکریٹری ، بورڈ آف ٹرسٹی تھے۔,میئر سلزبرجر صدر تھے ، اور ابراہیم ہارٹ بورڈ آف ٹرسٹی کے سکریٹری تھے۔,0
6224,اپنے برلن کے مطالعے میں دیوار پر تین شخصیات لٹکی ہوئی ہیں: فراڈے ، میکسویل ، شوپن ہاؤر۔,برلن کے اپنے مطالعے میں ، دیوار پر تین شخصیات لٹکی ہوئی تھیں: شوپن ہاؤر ، میکسویل ، فراڈے۔,1
6228,انجیلا کیمرون کی شادی کے فورا بعد ہی ، ایک امریکی افریقی شخص اس کے گھر میں گھس گیا ، اس کے شوہر اور بیٹے کو مار ڈالتا ہے ، اور اس کی بہن کے ساتھ زیادتی کرتا ہے۔,انجیلا کیمرون کی شادی کے فورا بعد ہی ، ایک امریکی امریکی شخص اس کے گھر میں گھس گیا ، اس کے شوہر اور بیٹے کو مار ڈالتا ہے اور اس کی بہن کے ساتھ زیادتی کرتی ہے۔,0
6232,ایک بار لکھیں ، کہیں بھی دوڑیں,کہیں بھی لکھیں ، ایک بار چلیں,0
6239,اس کا صدر دفتر وینکوور ، واشنگٹن ، اور شنگھائی ، ہلزبورو ، اوریگون ، اور لوہجہ ، فن لینڈ میں فیکٹریوں میں ہے۔,اس کا صدر دفتر شنگھائی ، ہلزبورو ، اوریگون ، اور لوہجہ ، فن لینڈ میں ہے ، اور وینکوور ، واشنگٹن میں آپریشنز ہے۔,0
6247,وان ولیمز کی طرف سے وہ موسیقی جو بلیکڈر کورٹس کے طور پر پیش کی جاتی ہے,بلیکڈر عدالتوں `` باب '' کے طور پر پرفارم کرنے والی موسیقی میں وان ولیمز '`` فنتاسیہ آن گرینسلیوز' ہیں۔,1
6249,لوساگبیئیر (جسے لوساخپیر رومنائزڈ بھی کہا جاتا ہے ؛ سابقہ ​​سوانورڈی اور سوون) آرمینیا کے شیرک صوبہ کا ایک گاؤں ہے۔,لوساگبیور (پہلے لوساکپائور کے طور پر رومانیا ہوا تھا ، اس کے علاوہ ، سوانوردی اور سوون) صوبہ آرمینیا کا ایک گاؤں ہے۔,0
6250,ایک مجوزہ منڈووی ندی (مہادئی ندی) پانی کے موڑ اور ہائرو الیکٹرک پاور پلانٹ کے منصوبے کے نتیجے میں کچھ یا تمام گاولی کو وسرجن کا سامنا کرنا پڑے گا۔,ایک مجوزہ منڈووی ندی (مہادائی ندی) پانی کے موڑ اور ہائرو الیکٹرک پاور پلانٹ پروجیکٹ کے نتیجے میں کچھ یا تمام گاولی کو ڈوبا جائے گا۔,1
6254,سانٹا کروز کاؤنٹی کے اندر سانٹا کروز اسکائی پارک اسکاٹس ویلی ، کیلیفورنیا میں ایک ہوائی اڈہ تھا۔,سانٹا کروز کاؤنٹی کے اندر سانٹا کروز اسکائی پارک اسکاٹس ویلی ، کیلیفورنیا میں واقع ایک ہوائی اڈہ تھا۔,1
6255,وہ 1947 میں سینٹ جوزف کاؤنٹی سٹی کونسلر کے لئے ، اور 1948 میں ساؤتھ بینڈ کے پراسیکیوٹر کے لئے ناکام امیدوار تھے۔,وہ 1947 میں ساؤتھ بینڈ سٹی جج کے لئے ناکام امیدوار تھا ، اور 1948 میں سینٹ جوزف کاؤنٹی کے پراسیکیوٹر کے دفتر کے لئے۔,0
6258,ڈانس خروج کے لئے ایک الہام تھا - سونگ `` زہریلا والٹز '' ، ان کے 1989 کے البم `` شاندار تباہی '' کا۔,یہ رقص ان کے 1989 کے البم `` شاندار تباہی '' کے ، خروج کے گانا `` زہریلا والٹز '' کے لئے ایک الہام تھا۔,1
6262,ابتدائی قومی کھانا پکانے پر انگریزی کھانا پکانے کا غلبہ تھا۔ لیکن دوسرے ممالک سے نئے تارکین وطن پہنچتے ہی دوسرے نوآبادیاتی سوپوں نے مقبولیت حاصل کی۔,کھانا پکانے کے ابتدائی قومی کھانے پر غلبہ حاصل ہوا ، لیکن دوسرے ممالک سے نئے تارکین وطن پہنچے ، دوسرے نوآبادیاتی سوپوں نے مقبولیت حاصل کی۔,1
6264,ٹوپولوجیکل ویکٹر اسپیس فارمولا _ 13 کو دیئے گئے اعداد و شمار کے سلسلے میں `` ابتدائی آبجیکٹ '' یا `` ابتدائی ڈھانچہ 'کہا جاتا ہے۔,ابتدائی ویکٹر اسپیس فارمولا 13 کو دیئے گئے اعداد و شمار کے سلسلے میں ابتدائی آبجیکٹ `` یا '' ٹوپولوجیکل ڈھانچہ کہا جاتا ہے۔,0
6271,ایٹایتوبا کا کلیسیائی عمل ایک علاقائی تعصب ہے جو برازیل کے رومن کیتھولک ٹیریٹوریل صوبہ بیلیم ڈو پیرا میں واقع ایٹیتوبا شہر میں واقع ہے۔,ایٹائٹوبا کا کلیسیائی پرلیٹ رومن کے شہر ایٹیتوبا کے شہر میں ایک علاقائی تعصب ہے۔,1
6274,مئی 2011 میں ، اس نے تیار کیا ، اس نے ہدایت کی اور اپنی پہلی فیچر فلم لکھی۔,مئی 2011 میں اس نے اپنی پہلی خصوصیت تیار کی ، ہدایت کی اور لکھا۔,1
6277,اس کے بچے مارون آئزنسٹڈٹ تھے ، جنہوں نے باربرا ، گلیڈیز آئزنسٹڈٹ ، ایرا آئزنسٹڈٹ سے شادی کی تھی ، جنہوں نے ڈیئرڈری ہولی سے شادی کی تھی ، اور ایلن آئزنسٹڈٹ ، جنہوں نے ہربرٹ کوہن سے شادی کی تھی۔,ان کے بچے باربرا تھے ، جنہوں نے ڈیئرڈری ہولی سے شادی کی تھی۔ گلیڈیز آئزنسٹڈٹ ؛ ایرا آئزنسٹڈٹ ، جس نے ہربرٹ کوہن سے شادی کی تھی۔ اور ایلن آئزنسٹڈٹ ، جنہوں نے مارون آئزنسٹڈٹ سے شادی کی۔,0
6290,ہنٹر نے فورا. اپنے والد ، زیک میک گائر (چارلی کلاؤسن) اور ایوی کو بتایا۔,اپنے والد ، زیک میک گائر (چارلی کلاؤسن) اور ایوی کو فورا. ہی بتائیں۔,1
6302,روری جیننگز ، جو ٹومی کونولی کا کردار ادا کرتے ہیں ، نے بڑی ختم ہونے والی پروڈکشن میں نوعمر ڈیووروس کا کردار ادا کیا۔,روری جیننگز ، جو ٹومی کونولی کا کردار ادا کرتے ہیں ، بگ فائنش پروڈکشن میں نوعمروں کا کردار ادا کرتے ہیں۔,1
6305,اس کے بعد اسی طرح کے پلاٹ `` ڈو اوور '' کے ساتھ ڈبلیو بی پروگرام سے موازنہ کیا گیا ، `` یہ اکثر دو اقساط کو ختم کرنے کے بعد اکثر ہوتا تھا۔,اکثر اسی طرح کے پلاٹ کے ساتھ ڈبلیو بی پروگرام کے مقابلے میں ، `` ڈو اوور '' ، `` وہ تھا '' پھر '' صرف دو نتائج کے بعد اسقاط حمل کیا گیا۔,0
6312,برطانیہ کے ایک دورے کا آغاز مئی 1983 میں ہوا تھا ، جس میں اضافی پرفارمنس کے لئے براہ راست گٹارسٹ رابن جارج کی خاصیت تھی۔,مئی 1983 میں ، براہ راست گٹارسٹ رابن جارج کے ساتھ برطانیہ کے دورے نے اضافی پرفارمنس کے لئے آغاز کیا۔,1
6315,مسترد اور نظرانداز بچوں دونوں کے منفی معاشرتی ترجیحی اسکور تھے ، لیکن صرف مسترد بچوں کا زیادہ معاشرتی اثر پڑا۔,مسترد اور نظرانداز بچوں دونوں کی منفی معاشرتی ترجیح تھی ، لیکن صرف مسترد بچوں کا زیادہ معاشرتی اثر پڑا۔,1
6321,اگر کسی جملے میں بہت سے گرائمیکل زمرے موجود ہیں تو ، صرف پہلا ہی جمع مارکر پہنتا ہے۔,اگر کسی جملے میں بہت سے گرائمیکل زمرے ہوتے ہیں تو ، صرف پہلا ہی کثرت کا نشان ہوتا ہے۔ سابق :,1
6323,بالوہی بنیادی طور پر فرانس میں اور پیرس کے ساتھ ساتھ جنوبی افریقہ میں بھی موجود ہے۔,بالوہی بنیادی طور پر پیرس اور فرانس کے ساتھ ساتھ جنوبی افریقہ میں بھی موجود ہے۔,0
6325,یہ ذخیرہ وادی گوئٹ میں تعمیر کردہ دو ذخائر میں سے پہلا تھا ، دوسرا ایرر ووڈ کا ذخیرہ۔,ذخائر ایر ووڈ ریزروائر میں دو ذخائر میں پہلا تھا ، دوسرا وادی گوئٹ تھا۔,0
6330,پیٹلجروی نیشنل پارک فن لینڈ کے شمالی کیریلیا کے علاقے الومانسی کا ایک قومی پارک ہے۔,پیٹلجروی نیشنل پارک فن لینڈ کے شمالی کیریلیا کے علاقے الومانسی کا ایک قومی پارک ہے۔,1
6334,رشی کا ایک بیٹا ، کلارک تھا ، جو 3 اپریل 2007 کو پیدا ہوا تھا۔ مائکروکوموس پر ایک جرابوں اور سینڈل ای پی - میوزک کا نام اس کے لئے رکھا گیا تھا ، رشی سنیچر۔,رشی کا ایک بیٹا ، کلارک تھا ، جو 3 اپریل 2007 کو پیدا ہوا تھا۔ مائکروکومسم میوزک پر جرابوں اور سینڈل ای پی کا نام اس کے لئے نامزد کیا گیا تھا ، رشی زحل۔,1
6336,یا تو اس سے قاصر ہے یا کسی کو اپنے چرچ سے بھیجنے کے لئے تیار نہیں ، بت اللہ نے واضح طور پر مشورہ دیا کہ اس کے بجائے مارک ہندوستان جا سکتا ہے۔,مارک یا تو اس سے قاصر تھا یا کسی کو اپنے چرچ سے کسی کو بھیجنے کے لئے تیار نہیں تھا ، اور واضح طور پر تجویز کیا تھا کہ اس کی بجائے آہٹاللہ ہندوستان جاسکتی ہے۔,0
6347,مثال کے طور پر سنگ میل ورلڈ سیریز چیمپیئن ٹیم کو شکست دے رہے ہیں ، تاریخی ٹیمیں کھیل رہے ہیں اور دوسرے کھلاڑیوں کو سر ہلا رہے ہیں۔,مثال کے طور پر سنگ میل ورلڈ سیریز چیمپیئن ٹیم کو شکست دے رہے ہیں ، تاریخی ٹیمیں کھیل رہے ہیں اور دوسرے کھلاڑیوں کو سر ہلا رہے ہیں۔,1
6349,یہ پیچری کریک میں بہتا ہے ، جو پھر پننگوں اور رفتار کے جنوب میں دریائے چٹاہوچی میں بہتا ہے۔,یہ پیچری کریک میں بہتا ہے ، جو پھر پننگوں اور رفتار کے جنوب میں ، دریائے چٹاہوچی میں خالی ہوجاتا ہے۔,1
6362,دریائے جیوروک رومانیہ میں دریائے میگیرس کی ایک معاون ہے۔,دریائے جیوروک رومانیہ میں دریائے میگرو ş کی ایک معاون ہے۔,1
6363,برکین ہیڈ وارف آئرن کوو برج سے ملحق ہے اور برکن ہیڈ پوائنٹ فیکٹری آؤٹ لیٹ سنٹر کے قریب ہے ، جو ایک منٹ کی دوری پر ہے۔,برکن ہیڈ وارف آئرن کوو برج کے ساتھ ہی ہے اور برکن ہیڈ پوائنٹ فیکٹری آؤٹ لیٹ سنٹر کے قریب ہے ، جو ایک منٹ کی دوری پر ہے۔,1
6368,وہ جان اسکاٹ کا بیٹا تھا اور ان کی اہلیہ جین اسکاٹ ، تھامس کیرنس کی بیٹی تھی۔,وہ تھامس کیرنس کا بیٹا تھا اور ان کی اہلیہ ، جین اسکاٹ ، جان سکاٹ کی بیٹی تھی۔,0
6369,لوساگبیور (پہلے لوساکپائور کے طور پر رومانیا ہوا تھا ، اس کے علاوہ ، سوانوردی اور سوون) صوبہ آرمینیا کا ایک گاؤں ہے۔,لوساگبیور (پہلے لوساکپائور کے طور پر رومانیا ہوا ؛ سوانورڈی اور سوون) صوبہ آرمینیا کا ایک گاؤں ہے۔,1
6371,ان کی چودہ فلموں کے تھیمز کے ساتھ ایک سی ڈی فلپ پاورز نے 2008 میں شائع کی تھی اور اسے 1M1 ریکارڈز نے تیار کیا تھا۔,ان کی چودہ فلموں کے تھیمز والی سی ڈی فلپ پاورز نے 2008 میں تیار کی تھی اور اسے 1M1 ریکارڈز نے شائع کیا تھا۔,0
6387,NEXCT کے مالک اسٹین برہے تھے ، جو ماہر فلکیات ٹائیج برہے کا بھائی تھے۔,NEXCT کا مالک ٹائج برہے تھا ، جو ماہر فلکیات اسٹین برہے کا بھائی تھا۔,0
6388,مونو میٹرک فینینترینائڈ 8،8 '- بائیڈھائڈروجنکوسول اور ڈائمریک جنکوسول اور ڈیہائڈروجنکوسول کو `` J. Acutus' 'سے الگ کیا جاسکتا ہے۔,ڈائمر فینتھرنائڈ 8،8 '؛ - بائیڈھائڈروجنکوسول اور مونوومریک جنکوسول اور ڈیہائڈروجنکوسول کو `` J. Actus '' سے الگ کیا جاسکتا ہے۔,0
6390,اسی سال میں ، لارکو ہوئل کو اپنے چچا ، وکٹر لکو ہیریرا سے کچھ مشورہ ملا ، جو لیما میں پہلے میوزیم کے بانی ہیں۔,اسی سال کے دوران ، لارکو ہوئل کو اپنے چچا ، وکٹر لکو ہیریرا سے کچھ مشورے موصول ہوئے ، جو لیما میں پہلے میوزیم کے بانی ہیں۔,1
6397,زیون اسکوائر کو '' ہمیشہ ہجوم ، ہمیشہ پاگل `` کے طور پر بیان کیا گیا ہے۔,زیون اسکوائر کو `` ہمیشہ پاگل ، ہمیشہ ہجوم 'کے طور پر بیان کیا گیا ہے۔,1
6400,1943 میں ، اینڈرسن کیلیفورنیا کے ریڈونڈو بیچ میں پیدا ہوئے ، اور کیلیفورنیا کے آکلینڈ سے آئے تھے۔,اینڈرسن 1943 میں کیلیفورنیا کے اوکلینڈ میں پیدا ہوئے تھے اور وہ کیلیفورنیا کے ریڈونڈو بیچ سے ہیں۔,0
6402,ساؤنڈ ٹریک کو دیوا نے تشکیل دیا تھا اور ویراموتھو اور سیمن کے لکھے ہوئے دھنوں نے تشکیل دیا تھا۔,ساؤنڈ ٹریک دیوا اور دھن نے ویراموتھو اور سیمن نے لکھا تھا۔,0
6405,جیف اسکاٹ نے اناؤنسر کی حیثیت سے خدمات انجام دیں اور ڈیوڈ ہیس پروپیٹر نے کیپیلا گانے میں سامعین کی رہنمائی کی۔,ڈیوڈ ڈیوڈ ہیس پروپیٹر نے اعلان کنندہ کی حیثیت سے خدمات انجام دیں ، اور جیف اسکاٹ نے ایک کیپیلا گانے میں سامعین کی رہنمائی کی۔,0
6406,اس کے ساتھ ہی ایک قسم کی والار آواز ہے جو کچھ بولی جانے والی زبانوں میں بین الاقوامی صوتی حروف تہجی میں علامت استعمال ہوتی ہے ، جو اس آواز کی نمائندگی کرتی ہے۔,ویلار - انفیکٹیو ایک قسم کی متضاد آواز ہے جو کچھ بولی جانے والی زبانوں میں بین الاقوامی صوتی حروف تہجی میں علامت استعمال ہوتی ہے جو اس آواز کی نمائندگی کرتی ہے۔,0
6410,سیمی ڈونس ریپائڈس پیرش کے جنوب میں واقع ایوئیلس پیرش میں اپنی والدہ ایفی کی آبائی برادری میں پیدا ہوئے تھے۔,سیمی ڈاونس اپنی والدہ ، ایفی کی آبائی برادری میں ، ایوئیلس پیرش کے جنوب میں ، ریپڈس پیرش میں پیدا ہوئے تھے۔,0
6415,کلب ہاؤس کو کرٹس نے اس وقت کی بڑی رقم $ 60،000 کے لئے تعمیر کیا تھا ، اور اسے برائے نام فیس کے لئے کلب میں کرایہ پر دیا تھا۔,کلب ہاؤس کرٹس نے اس وقت ، 000 60،000 کی رقم کے لئے تعمیر کیا تھا ، اور اسے کلب کو بڑی فیس کے لئے جانے دیں۔,0
6417,کارنیلیس اولاتونجی ادیبیو نائیجیریا کے سابق سینیٹر ہیں ، جو ریاستی گورنر تھے ، اور بعد میں وہ نائیجیریا کی وفاقی وزارت مواصلات کے سربراہ بن گئے۔,کارنیلیس اولاتونجی ادیبیو نائیجیریا کے سابق سینیٹر ہیں ، جو گورنر تھے اور بعد میں نائیجیریا کے وفاقی وزارت مواصلات کے سربراہ بن گئے۔,1
6419,سیتو سیتو نیکو کوارٹیٹ کے رہنما ہیں ، اور وہ موسیقار رنگو شینا کے ساتھ اپنے بہت سے تعاون کے لئے مشہور ہیں۔,سیٹو سیتو نیکو کوارٹیٹ کے سربراہ ہیں اور موسیقار رنگو شینا کے ساتھ اپنے بہت سے تعاون کے لئے مشہور ہیں۔,1
6420,انگریزی خانہ جنگی کے دوران ، 1645 میں نیوپورٹ پیگنیل سے تعلق رکھنے والی ایک پارلیمانی فورس نے فنمیر میں تعینات اٹھارہ شاہیوں کی ٹرین کو حیرت میں ڈال دیا۔,انگریزی خانہ جنگی کے دوران ، فنمیر سے تعلق رکھنے والی ایک پارلیمانی قوت نے 1645 میں نیوپورٹ پیگنیل میں تعینات اٹھارہ شاہیوں کی ٹرین کو حیرت میں ڈال دیا۔,0
6421,پوڈکریوا ň وسطی سلوواکیا کے بنسک بیسٹسٹریکا کے علاقے ، ڈیٹوا ضلع میں ایک گاؤں اور میونسپلٹی ہے۔,پوڈکریوا ň اس خطے میں ایک گاؤں اور میونسپلٹی ہے جو وسطی سلوواکیہ کے ضلع ڈیٹوا میں واقع بنسک بیسٹسٹریکا ہے۔,0
6427,نادیج ڈو باسپرٹس ایک فرانسیسی ماڈل اور `` اٹلیہ کے نیکسٹ ٹاپ ماڈل '' کے سابق جج ہیں ، جو جیورجیو ارمانی اور گیانی ورسیسی کا میوزک ہے۔,نادیج ڈو باسپرٹس ایک فرانسیسی ماڈل اور سابق جج ہیں `` اٹلیہ کے نیکسٹ ٹاپ ماڈل '' پر۔ وہ جیورجیو ارمانی اور گیانی ورسیس کا میوزک تھا۔,1
6428,شوک ایک زیرزمین آزادانہ طور پر تیار کردہ برطانوی میوزک میگزین تھا ، جو لندن میں مقیم تھا ، جس میں بلیک میوزک اور الیکٹرانک میوزک کی مختلف شکلیں شامل تھیں۔,شوک ایک الیکٹرانک میوزک میگزین تھا ، جو لندن میں مقیم تھا ، جس میں برطانوی اور بلیک میوزک کی مختلف شکلوں کا احاطہ کیا گیا تھا۔,0
6429,اسپرٹا میں اپنی بنیادی اور ثانوی تعلیم کے بعد انہوں نے استنبول میں پرٹیوینیال ہائی اسکول مکمل کیا۔,استنبول میں اپنی بنیادی اور ثانوی تعلیم کے بعد ، اس نے اسپرٹا میں پرٹیوینیال ہائی اسکول مکمل کیا۔,0
6436,فلموں میں ، مزاحیہ فریموں کے اندر رواج اور تعلیمی حالات کی اسکول کی کہانیاں اس سے پہلے کی تحریروں سے کنفیوشزم کے طنز میں اچھی طرح سے فٹ بیٹھتی ہیں۔,فلموں میں ، مزاحیہ فریموں کے اندر آداب اور تعلیمی حالات کی اسکول کی کہانیاں اس سے پہلے کی تحریروں سے کنفیوشزم پر طنز میں اچھی طرح سے فٹ بیٹھتی ہیں۔,1
6440,بعد میں وہ سوئٹزرلینڈ اور پھر اٹلی چلا گیا جہاں اس نے شیلی اور بائرن سے ملاقات کی۔,اس کے بعد وہ سوئٹزرلینڈ اور بعد میں اٹلی چلا گیا ، جہاں اس نے شیلی اور بائرن سے ملاقات کی۔,0
6445,اس فلم میں آسکر نیوز ، روب ہیوبل ، تیموتھی چالمیٹ ، للی ربی ، انتھونی کوئنٹل ، اور للی رین ہارٹ ہیں۔,فلمی ستارے آسکر نیوز ، روب ہیوبل ، تیمتھی چیلمیٹ ، للی ربی ، انتھونی کوئنٹل اور للی رین ہارٹ۔,1
6447,کارلٹن ہاؤس کو 1909 میں بریجٹ ہوران نے حاصل کیا تھا ، پھر 1917 میں ٹومومبا کے ایک فاتح جان لڈی اور 1924 میں ٹومومبا سے ولیم گلوور نے 1924 میں حاصل کیا تھا۔,کارلٹن ہاؤس کو برجٹ ہوران نے 1909 میں حاصل کیا تھا ، پھر جان لڈی ، جو 1917 میں ٹومومبا وکٹولر تھا ، اور 1924 میں ٹومومبا کے ولیم گلوور نے حاصل کیا تھا۔,1
6448,جان سوکول (پیدائش 9 اکتوبر 1933) ایک سلوواک بشپ اور ٹرنوا کا سابق آرچ بشپ ہے۔,جان سوکول (پیدائش 9 اکتوبر 1933) ٹرنوا کا سابق بشپ اور آرچ بشپ ہے۔,0
6456,دونوں بیٹیوں نے 1976 میں توسکا میں فوت ہونے سے پہلے اور 1981 میں جینیر نے کیا تھا۔,دونوں بیٹیوں نے ان کی وفات سے پہلے ، 1976 میں توسکا اور 1981 میں جینیر نے کیا تھا۔,1
6457,اس آبادی میں ، 87.91 ٪ نسلی رومانیہ ہیں ، 7.53 ٪ نسلی ہنگری اور 4.43 ٪ نسلی رومانی ہیں۔,اس آبادی میں ، 87.91 ٪ نسلی رومانیہ ہیں ، 7.53 ٪ نسلی ہنگری ہیں اور 4.43 ٪ نسلی روما ہیں۔,1
6459,وہ 12 ستمبر 1943 کو ٹیکساس کے گالوسٹن سے روانہ ہوئی اور 16 ستمبر کو کلیدی مغرب پہنچی۔,وہ 12 ستمبر 1943 کو ٹیکساس کے گالوسٹن سے روانہ ہوئی اور 16 ستمبر کو کلیدی مغرب میں پہنچی۔,1
6467,پولیس نے جاری تفتیش کے ایک حصے کے طور پر گلوکار رمی ٹومی اور اداکار صدیق ، دونوں دلیپ اور ان کی اہلیہ کاویہ مادھاون کے دونوں قریبی دوست ، سے پوچھ گچھ کی۔,پولیس نے جاری تحقیقات کے ایک حصے کے طور پر گلوکار رمی ٹومی اور اداکار کاویہ مادھاون ، دونوں صدیق کے قریبی دوست اور ان کی اہلیہ دلیپ سے بھی پوچھ گچھ کی۔,0
6471,تیسرا ریڈیو ورژن بی بی سی کے ذریعہ مئی 2008 میں ولٹن کے ساتھ دوبارہ ڈف اور مصنف بیتھ کے طور پر نشر کیا گیا تھا۔,تیسرا ریڈیو ورژن بی بی سی نے ولٹن کے ساتھ بیت اور مصنف ڈف کے ساتھ مئی 2008 میں ادا کیا تھا۔,0
6472,نیکرسن ، ڈوکیٹ ، برونو ، اسکوف ، سینڈ اسٹون ، اور اسٹرجن جھیل کی جماعتیں سب کیرک کے قریب ہیں۔,برونو ، ڈوکیٹ ، نیکرسن ، اسکوف ، سینڈ اسٹون اور اسٹرجن جھیل کی جماعتیں سب کیرک کے قریب ہیں۔,1
6480,وہ 12 ستمبر 1943 کو ٹیکساس کے گالوسٹن سے روانہ ہوئی اور 16 ستمبر کو کلیدی مغرب پہنچی۔,وہ 12 ستمبر 1943 کو ٹیکساس کے گالوسٹن سے روانہ ہوئی اور 16 ستمبر کو کی ویسٹ میں ملاقات کی۔,1
6499,کیمپس وان چائی اور کینیڈی ٹاؤن میں واقع تھا۔ اگست 2013 میں اسکول سائی کنگ میں اپنی نئی مستقل سائٹ میں چلا گیا۔,کیمپس وان چائی اور کینیڈی ٹاؤن میں واقع تھا اور اگست 2013 میں اسکول سائی کنگ میں اپنے نئے مستقل مقام پر چلا گیا۔,1
6506,ٹلفورڈ ایلی ابتدائی کریب رابنسن دوست جان ٹول رٹ کا پوتا تھا۔,ٹلفورڈ ایلی کریب رابنسن کا پوتا تھا ، جو جان ٹول رٹ کا ابتدائی دوست تھا۔,0
6510,1963 میں ، رائے نے ہندوستان کی کمیونسٹ پارٹی میں شمولیت اختیار کی اور بنسروونی کے کولکتہ علاقے میں ٹریڈ یونین کی تحریکوں کی قیادت کی۔,رائے نے 1963 میں ہندوستان کی کمیونسٹ پارٹی میں شمولیت اختیار کی اور بانسڈرونی کے علاقے کولکتہ میں ٹریڈ یونین کی تحریکوں کی قیادت کی۔,1
6512,یہ تھا کہ ایسی پاور نے کہا ،,کہا جاتا ہے کہ ایسی پاور تھا ،,0
6513,ڈیوڈ 21 ستمبر 1933 کو کوونٹری میں اپنے جڑواں والد چارلس اور جیسامین رابنس کے ساتھ پیدا ہوا تھا ، جو آٹھویں اور نویں بچے رابنز کے بارہ بچے تھے۔,رابنس 21 ستمبر 1933 کو کوونٹری میں پیدا ہوا تھا ، اپنے جڑواں ڈیوڈ ، چارلس اور جیسامین رابنز کے بارہ کے آٹھویں اور نویں بچے کے ساتھ۔,0
6515,فرینک جیمز نے ایک مقامی کمپنی میں شمولیت اختیار کی جس میں علیحدگی پسند ڈریو لابس آرمی کے لئے بھرتی ہوا ، اور اگست 1861 میں ولسن کی کریک کی لڑائی میں لڑا۔,فرینک جیمز نے ایک مقامی سوسائٹی میں شمولیت اختیار کی جس میں علیحدگی پسند ڈریو لابس آرمی کے لئے بھرتی کیا گیا تھا ، اور اگست 1861 میں ولسن کی کریک کی لڑائی میں لڑا تھا۔,1
6516,ولیم لیویلین ولیمز کو لیویلین ولیمز (10 مارچ 1867 - 22 اپریل 1922) کے نام سے جانا جاتا ہے ، وہ ویلش صحافی ، وکیل اور بنیاد پرست لبرل پارٹی کے سیاستدان تھے۔,ولیم ولیمز ، جسے لیویلین ولیمز (10 مارچ ، 1867 ء - 22 اپریل ، 1922) کے نام سے جانا جاتا ہے ، وہ ایک بنیاد پرست صحافی ، وکیل اور ویلش لبرل پارٹی کے سیاستدان تھے۔,0
6521,اس نے کیوبا کے گٹار کے بجائے کیوبا کے ٹریس کھیلے اور اس ہسپانوی گٹار کے لئے اپنی اپنی تکنیک تیار کی۔,اس نے کیوبا کے گٹار کے بجائے کیوبا کے ٹریس کھیلے ، اور اس ہسپانوی گٹار کے لئے اپنی اپنی تکنیک تیار کی۔,1
6525,برگئی جسم کے مطابق ہے - آب و ہوا کی درجہ بندی ایک مرطوب سب ٹراپیکل آب و ہوا: سب سے کم 36 ° C اور سب سے زیادہ 4 ° C۔,کوپن آب و ہوا کی درجہ بندی کے مطابق بیرگی میں ایک مرطوب سب ٹراپیکل آب و ہوا ہے۔ سب سے کم 36 ° C اور سب سے زیادہ 4 ° C,1
6526,رابرٹ گولڈسبورو 3 اکتوبر 1937 کو شکاگو میں آرکیٹیکٹ رابرٹ ونسنٹ گولڈسبورو اور ولما (جنک) گولڈسبورو کے بیٹے کی حیثیت سے پیدا ہوئے تھے۔,رابرٹ ونسنٹ گولڈسبورو 3 اکتوبر 1937 کو شکاگو میں پیدا ہوئے ، معمار رابرٹ گولڈسبورو اور ولما (جنک) گولڈسبورو کا بیٹا تھا۔,0
6529,اس کی آزادی سے پہلے ، امپیریل روس فن لینڈ کے اندر ایک خود مختار گرینڈ ڈچی تھا۔,امپیریل روس اپنی آزادی سے قبل فن لینڈ کے اندر ایک خودمختار گرینڈ ڈچی تھا۔,1
6531,اچیل ڈیوریہ نے جین کورالی کے ساتھ ایڈول ڈومیلٹری کو ڈریو کیا۔,جین کورالی اچلی ڈیوریہ ایڈول ڈومیلٹری ڈریو کے ساتھ۔,0
6543,وہ ہمارے لئے دعا کرنے کے لئے موجود تھے ، اور وہ ہم سے لطف اندوز ہونے کے لئے موجود تھے۔,وہ ہم سے لطف اندوز ہونے کے لئے وہاں موجود تھے اور وہ ہمارے لئے دعا کے لئے موجود تھے۔,1
6544,کیوبا میں اس کی کاشت 1880 میں ، میتنزاس میں فرنینڈو ہائڈرک نے متعارف کروائی تھی۔,اس کی کاشت 1880 میں کیوبا میں فرنینڈو ہائڈرک نے متعارف کروائی تھی۔,0
6545,1984 کے بعد سے پیٹریسیا ڈیل کی شادی پیٹریسیا میئر سے ہوئی ہے اور ان کے ساتھ مل کر ان کے دو بیٹے ہیں: ریان (پیدائش 1988) اور بلیک (1992 میں پیدا ہوا)۔,ڈیل کی شادی 1984 سے پیٹریسیا میئر سے ہوئی ہے اور ان کے ساتھ مل کر دو بیٹے ہیں: ریان (پیدائش 1988) اور بلیک (پیدائش 1992)۔,1
6553,جان ریڈ کنگ اعلان کنندہ تھے ، اور رے بلوچ نے آرکسٹرا کی ہدایت کی۔,رے بلوچ اعلان کنندہ تھے ، اور جان ریڈ کنگ نے آرکسٹرا کی قیادت کی۔,0
6556,دریائے جیمرٹلوئی رومانیہ میں دریائے بریزا کی ایک معاون ہے۔,دریائے بریزا رومانیہ میں دریائے جیمرٹلوئی کی ایک معاون ہے۔,0
6570,آرچ بشپ سیگھی کو 16 مئی ، 1485 کو مقرر کیا گیا تھا اور اسے 1487 میں تقویت ملی تھی ، اور 20 یا 20 دسمبر 1501 کو اس کی موت ہوگئی۔,آرچ بشپ سیگھی کو 16 مئی 1485 کو مقرر کیا گیا تھا اور اسے 1487 میں تقویت ملی تھی۔ وہ 20 یا 20 دسمبر 1501 کو یا تو فوت ہوگیا۔,1
6571,سیزن 2008 - 09 کولوراڈو ہمسھلن فرنچائز کا 37 واں سیزن تھا ، نیشنل ہاکی لیگ میں 14 ویں اور کولوراڈو برفانی تودے کے طور پر 30 ویں نمبر پر تھا۔,2008 - 09 کولوراڈو برفانی تودے کا سیزن فرنچائز کا 37 واں سیزن ، نیشنل ہاکی لیگ میں 14 واں ، اور کولوراڈو برفانی تودے کے طور پر 30 واں تھا۔,1
6572,یہ ورجینیا کے روانوک سے 20 میل شمال مغرب میں اور ورجینیا کے گلاسگو سے تقریبا دو میل جنوب مشرق میں ہے۔,یہ ورجینیا کے روانوک سے 20 میل شمال مغرب میں اور ورجینیا کے گلاسگو سے تقریبا دو میل جنوب مشرق میں ہے۔,1
6574,ہینز کوہوت نے عظیم الشان خود کو بچپن کے ایک عام مرحلے پر ایک تعی .ن کے طور پر دیکھا ، جبکہ دوسرے پوسٹ فریوڈینوں نے جارحیت اور جرائم میں تعی .ن کے کردار کی تحقیقات کی۔,ہینز کوہوت نے عام بچپن کے مرحلے پر ایک عظیم الشان خود کو ایک تعی .ن کے طور پر دیکھا۔ جبکہ دوسرے پوسٹ فریوڈینوں نے جارحیت اور جرائم میں تعی .ن کے کردار کی کھوج کی۔,1
6578,اس گروپ نے بڑے پیمانے پر کھیلا اور اسرائیل میں مشہور ہوا اور یہاں تک کہ 2007 میں نیو یارک شہر میں اس کا دورہ کیا۔,اس گروپ نے بڑے پیمانے پر کھیلا اور اسرائیل میں مشہور ہوا ، اور یہاں تک کہ 2007 میں نیو یارک شہر میں بھی گیا۔,1
6593,یہ بات بھی قابل غور ہے کہ مندرجہ ذیل کوڈ ADL کے بغیر کام کرے گا (یہ بہرحال اس پر لاگو ہوتا ہے)۔,یہ بات بھی قابل غور ہے کہ مندرجہ ذیل کوڈ ADL کے بغیر کام کرے گا (یہ بہرحال اس پر لاگو ہوتا ہے)۔,1
6596,کرس سیوی کی سوانح حیات مانچسٹر کے مصنف میک مڈلز نے لکھی تھی ، اور اسے نومبر 2014 میں شائع کیا گیا تھا۔,کرس سیوی کی ایک سوانح حیات مانچسٹر کے مصنف میک مڈلز نے لکھی تھی اور اسے نومبر 2014 میں شائع کیا گیا تھا۔,1
6604,1953 میں ، تیمتھیس ڈیٹوڈامو ایک طویل علالت کے بعد فوت ہوگئے ، اور ان کی جگہ ریمنڈ گڈابو نے ہیڈ چیف کی حیثیت سے لے لی۔,1953 میں تیمتھیس ڈیٹوڈامو ایک طویل علالت کے بعد انتقال کر گئے ، اور ریمنڈ گڈابو کے ذریعہ ہیڈ چیف کی حیثیت سے کامیاب ہوگئے۔,1
6612,ایڈوانس بینک (اور اس کے ماتحت ادارہ بنکا) کو 1997 میں سینٹ جارج بینک نے ایک بار پھر سنبھال لیا تھا۔,سینٹجورج بینک (اور اس کے ماتحت ادارہ بنکسا) کو 1997 میں ایڈوانس بینک نے ایک بار پھر سنبھال لیا۔,0
6618,29 نومبر 1171 کو ، گونزالو روئز ڈی بوریبا نے پہلی بار `` گونزالو '' کے طور پر ایک چارٹر پر دستخط کیے۔,29 نومبر 1171 کو ، گونزالو روئز ڈی بوریبا نے پہلی بار گونزالو کے نام سے ایک سرٹیفکیٹ پر دستخط کیے۔,1
6620,20 فروری 1959 کو ، وزیر اعظم جان ڈفین بیکر نے اس منصوبے کو مکمل کیا اور پانچ ختم شدہ تیروں کو ختم کردیا گیا۔,20 فروری ، 1959 کو وزیر اعظم جان ڈفین بیکر نے اس منصوبے کو ختم کیا اور پانچوں کو ختم کرنے والے تیر مکمل ہوگئے۔,0
6622,مزید برآں ، چیمپیئن کوفی کنگسٹن ، دی میز اور جیک سویگر کے مابین ریاستہائے متحدہ امریکہ کی چیمپینشپ کے لئے ٹرپل دھمکی کا میچ تھا۔,اس کے بعد چیمپیئن جیک سویگر ، میز اور کوفی کنگسٹن کے مابین ریاستہائے متحدہ چیمپینشپ کے لئے ٹرپل دھمکی کا میچ تھا۔,0
6624,دو جزوی طور پر تباہ آرمینیائی گرجا گھروں کی باقیات سوویت دور کے اختتام پر ابھی بھی محفوظ تھیں۔,سوویت دور کے اختتام پر اب بھی دو آرمینیائی گرجا گھروں کی باقیات جزوی طور پر تباہ ہوگئیں۔,0
6627,وکی کے ساتھ ایک بار پھر اس کے متنازعہ شناختی عارضے کے زیر اثر ، اس کی برفیلی متبادل شخصیت جین رینڈولف ڈیوڈ نے ٹینا سے آزادی کے بدلے میں خود کو طلاق دینے پر مجبور کیا۔,وکی کے ساتھ ایک بار پھر اس کی الگ الگ شناخت کی خرابی کی شکایت کے تحت ، اس کی برفیلی متبادل شخصیت جین رینڈولف ڈیوڈ کو اپنی آزادی کے بدلے ٹینا کو طلاق دینے پر مجبور کرتی ہے۔,0
6628,انہوں نے آسٹریلیا میں اپنے کیریئر کے شروع میں کھیلا ، لیکن وکٹورین اسٹیٹ لیگ میں فرینکسٹن سٹی کے لئے کھیلنے کے لئے اسکاٹ لینڈ چلا گیا۔,انہوں نے اپنے کیریئر کے شروع میں اسکاٹ لینڈ میں کھیلا ، لیکن فرینکسٹن سٹی کے لئے وکٹورین اسٹیٹ لیگ میں کھیلنے کے لئے آسٹریلیا چلا گیا۔,0
6630,ان کا انتخاب 1967 کے این بی اے ڈرافٹ کے 77 ویں راؤنڈ (مجموعی طور پر 7 ویں انتخاب) میں فلاڈیلفیا 76ers نے کیا تھا۔,ان کا انتخاب 1967 کے این بی اے ڈرافٹ کے 7 ویں راؤنڈ (مجموعی طور پر 77 ویں چن) میں فلاڈیلفیا 76ers نے کیا تھا۔,0
6637,پرواز میں بتایا گیا کہ سمندری طوفان کتنا وسیع تھا ، جس میں ایک چھوٹی سی آنکھ بھی شامل ہے۔,پرواز میں بتایا گیا کہ سمندری طوفان کتنا وسیع تھا ، جس میں ایک چھوٹی سی آنکھ بھی شامل ہے۔,1
6639,وہ اس رات اسٹیشن کا سفر کرتا ، جو ٹیکمسہ کے مغرب میں واقع تھا ، اور پھر اس کے پڑوسیوں کو مشکوک ہونے سے پہلے کسی دوسرے گھوڑے کے ساتھ وایلیٹ اسپرنگس میں واپس آجاتا۔,وہ اس رات ٹیکمسہ کے مغرب میں واقع اسٹیشن پر سوار ہوتا ، پھر اس سے پہلے کہ اس کے پڑوسیوں کو مشکوک ہوسکتا ہے اس سے پہلے کسی دوسرے گھوڑے کے ساتھ وایلیٹ اسپرنگس میں واپس آجائے گا۔,1
6640,یہ پنچکولا سٹی کے چندیمندیر کنٹونمنٹ ایریا کی خدمت کرتا ہے۔,یہ چاندیمندیر کنٹونمنٹ سٹی کے پنچکولا کے علاقے میں کام کرتا ہے۔,0
6643,جب کہ 33D فائٹر گروپ غیر فعال تھا ، اسے 33D ٹیکٹیکل فائٹر گروپ کے طور پر 33D ٹیکٹیکل گروپ کے ساتھ مستحکم کیا گیا تھا۔,جب کہ 33 ڈی ٹیکٹیکل گروپ غیر فعال تھا ، اسے 33D فائٹر گروپ کے ساتھ 33D ٹیکٹیکل فائٹر گروپ کے طور پر مستحکم کیا گیا تھا۔,0
6644,لائبریری آف کانگریس اور ورلڈ کیٹ ریکارڈ اصل میں بیٹے کے لئے (1915 - 1971) برائے نام برائے نام گروور سی ہال اور کنبے دونوں سے ہے۔,اپنے بیٹے (1915 - 1971) کے لئے لائبریری آف کانگریس اور ورلڈ کیٹ ریکارڈز کا تعلق گروور سی ہالوں اور کنبے دونوں سے ہے۔,1
6649,دو چھوٹے آزاد لیگ صرف چند ممبروں کے ساتھ باقی ہیں: گرامپین الائنس لیگ اور ہائی لینڈ الائنس لیگ۔,دو چھوٹے آزاد لیگ باقی ہیں ، صرف ایک مٹھی بھر ممبران کے ساتھ: ہائی لینڈ الائنس لیگ اور گرامپین الائنس لیگ۔,1
6652,کیبوٹ ٹریل - قسط کو کیپ بریٹن میں سائٹ پر فلمایا گیا تھا ، جس میں مشرقی ساحل کے ساتھ ساتھ پیگیس کوو اور نووا اسکاٹیا کے ہائی لینڈز بھی شامل ہیں۔,ایسٹ کوسٹ کے واقعہ کو نووا اسکاٹیا میں کیبوٹ ٹریل کے ساتھ گولی مار دی گئی ، جس میں پیگیس کوو اور کیپ بریٹن کے پہاڑیوں شامل ہیں۔,0
6655,ریٹزیئس اسٹاک ہوم میں پیدا ہوا تھا ، اناٹومیسٹ اینڈرس ریٹزیئس (اور فطرت پسند اور کیمسٹ اینڈرس جاہان ریٹزیئس کے پوتے) کا بیٹا تھا۔,ریٹزیئس اسٹاک ہوم میں پیدا ہوا تھا ، اناٹومیسٹ اینڈرس جہاں ریٹزیئس (اور نیچرلسٹ اور کیمسٹ اینڈرس ریٹزیئس کا پوتا) کا بیٹا تھا۔,0
6656,ملیٹ نے لیٹ کامبی ریگس کی جان الڈ ورتھ کی بیوہ ، برک شائر اور تھامس وائٹ کی بیٹی مریم الڈ ورتھ سے 1664 تک فیلڈ برک شائر سے شادی کی۔,ملیٹ نے لیٹ کامبی ریگس کے جان ایلڈ ورتھ کی بیوہ مریم ایلڈ ورتھ سے شادی کی ، برک شائر اور 1664 تک فیلڈ برک شائر کے تھامس وائٹ کی بیٹی۔,1
6657,یہ ایک غیر ملکی جزیرہ بافن ہے - جزیرہ کارنیلیس گرنیل بے میں واقع ہے۔,یہ کارنیلیس گرنیل بے آف شور جزیرہ ہے جو بفن جزیرے میں واقع ہے۔,0
6666,بلیک کی شادی 1984 سے پیٹریسیا میئر سے ہوئی ہے اور ان کے ساتھ مل کر دو بیٹے ہیں: ریان (پیدائش 1988) اور ڈیل (پیدائش 1992)۔,1984 کے بعد سے بلیک کی شادی پیٹریسیا میئر سے ہوئی ہے اور ان کے دو بیٹے ہیں: ریان (پیدائش 1988) اور ڈیل (پیدائش 1992)۔,1
6668,13 جون ، 1987 کو ، `` ریٹرر '' جاپان میں تقسیم کیا گیا ، جہاں اسے توہو نے جاری کیا۔,13 جون 1987 کو جاپان میں `` ریٹرر '' تقسیم کیا گیا تھا جہاں اسے توہو نے جاری کیا تھا۔,1
6671,اس البم میں اس مواد کا ایک ریمکس شامل ہے جو اصل میں نرس کے ذریعہ زخم کے ساتھ ملا ہوا تھا اور 2007 میں منقطع ہونے کے ناطے جاری کیا گیا تھا۔,اس البم میں اس مواد کا ریمکس شامل ہے جو اصل میں نرس کے ذریعہ زخم کے ساتھ ملا ہوا تھا اور 2007 میں منقطع ہونے کے ناطے جاری کیا گیا تھا۔,1
6674,اس ریزرویشن کو ہمیشہ ہی ان کی عظمت کی حکومت نے یروشلم کے ویلائیٹ اور بیروت کے آزاد سنجک کا احاطہ کرنے کے طور پر سمجھا ہے۔,اس ریزرویشن کو ہمیشہ ان کی عظمت کی حکومت نے یروشلم کی ولیت اور بیروت کا آزاد سنجک سمجھا تھا۔,1
6679,بیڈجیلرٹ نارتھ ویلز میں گیوینڈڈ ، لیلن دیناس کے قریب ایک جھیل ہے ، جو دریائے گلاسین نے تشکیل دی ہے۔,لِن ڈینس نارتھ ویلز میں گیوینڈڈ ، بیڈجلرٹ کے قریب ایک جھیل ہے اور یہ دریائے گلاسین نے تشکیل دی ہے۔,0
6680,باس بیس لینڈ 1964 سے کاؤنٹ باسی اور اس کے آرکسٹرا کا ایک اسٹوڈیو البم ہے ، جسے بلی بائیرس نے تشکیل دیا اور ترتیب دیا ہے۔,لینڈ باسی لینڈ بلی بائیرز اور اس کے آرکسٹرا کا 1964 کا اسٹوڈیو البم ہے ، جسے کاؤنٹ باسی نے تشکیل دیا اور ترتیب دیا ہے۔,0
6685,فیئر اوکس سیکرامنٹو اور فولسوم کے مابین (38.651254 ، -121.259279) پر واقع ہے۔,فیئر اوکس سیکرامنٹو اور فولسوم (38.651254 ، -121.259279) کے درمیان واقع ہے۔,1
6688,کیپٹن کیسین کا انتقال واشنگٹن ، ڈی سی میں ہوا۔ اسے آرلنگٹن نیشنل قبرستان میں سپرد خاک کردیا گیا ، لیکن بعد میں وہ واشنگٹن چلے گئے۔,کیپٹن کیسین کا انتقال واشنگٹن ، ڈی سی میں ہوا۔ انہیں واشنگٹن میں سپرد خاک کردیا گیا ، لیکن بعد میں وہ آرلنگٹن نیشنل قبرستان منتقل ہوگئے۔,0
6690,گوگارک گریٹر آرمینیا کا 13 واں صوبہ تھا۔ اب اس میں شمالی آرمینیا ، شمال مشرقی جارجیا اور جنوب مغربی ترکی کے کچھ حصے شامل ہیں۔,گوگارک (،) گریٹر آرمینیا کا 13 واں صوبہ تھا اور اب اس میں شمالی آرمینیا ، شمال مشرقی ترکی اور جنوب مغربی جارجیا کے کچھ حصے شامل ہیں۔,0
6694,سینٹ لوئس میں عام طور پر پائے جانے والے فوسلز میں رگوسن مرجان `` لیتھوسٹروشن '' اور `` لیتھوسٹروشنیلا '' اور برائوزوان `` Fenestrellina '' شامل ہیں۔,فوسلز ، جو اکثر سینٹ لوئس میں پائے جاتے ہیں ، ان میں برائوزان - مرجان '' لیتھوسٹروشن `` اور '' لیتھوسٹروشنیلا `` اور روگوسان '' فینسٹرییلینا `شامل ہیں۔,0
6699,1932 میں سویڈش آئس ہاکی چیمپینشپ نے سویڈن کی قومی چیمپیئن شپ سویڈش آئس ہاکی چیمپیئن شپ کا 11 واں سیزن جیتا۔ ہماربی اگر چیمپئن شپ تھی۔,1932 کی سویڈش آئس ہاکی چیمپیئن شپ سویڈش آئس ہاکی چیمپیئن شپ کا 11 واں سیزن ، سویڈش نیشنل چیمپیئن شپ ، ہماربی نے چیمپئن شپ جیت لی۔,0
6701,ہوٹزر رجمنٹ کو ہٹا دیا گیا تھا اور اصل توپ خانے کی رجمنٹ نے معیاری لائٹ رجمنٹ کی تعداد کو برقرار رکھا تھا۔,چوٹی کی رجمنٹ کو ہٹا دیا گیا تھا ، اور معیاری توپ خانے - رجمنٹ نے اصل لائٹ رجمنٹ کی تعداد برقرار رکھی تھی۔,0
6704,یہ 1991 تک تہامہ کاؤنٹی میں واحد عوامی مرحلہ تھا اور 1993 تک واحد سنیما تھا۔,یہ 1991 تک تہامہ کاؤنٹی کا واحد مرحلہ تھا اور 1993 تک اس نے واحد عوامی سنیما کی پیش کش کی تھی۔,0
6711,اس کے بعد یہ منرو میں دریائے اسنوہومیش کی تشکیل کے لئے دریائے اسنوکولمی سے ملتا ہے۔,اس کے بعد یہ منرو میں دریائے اسنوکولمی کی تشکیل کے لئے دریائے اسنوہومیش سے ملتا ہے۔,0
6712,بھگیمودرا 1968 میں ملیالم زبان کی ایک فلم ہے جو ایس ایل پورم سدانندن کی لکھی گئی ہے اور اس کی ہدایت کاری ایم اے وی وی راجندرن نے کی ہے۔,بھگیمودرا ایک ملیالم زبان کی فلم ہے جو 1968 سے شروع ہوتی ہے ، جس کی سربراہی ایس ایل پورم سادنندن نے کی تھی اور ایم اے وی وی راجندرن نے لکھا ہے۔,0
6724,پالکی 5 جولائی 2003 کو یورپ میں اور اکتوبر 2003 میں شمالی امریکہ میں لانچ کی گئی تھی۔ 2004 کے آخر میں ، اسٹیٹ متعارف کرایا گیا تھا۔,لیموزین کو 5 جولائی 2003 اور شمالی امریکہ کو اکتوبر 2003 میں یورپ میں لانچ کیا گیا تھا ، اور 2004 کے آخر میں یہ اسٹیٹ متعارف کرایا گیا تھا۔,1
6726,جارج ٹاؤن جھیل جارج ٹاؤن اور قریبی شہر راؤنڈ راک کے لئے پینے کے پانی کا ایک ذریعہ بھی ہے۔,جارج ٹاؤن جھیل جارج ٹاؤن اور قریبی شہر راؤنڈ راک کے لئے پینے کے پانی کا ذریعہ بھی ہے۔,1
6734,یہ جرمنوں نے ڈوبا تھا اور 1944 میں - 1944 میں الائیڈ بمباروں نے دو بار ختم کردیا تھا اور آخر کار 1946 میں - 1947 میں اس کی پرورش ہوئی تھی۔,وہ جرمنوں نے ڈوبی تھی اور 1943 - 1944 میں دو بار الائیڈ بمباروں نے اسے ختم کردیا تھا اور آخر کار 1946 - 1947 میں اس کی پرورش ہوئی تھی۔,1
6736,سنی سیزن 1 کا واحد واپس آنے والا ممبر ہے ، حالانکہ بورا ، جینگ اور ہیوین پچھلے سیزن کے دوران مہمان تھے۔,سنی سیزن 1 کا واحد لوٹنے والا ممبر ہے ، حالانکہ بورا ، جینگ اور ہیوین پچھلے سیزن کے دوران مہمان تھے۔,1
6737,کیسلی ہیفورڈ بھی سیاسی آزادی کے لئے افریقی تحریک میں بہت زیادہ ملوث تھا۔,کیسلی ہیفورڈ بھی سیاسی آزادی کے لئے افریقی تحریک میں گہری شامل تھا۔,1
6744,ایک وقت کے لئے ، اشرف خان خٹک خوشال خان کھٹک کا سب سے بڑا بیٹا اور خٹک قبیلے کا حکمران تھا۔,اشرف خان خٹک ایک وقت کے لئے خوشال خان خٹک کا سب سے بڑا بیٹا اور کھٹک قبیلے کا حکمران تھا۔,1
6747,یونگرالا رام بابو ایک تلگو فلم ہے ، جسے پروچوری کرتی نے لکھا اور اس کا انتظام کیا ہے اور اسے کرانتھی مادھو نے تیار کیا ہے۔,ینگارالا رامبابو ایک تلگو فلم ہے جو پروچوری کرتی نے لکھی ہے اور اس کی ہدایت کاری کی ہے اور اسے کرانتھی مادھو نے تیار کیا ہے۔,1
6748,ونرسکی ACM ، IEEE ، Phi Beta Kappa اور سگما الیون کا ممبر ہے۔,ونرسکی ACM ، IEEE ، Phi Beta Kappa ، اور سگما الیون کا ممبر ہے۔,1
6749,ورلڈ بینک ، اقوام متحدہ ، اور ایشین ڈویلپمنٹ بینک کی حمایت سے ، لاؤ پی ڈی آر نے 1974 میں اسٹیج II فنڈ کی بنیاد رکھی۔,اقوام متحدہ ، ایشین ڈویلپمنٹ بینک اور ورلڈ بینک کی حمایت سے ، لاؤ پی ڈی آر نے 1974 میں اسٹیج II فنڈ کی بنیاد رکھی۔,1
6754,اسپرو دائیں ہاتھ کا بلے باز تھا اور اس نے اوسطا 18.75 اور 64 کے ٹاپ اسکور کے ساتھ 2 فرسٹ کلاس میچوں میں 4 اننگز کھیلی۔,اسپرو دائیں ہاتھ کا کھلاڑی تھا اور اس نے اوسطا 18.75 اور 64 کی اعلی درجہ بندی کے ساتھ 2 فرسٹ کلاس میچوں میں 4 اننگز کھیلی۔,1
6757,مسز خوشی نے 1901 - 1919 اور 1926 - 1936 میں اوومبولینڈ میں اداکاری کی تھی ، اور وہاں اسکولوں کے پہلے انسپکٹر کی حیثیت سے وہاں کام کیا تھا۔,مسز گلیڈ نے 1901 - 1919 اور 1926 میں - 1936 میں اوومبولینڈ میں کام کیا تھا اور وہاں اسکولوں کے پہلے انسپکٹر کی حیثیت سے کام کیا تھا۔,0
6761,اپنے والد ، چارلی کلاؤسن (زیک میک گائر) اور ایوی کو فورا. ہی بتائیں۔,فوری طور پر اس کے والد ، زیک میک گائر (چارلی کلاؤسن) ، اور ایوی کو بتائیں۔,0
6765,دریائے والسیا رومانیہ میں دریائے ایریئول گھوڑی کی ایک آب و ہوا ہے۔,دریائے اریئول ماری رومانیہ میں دریائے وِلیسیہ کی ایک معاون ہے۔,0
6766,1096 میں یہ ارنولف ڈی مونٹگمری کے پاس پہنچا ، لیکن 1102 میں اومالس میں واپس آیا ، جس نے اسے 1221 تک برقرار رکھا۔,1096 میں یہ ارنولف ڈی مونٹگمری میں واپس آگیا ، لیکن 1102 میں اومالس کے پاس چلا گیا ، جس نے اسے 1221 تک برقرار رکھا۔,0
6767,پائپر سٹی کو نیویارک کے سموئیل کراس اور فلاڈیلفیا کے ولیم اے پائپر نے 1867 (5 مارچ ، 1820 - 6 جولائی ، 1896) نے ڈیزائن کیا تھا۔,پائپر سٹی 1867 میں فلاڈیلفیا کے سموئیل کراس اور نیو یارک کے ولیم اے پائپر (5 مارچ 1820 - 6 جولائی 1896) نے رکھی تھی۔,0
6775,ٹورنٹو کے لئے ڈسٹی بیکر کے بعد اور ورلڈ سیریز میں حصہ لینے والے سٹیو گیسٹن پہلے بلیک منیجر بن گئے اور,ڈسٹ بیکر ٹورنٹو کے لئے سٹیو گیسٹن کے بعد ورلڈ سیریز میں شامل ہونے اور اس میں حصہ لینے والا پہلا بلیک منیجر بن گیا۔,0
6779,فین ووڈ 22 ویں کانگریس کے ضلع میں واقع ہے اور وہ نیو جرسی کے 12 ویں ریاستی قانون ساز ضلع کا حصہ ہے۔,فین ووڈ 12 ویں کانگریس کے ضلع میں واقع ہے اور وہ نیو جرسی کے 22 ویں ریاستی قانون ساز ضلع کا حصہ ہے۔,0
6781,گٹارسٹ بین ایبر بوب اور باسسٹ جیریڈ سویلی کے بعد ڈن ووڈی ، جارجیا میں 1999 میں تشکیل دیا گیا یہ بینڈ رینیگیڈس چھوڑ گیا ، اور گٹارسٹ کول الیگزینڈر نے دوبارہ کام چھوڑ دیا۔,اس بینڈ کی بنیاد ڈن ووڈی ، جارجیا میں 1999 میں رکھی گئی تھی ، جب گٹارسٹ کول الیگزینڈر اور باسسٹ جیرڈ سویلی نے رینیگیڈس چھوڑ دیا تھا ، اور گٹارسٹ بین ایبر بوب نے دوبارہ کام چھوڑ دیا تھا۔,0
6790,22 فروری 2013 کو نشر ہونے والے واقعہ کے دوران گلوکنر نے میسن کی حیثیت سے اپنی پہلی اسکرین پیش کی۔,اس واقعہ کے دوران گلوکنر کی حیثیت سے اس کی پہلی اسکرین پیشی 22 فروری ، 2013 کو نشر کی گئی تھی۔,0
6805,اب اس میں جدید اونچی عمارتیں ، عصری خریداری کے بڑے علاقے ، ایک نیا میٹرا ٹرین اسٹیشن ، اور کئی نئی خوردہ اور خدمات کی سہولیات شامل ہیں۔,اس میں اب جدید اونچی عمارتیں ، نئی شاپنگ اسٹریٹس ، ایک بڑی عصری میٹرا ٹرین اسٹیشن ، اور کئی نئی خوردہ اور خدمات کی سہولیات شامل ہیں۔,0
6806,سکاٹش فٹ بال میں ، ہر سطح پر نیم پیشہ ور ٹیمیں سکاٹش پریمیئرشپ کے نیچے دکھائی دیتی ہیں ، زیادہ تر ٹیمیں اسکاٹش چیمپین شپ کے نیچے نیم پیشہ ور ہیں۔,سکاٹش فٹ بال میں ، نیم پیشہ ور ٹیمیں سکاٹش پریمیئرشپ کے نیچے ہر سطح پر مقابلہ کرتی ہیں ، زیادہ تر ٹیمیں اسکاٹش چیمپین شپ کے نیچے نیم پیشہ ور ہیں۔,1
6812,ایک مجوزہ منڈووی ندی (مہادئی ندی) پانی کے موڑ اور ہائرو الیکٹرک پاور پلانٹ کے منصوبے کے نتیجے میں کچھ یا تمام گاولی کو وسرجن کا سامنا کرنا پڑے گا۔,ایک مجوزہ مہادائی ندی (منڈووی ندی) پانی کے موڑ اور ہائرو الیکٹرک پاور پلانٹ پروجیکٹ کے نتیجے میں کچھ یا تمام گیوالی کو ڈوبا جائے گا۔,1
6822,راجر راجر پرچارڈ ، 1653 میں انگلینڈ سے ملفورڈ ، کنیکٹیکٹ میں ہجرت کرگئے ، نے الزبتھ پرڈڈن سے شادی کی,الزبتھ الزبتھ پرڈڈن ، 1653 میں انگلینڈ سے ملفورڈ ، کنیکٹیکٹ میں ہجرت کر گئیں ، نے راجر پرچارڈ سے شادی کی,0
6824,سولئی ڈی مورنٹ نے چین میں فرانسیسی سفارتی کور میں کئی سال کام کیا ، جہاں انہوں نے کئی چینی شہروں میں فرانسیسی قونصل کی حیثیت سے خدمات انجام دیں۔,سولئی ڈی مورنٹ نے چین میں فرانسیسی سفارتی کور میں کئی سال کام کیا ، جہاں وہ کئی چینی شہروں میں فرانسیسی قونصل تھا۔,1
6830,فائنل میں برائن ڈبل 6 - 1 ، 6 - 3 کو شکست دے کر فنڈو ارگیلو نے یہ اعزاز جیتا۔,فائنل میں برائن ڈبل 6 - 1 ، 6 - 3 کو شکست دے کر فائنل میں فاؤنڈو ارگیلو نے یہ اعزاز جیتا۔,1
6831,لوساگبیور (پہلے لوساکپیر رومانیائزڈ ؛ بھی سوانورڈی اور سوون) آرمینیا کے صوبہ شیرک کا ایک گاؤں ہے۔,لوساگبیور (جو لوساکپائور کے طور پر بھی رومان ہے۔ سابقہ ​​، سوانورڈی اور سوان) آرمینیا کے صوبہ شیرک کا ایک گاؤں ہے۔,0
6832,شکاگو بیئرز جنات 27 - 21 پر گر پڑے اور 1976 کے بعد پہلی بار وہ 0 - 6 تھے۔,شکاگو بیئرز جنات 27 - 21 میں گر گئے ، اور 1976 کے بعد پہلی بار 0 - 6 تھے۔,1
6848,صرف 10 دن بعد اس کا رونی سیڈینو کے لئے سیئٹل مرینرز کے ساتھ ہارون ہیلمین کے ساتھ مل کر تجارت ہوئی۔,صرف 10 دن بعد ، اس کے ساتھ رونی سیڈینو کے ساتھ سیئٹل مرینرز کے ساتھ ہارون ہیلمین کے لئے تجارت کی گئی۔,0
6850,ریٹزیئس اسٹاک ہوم میں پیدا ہوا تھا ، اناٹومیسٹ اینڈرس ریٹزیئس (اور فطرت پسند اور کیمسٹ اینڈرس جاہان ریٹزیئس کے پوتے) کا بیٹا تھا۔,ریٹزیئس اسٹاک ہوم میں پیدا ہوا تھا ، اناٹومیسٹ اینڈرس ریٹزیئس (اور نیچرلسٹ اور کیمسٹ اینڈرس جاہان ریٹزیئس کا پوتا) کا بیٹا تھا۔,1
6853,فرینک اور اس کی اہلیہ کے دو بچے ہیں ، فرینک جونیئر اور نولے ، اور چھ پوتے پوتے: ٹومی ، اولیویا ، ٹیلر ، ایلیسا ، گیروکس اور ٹیسا۔,فرینک فرینک اور اس کی اہلیہ کے دو بچے ہیں ، فرینک جونیئر اور نولے ، اور چھ پوتے پوتے: ٹومی ، اولیویا ، ٹیلر ، ایلیسا ، گیروکس اور ٹیسا۔,1
6860,لوساگبیور (جو لوساکپائور کے طور پر بھی رومان ہے۔ سابقہ ​​، سوانورڈی اور سوان) آرمینیا کے صوبہ شیرک کا ایک گاؤں ہے۔,لوساگبیئیر (جسے لوساخپیر رومنائزڈ بھی کہا جاتا ہے ؛ سابقہ ​​سوانورڈی اور سوون) آرمینیا کے شیرک صوبہ کا ایک گاؤں ہے۔,1
6865,وہ مشاہدہ کی گئی تھی کیونکہ `` میں ایک بہت بڑی صلاحیت اور ایک بہت بڑی صلاحیت ہے اور وہ مستقبل میں ایک انوکھی میوزیکل شخصیت میں ترقی کرے گی۔,وہ مشاہدہ کی گئی تھی کیونکہ '' بہت بڑی صلاحیت اور ایک بہت بڑی صلاحیت ہے اور وہ مستقبل میں ایک منفرد میوزیکل شخصیت `` تک بڑھے گی۔,1
6871,ٹیلر اپنی موت تک بیس بال میں شکاگو وائٹ سوکس اور ملواکی اور اٹلانٹا بہادروں کے لئے ایک اسکاؤٹ رہا۔,ٹیلر اپنی موت تک شکاگو وائٹ سوکس اور ملواکی اور اٹلانٹا بہادروں کے اسکاؤٹ کے طور پر بیس بال میں سرگرم رہا۔,1
6873,ملیٹ نے لیٹ کامبی ریگس کے جان ایلڈ ورتھ کی بیوہ مریم ایلڈ ورتھ سے شادی کی ، برک شائر اور 1664 تک فیلڈ برک شائر کے تھامس وائٹ کی بیٹی۔,مالیٹ نے 1664 میں برک شائر ، برک شائر کے لیٹ کامبی ریگس کے ذریعہ تھامس وائٹ کی بیوہ مریم الڈ ورتھ سے شادی کی۔,0
6880,اسکاٹ لینڈ کی یونائیٹڈ پریسبیٹیرین مشنری سوسائٹی 1864 میں اپنے ایجنٹوں کو چین بھیجتی ہے۔,1864 میں ، چین کی یونائیٹڈ پریسبیٹیرین مشنری سوسائٹی نے اپنے ایجنٹوں کو اسکاٹ لینڈ بھیج دیا۔,0
6884,1985 کے ایک ایپی سوڈ میں `` آج رات کے شو میں جانی کارسن نے اداکاری کی تھی۔,جانی کارسن کے ساتھ `` آج کی رات کے شو کے 1985 کے ایک پرکرن میں ، جانی نے اس کہانی کا ذکر کیا اور سائڈ کِک ایڈ میک میمن کو کہانی سنائی۔,1
6890,انجیلہ وارن سے مراد شیکسپیئر ہے اور جان ملٹن کے `` کوموس '' کے حوالے سے: `` شیشے ، ٹھنڈی ، پارباسی لہر کے تحت ''۔,انجیلہ وارن سے مراد شیکسپیئر ہے اور جان ملٹن `` کوموس '' کا حوالہ دیا گیا ہے: '' شیشے ، ٹھنڈی ، پارباسی لہر `` کے تحت۔,1
6891,نیویل نے ایچ ٹی جے جے میکنامارا کی سب سے بڑی بیٹی ایڈتھ کرینسٹون میکنامارا سے شادی کی ، جو ایک وقت میں کاؤنٹی عدالتوں کے جج اور ریلوے کمشنر تھے۔,ایچ ٹی جے میکنمارا نے مسٹر نیویل کی بڑی بیٹی ایڈتھ کرینسٹون میکنامارا سے شادی کی ، جو ایک وقت میں کاؤنٹی عدالتوں کا جج اور ریلوے کمشنر تھے۔,0
6892,اس کا بیٹا ، سیموئیل پرووسٹ ، جان (1742 - 1815) کا باپ تھا ، جو نیو یارک کے پہلے پروٹسٹنٹ بشپ بشپ تھا۔,اس کا بیٹا جان سیموئل پرووسٹ (1742 - 1815) کا باپ تھا ، جو نیو یارک کے پہلے پروٹسٹنٹ ایپسکوپل بشپ تھا۔,0
6895,ویمبنور ایک گاؤں ہے جو ہندوستان کے شہر کیرالہ میں تروانتھا پورم ضلع کے نیدومانگڈ تالک میں واقع ہے۔ ویمبنور نڈومانگڈ تالک کے ارویوکارا پنچایت کے تحت آتا ہے۔,ویمبنور ہندوستان کے کیرالہ میں نڈومانگاد تالک کے ارویککارا تالک کا ایک گاؤں ہے۔ ویمبنور ضلع تروانتھا پورم کے نڈومانگڈ پنچایت کے تحت آتا ہے۔,0
6902,جان ریڈ کنگ اعلان کنندہ تھے ، اور رے بلوچ نے آرکسٹرا کی ہدایت کی۔,اعلان کنندہ رے رے بلوچ تھا ، جان ریڈ کنگ نے آرکسٹرا کی قیادت کی۔,0
6921,چہرے کی نقل و حرکت کی یہ شکلیں دماغ کے انہی علاقوں سے آتی ہیں۔,چہرے کے مواصلات کی یہ شکلیں دماغ کے انہی علاقوں سے آتی ہیں۔,1
6927,انہوں نے بلی ایکسٹین کے بینڈ کے ساتھ ریکارڈ کیا اور 1946 میں لیونل ہیمپٹن بینڈ کھیلا۔,انہوں نے لیونل ہیمپٹن کے بینڈ کے ساتھ کھیلا اور 1946 میں ، اس نے بلی ایکسٹائن بینڈ کے ساتھ ریکارڈ کیا۔,0
6928,کیٹا خاندان نے 17 ویں صدی کے اوائل سے 12 ویں صدی تک ، پری امپیریل اور امپیریل تک مالی پر حکمرانی کی۔,کیٹا خاندان نے 17 ویں صدی کے اوائل سے 12 ویں صدی کے اوائل سے پری امپیریل اور امپیریل مالی پر حکمرانی کی۔,1
6930,پوڈکریوا ň وسطی سلوواکیا کے ضلع ڈیٹوا ضلع بنسک بیسٹرا میں ایک گاؤں اور میونسپلٹی ہے۔,پوڈکریواň وسطی سلوواکیا کے ضلع ڈیٹوا ضلع میں ، بنسک بائسٹریکا کے علاقے میں ایک گاؤں اور میونسپلٹی ہے۔,1
6931,1974 میں موجودہ ضلع کو ریپٹن رورل ڈسٹرکٹ اور ساؤتھ ایسٹ ڈربشائر رورل ڈسٹرکٹ کے حصے کے ساتھ ملایا گیا تاکہ شہری ساؤتھ ڈربشائر ڈسٹرکٹ تشکیل دیا جاسکے۔,1974 میں ، اس ضلع کو ریپٹن رورل ڈسٹرکٹ اور ساؤتھ ایسٹ ڈربشائر رورل ڈسٹرکٹ کے ایک حصے کے ساتھ ملایا گیا تاکہ آج کے ساؤتھ ڈربشائر ڈسٹرکٹ کی تشکیل کی جاسکے۔,0
6946,یہ بلی جیر ہارٹ نے لکھا تھا اور اس کی ہدایتکاری سیٹھ ہفمین نے کی تھی۔,یہ سیٹھ ہاف مین نے لکھا تھا اور اس کی ہدایتکاری بلی گیئر ہارٹ نے کی تھی۔,0
6954,وہ قلیل ، براہ راست کھیلے ہوئے آرکیسٹرل میوزک کے ساتھ چھائے ہوئے ہیں اور مبہم ، تقریبا جان بوجھ کر بے رنگ آوازوں پر مشتمل ہیں۔,وہ ویرل آرکیسٹرل میوزک کے ساتھ براہ راست کھیلے جاتے ہیں ، اور مبہم ، تقریبا جان بوجھ کر بے رنگ آوازوں پر مشتمل ہوتے ہیں۔,1
6958,وہ 21 دسمبر 1965 کو میری لینڈ کے شہر آکسن ہل میں پیدا ہوا تھا ، اور نیو ہیون ، کنیکٹیکٹ کے آکسن ہل ہائی اسکول میں تعلیم حاصل کی تھی۔,وہ 21 دسمبر 1965 کو نیو ہیون ، کنیکٹیکٹ میں پیدا ہوا تھا ، اور میری لینڈ کے آکسن ہل میں آکسن ہل ہائی اسکول میں تعلیم حاصل کی تھی۔,0
6959,لٹو نے زنگون کے لئے کلب فٹ بال کھیلا۔,زنگون نے لٹو کے لئے فٹ بال کلب کھیلا۔,0
6960,اگلی ریلیز 1986 میں رون کے بھائی رابرٹ فلر نے تشکیل دی تھی۔,اگلا ورژن 1986 میں رون کے بھائی رابرٹ فلر نے تیار کیا تھا۔,1
6964,2011 میں انہوں نے گلوکار میڈونا کی سوانح حیات بھی لکھی جس کے عنوان سے `` میڈونا کے لئے میڈونا۔ پاپ '' کی ملکہ ، نے کاسٹیلوچیچی کے پبلشر شائع کیا۔,2011 میں انہوں نے گلوکار میڈونا کی سوانح حیات بھی لکھی جس کے عنوان سے `` میڈونا فار میڈونا کو ملکہ پاپ '' ، کاسٹیلوچی کے پبلشر نے شائع کیا۔,1
6966,جون 2005 میں ، بی بی سی کالج آف جرنلزم کو ای لرننگ کورس کے طور پر ون رے کے ساتھ ایگزیکٹو ایڈیٹر کی حیثیت سے کھولا گیا ، جس کا پہلا ڈائریکٹر کیون مارش تھا۔,جون 2005 میں ، بی بی سی کالج آف جرنلزم کو ای لرننگ کورس کے طور پر کیون مارش کے ساتھ ایگزیکٹو ایڈیٹر کی حیثیت سے کھولا گیا ، جس کا پہلا ڈائریکٹر ون رے تھا۔,0
6968,وان ولیمز کے ذریعہ باب `` بلیکڈر '' کے طور پر پیش کردہ موسیقی '' فینٹاسیہ پر گرینسلیوس '' ہے۔,یہ موسیقی ، جو بلیکڈر کورٹس '' باب `` کے طور پر پیش کی جاتی ہے ، وہ وان ولیمز '' فینٹاسیہ آن گرینسلیوز '' ہے۔,0
6969,نمیبیا میں سب سے بڑی وادی افریقہ میں دریائے فش وادی ہے۔,افریقہ میں سب سے بڑی ندی نامیبیا میں دریائے فش وادی ہے۔,0
6970,`` ٹاونٹن کیسل '' یکم اگست کو ریو ڈی جنیرو میں اور 31 اکتوبر کو پینانگ میں تھا۔,`` ٹاونٹن کیسل '' یکم اگست کو ریو ڈی جنیرو اور 31 اکتوبر کو پینانگ میں تھا۔,1
6974,وا کیون بحیرہ انڈمان کا ایک جزیرہ ہے ، جو برما کے جنوبی علاقے میں ریاست پیر کے ساحل سے بالکل دور ہے۔,وا کیون بحیرہ انڈمان کا ایک جزیرہ ہے ، برما کے ساحل سے بالکل دور ، پیر ریاست کے جنوبی علاقے میں۔,0
6976,یہ چین (ہینان) اور ویتنام میں پایا جاتا ہے۔,یہ چین (ہینان) اور ویتنام میں پایا جاتا ہے۔,1
6979,پورٹ ڈی ونسنز واقع ہے جہاں 12 ویں ارونڈیسمنٹ کے شمال مشرقی کونے میں پیرس کے 20 ویں ارونڈیسمنٹ کے جنوب مشرقی کونے سے ملتا ہے۔,پورٹ ڈی ونسنز واقع ہے جہاں 20 ویں ارونڈیسمنٹ کے جنوب مشرقی کونے میں پیرس کے 12 ویں ارونڈیسمنٹ کے شمال مشرقی کونے سے ملتا ہے۔,0
6993,جوکی کے پاس کوئی متحرک حصے نہیں ، کوئی کارکس نہیں ہے جو پہن سکتا ہے ، یا اسپرنگس جو ٹوٹ سکتا ہے۔,جوکی کے کوئی متحرک حصے نہیں ، کوئی کارکس نہیں ہے جو توڑ سکتا ہے یا چشمے پہن سکتا ہے۔,0
6997,اسٹیفن کنگ کے `` دی اسٹینڈ '' میں ، ووڈس ول کا ذکر ناول کا ایک اہم کردار گلین پیکوڈ بیٹ مین کے گھر کے طور پر کیا گیا ہے۔,گلین پیکوڈ بیٹ مین کے `` دی اسٹینڈ '' میں ، ووڈس ول کا ذکر اسٹیفن کنگ کے گھر کے طور پر کیا گیا ہے ، جو اس ناول کا ایک اہم کردار ہے۔,0
7004,شلی مین نے پانچ شافٹ کو صاف کیا اور انہیں پوسانیہ کے ذریعہ مذکور قبروں کے طور پر پہچان لیا۔,شلی مین نے پانچ شافٹ کو پہچان لیا اور انہیں پوسانیاس کے ذریعہ مذکور قبروں کے طور پر صاف کیا۔,0
7005,بنگوما کا رومن کیتھولک ڈائیسیس ایک ڈائیسیس ہے جو کینیا کے کلیسیائی صوبہ کسومو میں واقع بنگوما شہر میں واقع ہے۔,رومن - بنگوما کا کیتھولک ڈائیسیس کینیا کے چرچ صوبہ بنگوما میں واقع کسمو شہر میں ایک ڈائیسیس ہے۔,0
7013,انہوں نے جاپانی فلم `` روانگی '' 2008 میں مساہیرو موٹوکی کے خلاف میکا کوبیاشی کی تصویر کشی کی ، جس نے 81 ویں اکیڈمی ایوارڈز کو غیر ملکی زبان کی بہترین فلم کے طور پر جیتا۔,انہوں نے 2008 کے جاپانی فلم `` روانگی '' میں میکا کوبیشی کے برخلاف مساہیرو موٹوکی کی تصویر کشی کی ، جس نے 81 ویں اکیڈمی ایوارڈز کی بہترین غیر ملکی زبان کی فلم جیتا تھا۔,0
7019,ہل ٹاؤن کی نسل 93 ٪ بنیادی طور پر سفید ، 3 ٪ ایشیائی اور 1 ٪ چینی ہے۔,ہل ٹاؤن کی نسل بنیادی طور پر 93 ٪ پر سفید ہے۔ 3 ٪ ایشین اور 1 ٪ چینی ہیں۔,1
7027,مارٹن ہینسن (لوکاس) کے ساتھ وہ ریاضی کے لئے مشہور کارنیگی اسکالرشپ کا شریک وصول کنندہ ہے۔,وہ ریاضی کے لئے مائشٹھیت کارنیگی اسکالرشپ کے لوکاس (مارٹن ہینسن) کے ساتھ ہم آہنگ ہے۔,1
7029,ورمونٹ شمال کی طرف مچم کے ذریعہ ، نوناواڈنگ اور فارسٹ ہل کے مغرب میں ، ورمونٹ کے ذریعہ جنوب میں اور وانٹیرنا اور رنگ ووڈ کے ذریعہ مشرق میں ہے۔,ورمونٹ ساؤتھ مچم کے شمال میں ، مغرب میں نوناواڈنگ اور فارسٹ ہل کے ذریعہ ، ورمونٹ کے ذریعہ جنوب میں اور وانٹیرنا اور رنگ ووڈ کے ذریعہ مشرق میں ہے۔,0
7035,ان میں سے زیادہ تر آج یونان میں رہتے ہیں ، کچھ اب بھی بلغاریہ میں ہیں۔,ان میں سے اکثریت آج بلغاریہ میں رہتی ہے ، کچھ اب بھی یونان میں ہیں۔,0
7036,کورس بنانے سے پہلے 75s میں سے بہت کم ، ممکنہ طور پر 20 ، کو منسوخ کردیا گیا تھا۔,رینج بنانے سے پہلے بہت کم ، ممکنہ طور پر 20 ، میں سے 20 ، کو منسوخ کردیا گیا تھا۔,1
7039,چاندلر نے کمپیوٹر کو سیکھنے کے ایک آلے کے طور پر پہچان لیا ، لیکن اس نے ایک مروجہ مقصدیت کو مسترد کردیا جو ڈیٹا کو معلومات ، اور معلومات کو علم کے طور پر سمجھا جاتا ہے۔,چاندلر نے کمپیوٹر کو سیکھنے کا ایک آلہ سمجھا ، لیکن اس نے ایک مروجہ مقصدیت کو مسترد کردیا جس نے ڈیٹا کو معلومات اور معلومات کو علم کے طور پر تسلیم کیا۔,0
7044,تاثر پسند اسکول کے ایک معمولی کمپوزر کی حیثیت سے ، اس نے بطور کنڈکٹر فرانسیسی چرچ کی موسیقی میں نمایاں شراکت کی۔,تاثر پسند اسکول میں ایک معمولی کمپوزر ، بطور کنڈکٹر اس نے فرانسیسی چرچ کی موسیقی میں نمایاں شراکت کی۔,1
7046,اس کی شادی الزبتھ ینگ (1854 - 1932) سے ہوئی تھی اور وہ جہاز کے میگنیٹ این او کے والد تھے۔ ینگ فیرنلی اور زمیندار تھامس فیرنلی۔,اس کی شادی الزبتھ ینگ (1854 - 1932) سے ہوئی تھی اور وہ شپنگ میگنیٹ این او کے والد تھے۔ ینگ فیرنلی اور زمیندار تھامس فیرنلی۔,1
7047,تھرڈ ایوینیو کے جنوب سے گزرتے ہوئے ، کراس برونکس ویسٹ باؤنڈ ایگزٹ 3 کی خدمت کرتا ہے ، جو ٹریمونٹ پارک میں کام کرتا ہے۔,کراس برونکس ویسٹ باؤنڈ تھرڈ ایوینیو ، ایگزٹ 3 کے جنوب میں ٹریمونٹ پارک کی خدمت کرتا ہے۔,1
7055,ڈنکن میکانٹیئر 6 اکتوبر 1899 کو انگلینڈ کے کینٹ میں کینٹ میں پیدا ہوئے ، کیپٹن ایور ایونگ میکانٹیئر کا بیٹا تھا۔,ڈنکن میکانٹیئر 6 اکتوبر 1899 کو کینٹ ، انگلینڈ میں پیدا ہوئے ، کیپٹن ایور ایونگ میکانٹیئر کا بیٹا تھا۔,1
7058,2011 کے انتخابات میں ، کانگریس کے ٹارت برہماچاری نے اپنے قریب ترین حریف منوج چکرورتی کو آر ایس پی کے شکست دی۔,2011 کے انتخابات میں ، کانگریس کے ٹارت برہماچاری نے اپنے قریب ترین حریف ، منوج چکرورتی کو آر ایس پی کے شکست دی۔,1
7060,چہرے کے مواصلات کی یہ شکلیں دماغ کے انہی علاقوں سے آتی ہیں۔,مواصلات کی یہی وہی شکلیں دماغ کے چہرے کے علاقوں سے آتی ہیں۔,0
7066,نہر یورپ اور واقعی بیلجیئم میں سب سے قدیم بحری نہروں میں سے ایک ہے۔,نہر بیلجیئم اور یورپ کی سب سے قدیم بحری نہروں میں سے ایک ہے۔,0
7096,جنات شکاگو بیئرز 27 - 21 پر گر پڑے اور 1976 کے بعد پہلی بار 0 - 6 کے ساتھ تھے۔,شکاگو بیئرز جنات 27 - 21 پر گر پڑے اور 0 - 6 کے ساتھ 1976 کے بعد پہلی بار تھے۔,0
7097,ڈورا رنگیلووا بلغاریہ فیڈ کپ ٹیم کی موجودہ کپتان اور ٹینس پلیئر دیمیتار کوزمانوف کی والدہ ہیں۔,ڈورا رنگیلووا موجودہ فیڈ کپ ٹیم کی بلغاریہ کپتان ہیں۔ وہ بھی ٹینس پلیئر دیمیتار کوزمانوف کی والدہ ہیں۔,0
7100,uvular کھجلی ایک قسم کی متضاد آواز ہے جو بین الاقوامی صوتی حروف تہجی میں کچھ بولی جانے والی زبانوں میں علامت کی علامت ہوتی ہے ، جو یہ آواز ہے۔,uvular کھجلی ایک قسم کی آواز کی آواز ہے ، جو کچھ بولی جانے والی زبانوں میں استعمال ہوتی ہے۔ بین الاقوامی صوتی حروف تہجی میں علامت جو اس آواز کی نمائندگی کرتی ہے۔,1
7104,سنگل تھیم `` -m '' کی مذکورہ بالا مثالیں پہلے شخص کے لئے مالک تھیں۔,مذکورہ بالا مثالوں کے مالک تھیم `` -M '' کے لئے پہلے شخص کے لئے واحد تھے۔,0
7105,برائڈل ویل فالس کے قریب یوسمائٹ وادی میں میڈوز کا نام جارج منرو کے لئے بھی رکھا گیا ہے۔,یوسمائٹ ویلی کے قریب برڈالویل کیس میں منرو میڈوز کا نام جارج منرو کے لئے بھی رکھا گیا ہے۔,0
7106,اس کے بچے کیرولن ، برینن ، میٹ پیلوسی ، لارنس (وفات 1970) ، اینڈریو (1971 میں پیدا ہوئے) اور سنتھیا (پیدائش 1981) تھے۔,ان کے بچے کیرولن اور سنتھیا (وفات 1970) ، برینن ، میٹ پیلوسی ، لارنس (پیدائش 1971) اور اینڈریو (پیدائش 1981) تھے۔,0
7113,20 فروری 1959 کو ، وزیر اعظم جان ڈیفن بیکر نے اس منصوبے کو ختم کردیا اور پانچ مکمل تیروں کو ختم کردیا گیا۔,20 فروری ، 1959 کو وزیر اعظم جان ڈفین بیکر نے اس منصوبے کو ختم کیا اور پانچوں کو ختم کرنے والے تیر مکمل ہوگئے۔,0
7116,ان کی جگہ مورٹالہ محمد (1975) اور اولیسگن اوباسانجو (1976) نے لگاتار بغاوتوں میں تبدیل کردی۔,ان کی جگہ اولیسگن اوباسانجو (1975) اور مرٹلہ محمد (1976) نے یکے بعد دیگرے بغاوتوں میں لے لیا۔,0
7117,اس مخطوطہ کو کیسپر رینی گریگوری (278) اور فریڈرک ہنری امبروز سکریونر (نمبر 329) کے ذریعہ عہد نامہ کے نسخوں کی فہرست میں شامل کیا گیا تھا۔,اس مخطوطہ کو نئے عہد نامے کے مسودات کی فہرست میں کاسپر رینی گریگوری (278) اور فریڈرک ہنری امبروز سکریونر (نمبر 329) میں شامل کیا گیا تھا۔,1
7120,اس کی آزادی سے پہلے ، امپیریل روس فن لینڈ کے اندر ایک خود مختار گرینڈ ڈچی تھا۔,فن لینڈ امپیریل روس کے اندر اپنی آزادی سے پہلے ایک خودمختار گرینڈ ڈچی تھا۔,0
7121,اس وقت ، ملک کے مالک مسٹر جانسن تھے ، اور وہ مسٹر لیسلی ورنن کلکٹ کے ساتھ 99 سالہ لیز پر راضی ہوگئے تھے۔,اس وقت ، ملک کا مالک لیسلی ورنن کلکٹ تھا ، اور وہ مسٹر جانسن کے ساتھ 99 سالہ لیز پر راضی ہوگئے۔,0
7123,سنٹر کے بین الاقوامی پروگرام میں تحریری اور ادب سے متعلق جاری کانفرنسوں کے ساتھ ساتھ طلباء ، ماہرین تعلیم ، جی سی سی کے شہریوں اور رہائشیوں کے لئے علاقائی پروگرام شامل ہیں۔,سنٹر کے بین الاقوامی پروگرام میں جاری کانفرنسیں شامل ہیں جن میں لکھنے اور ادب کے ساتھ ساتھ طلباء ، ماہرین تعلیم ، جی سی سی کے شہریوں اور رہائشیوں کے لئے علاقائی پروگراموں پر بھی توجہ دی جارہی ہے۔,1
7127,"اس سے پوچھا گیا کہ اس کا نام کیسے کہنا ہے ، اس نے ""ادبی ڈائجسٹ"" کو بتایا کہ میرا نام اس طرح سنایا جاتا ہے جیسے `` کان '؛ این ہاؤس '' ہجے۔",اس سے پوچھا گیا کہ اس کا نام کیسے کہنا ہے ، اس نے کہا کہ `` ادبی ڈائجسٹ `` میرے نام کی ہج .ہ کی طرح ہے جیسے کہا جاتا ہے ، ایئر ہاؤس ``۔,0
7132,آڈوبن کونسل شوانی ٹریلس کونسل اور فور ریورز کونسل کے انضمام سے تشکیل دی گئی تھی۔,چار ندیوں کونسل اور آڈوبن کونسل کے انضمام نے شاونی ٹریلس کونسل تشکیل دی۔,0
7136,جب کسی سطح میں صفر کا مستقل گاوسی گھماؤ ہوتا ہے تو ، یہ ایک ترقی پذیر سطح ہے اور سطح کی جیومیٹری ایکلیڈین جیومیٹری ہے۔,اگر کسی سطح میں مستقل صفر ترقی کے قابل گھماؤ ہوتا ہے تو ، یہ ایک یوکلیڈین سطح ہے اور سطح کی جیومیٹری ایک گاوسی جیومیٹری ہے۔,0
7141,ایزوسا پیسیفک یونیورسٹی کا اجوسا کیمپس لاس اینجلس کے شمال مشرق میں واقع سان گیبریل وادی میں واقع ہے۔,ایزوسا پیسیفک یونیورسٹی میں ایزوسا کیمپس لاس اینجلس کے شمال مشرق میں واقع سان گیبریل ویلی میں واقع ہے۔,1
7146,اس کے بعد پہلوان آگے بڑھتا ہے اور پیچھے کی طرف گرنے کے لئے ادھر ادھر جھولتا ہے اور مخالف کے سر کو چٹائی میں گرنے دیتا ہے۔,پہلوان چاروں طرف چھلانگ لگا کر پیچھے گرنے کے لئے آگے بڑھتا ہے اور مخالف کے سر کو چٹائی میں گراتا ہے۔,0
7154,تیسری آیت کی آخری لائن کو یوگوسلاویہ کے الیگزینڈر اول کے دور میں تبدیل کر دیا گیا تھا `` کرالجا الیگزینڈرا ، بوئ ہرانی '' میں۔,تیسری آیت کی آخری سطر کو یوگوسلاویہ کے سکندر اول کے دور میں `` کرالجا الیگزینڈرا ، بوئ ہرانی ، '' میں تبدیل کردیا گیا تھا۔,1
7156,1864 میں ، یونائیٹڈ پریسبیٹیرین مشنری سوسائٹی آف چین نے اپنے نمائندوں کو اسکاٹ لینڈ بھیج دیا۔,اسکاٹ لینڈ کی یونائیٹڈ پریسبیٹیرین مشنری سوسائٹی 1864 میں اپنے ایجنٹوں کو چین بھیجتی ہے۔,0
7158,ڈسٹ بیکر ٹورنٹو کے لئے سٹیو گیسٹن کے بعد ورلڈ سیریز میں شامل ہونے اور اس میں حصہ لینے والا پہلا بلیک منیجر بن گیا۔,ٹورنٹو کے لئے ڈسٹی بیکر کے بعد ورلڈ سیریز میں حصہ لینے والے سٹیو گیسٹن پہلے بلیک منیجر تھے ، اور,0
7163,الیسبتھ مارشال کے 24 منٹ بعد اسے 3 مئی 1947 کو پھانسی دی گئی ، البرٹ پیئرپوائنٹ نے 9: 55 پر اپنے جرائم کے لئے ہیملن کی جیل میں۔,ہیملن جیل میں الزبتھ مارشال کے ذریعہ البرٹ پیئرپوائنٹ کے 24 منٹ بعد 3 مئی 1947 کو صبح 9: 55 بجے ، اسے اپنے جرائم کے لئے پھانسی دے دی گئی۔,0
7170,اس ٹیم نے 1953 میں آسٹریلیا میں اور اگست 1959 میں ایشیاء کا دورہ بھی کیا۔,اس ٹیم نے 1953 میں ایشیاء میں اور اگست 1959 میں آسٹریلیا کا بھی دورہ کیا۔,0
7174,ممکنہ حرفی ڈھانچے V ، CV یا CCV ہیں ، جبکہ دوسرا ضمیر ہے۔,دوسرے حرفی ڈھانچے V ، CV یا CCV ہیں ، جو ممکنہ طور پر تضاد ہے۔,0
7179,بلٹ میتھوڈسٹ چیپل اپسال میں اینٹوں کی چند عمارتوں میں سے ایک ہے۔,لاوارث میتھوڈسٹ چیپل اپسال میں اینٹوں سے بنی چند عمارتوں میں سے ایک ہے۔,0
7185,1924 کے موسم گرما میں وہ یونین کاؤنٹی کے قریب نورفلیٹ کے ایک دفتر میں تیل کے عروج میں کام کرنے جنوبی-آرکنساس کے سماک اوور گئے تھے۔,1924 کے موسم گرما میں ، وہ جنوبی آرکنساس میں یونین کاؤنٹی گئے تھے تاکہ سماک اوور کے قریب نورفلیٹ کے ایک دفتر میں تیل کے عروج میں کام کریں۔,0
7188,عمارت کی سات منزلیں اضافی پارکنگ کے لئے وقف ہیں ، اور عمارت سے منسلک ایک داخلی پارکنگ ریمپ ہے۔,عمارت کی سات منزلیں اضافی پارکنگ کے لئے وقف ہیں ، اور عمارت کے ساتھ انڈور پارکنگ کا ریمپ منسلک ہے۔,1
7189,1920 اور 1921 میں وینس میں اطالویوں نے کامیابی حاصل کی - 1920 میں کوئی دوسری قوم داخل نہیں ہوئی ، اور 1921 میں فرانسیسی شروع نہیں ہوا۔,1920 اور 1921 میں وینس میں اطالوی داخل ہوئے - 1920 میں کوئی دوسری قوم نہیں جیتا اور 1921 میں فرانسیسی داخلہ شروع نہیں ہوا۔,0
7193,1932 میں سویڈش آئس ہاکی ورلڈ چیمپیئن شپ نے سویڈش آئس ہاکی چیمپینشپ ، سویڈن کی قومی چیمپیئن شپ ، ہماربی کے 11 ویں سیزن میں کامیابی حاصل کی۔,1932 میں سویڈش آئس ہاکی چیمپیئن شپ سویڈن کی قومی چیمپیئن شپ سویڈش آئس ہاکی چیمپینشپ کا 11 واں سیزن تھا۔ ہماربی اگر چیمپئن شپ جیتتی ہے۔,0
7195,جوکی کے کوئی متحرک حصے نہیں ، کوئی کارکس نہیں ہے جو ٹوٹ سکتا ہے ، یا اسپرنگس جو پہنا جاسکتا ہے۔,جوکی کے کوئی متحرک حصے نہیں ، کوئی کارکس نہیں ہے جو توڑ سکتا ہے یا چشمے پہن سکتا ہے۔,1
7197,وہ 1924 میں ٹورنٹو میں آئی سی ایم کے مدعو اسپیکر تھے ، 1932 میں زیورک میں ، اور 1936 میں اوسلو میں۔,1924 میں وہ ٹورنٹو میں آئی سی ایم ، اوسلو میں 1932 میں اور 1936 میں زیورک میں آئی سی ایم کے لئے مدعو ترجمان تھے۔,0
7199,یہ موسیقی اے ٹی امر اور دی ٹیکسٹس نے پی بھاسکرن کمپوزٹ کے ذریعہ لکھی تھی۔,یہ موسیقی اے ٹی عمر نے لکھی تھی اور اس کی دھن پی بھاسکرن نے تیار کی تھی۔,1
7201,گوگارک (،) گریٹر آرمینیا کا 13 واں صوبہ تھا۔ اب اس میں شمالی آرمینیا ، شمال مشرقی ترکی ، اور جنوب مغربی جارجیا کے کچھ حصے شامل ہیں۔,گوگارک (،) گریٹر آرمینیا کا 13 واں صوبہ تھا اور اب اس میں شمالی آرمینیا ، شمال مشرقی ترکی اور جنوب مغربی جارجیا کے کچھ حصے شامل ہیں۔,1
7203,روری جیننگز ، جو ٹومی کونولی کا کردار ادا کرتے ہیں ، نے بڑی ختم ہونے والی پروڈکشن میں نوعمر ڈیووروس کا کردار ادا کیا۔,ٹومی کونولی ، جو روری جیننگز کا کردار ادا کرتے ہیں ، بڑے فائنش پروڈکشن میں نوعمروں - ڈیووروس کا کردار ادا کرتے ہیں۔,0
7205,دوسری سیریز کو ناقدین نے پہلے سے بہتر ریکارڈ کیا۔,پہلی سیریز کو دوسرے کے مقابلے میں ناقدین نے بہتر طور پر استقبال کیا تھا۔,0
7210,تمام تاج کپڑے کی ٹوپیاں نہیں تھے ، کچھ ٹوپیاں دھاتی اور بھاری بھرکم گولڈ تھیں۔,تمام تاج کپڑے کی ٹوپیاں نہیں تھے۔ کچھ ٹوپیاں میں دھاتی اور بھاری زیورات تھے۔,1
7222,وسطی کاروباری ضلع میں تعمیر ہونے والے تین فرسٹ کلاس ہوٹلوں میں سے یہ تیسرا تھا۔,یہ وسطی کاروباری ضلع میں تعمیر کردہ تین تھرڈ کلاس ہوٹلوں میں سے پہلا تھا۔,0
7225,پنسلوینیا روٹ 268 پل کے مغربی سرے سے جنوب اور شمال میں ایملٹن تک جاتا ہے۔,پنسلوانیا کا روٹ 268 پل کے مغربی سرے سے شمال تک پارکر اور جنوب تک ایملٹن تک جاتا ہے۔,0
7226,نیو یارک کے بروکلین میں پیدا ہوئے ، وہ کیلیفورنیا کے شہر تبورون میں انتقال کر گئے۔,وہ بروکلین ، نیو یارک میں پیدا ہوا تھا ، اور وہ کیلیفورنیا کے شہر تبورون میں انتقال کر گیا تھا۔,1
7231,لائف بوٹوں میں 43 افراد کو بچایا گیا ، 40 اور `` ڈیلاوئر '' میں سے تین کو بچایا گیا۔,43 افراد بچ گئے تھے۔ 40 لائف بوٹوں میں اور تینوں کو `` ڈیلاوئر '' نے بچایا۔,1
7233,وہ 12 ستمبر 1943 کو کی ویسٹ سے روانہ ہوئی اور 16 ستمبر کو ٹیکساس کے شہر گالسٹن پہنچی۔,وہ 12 ستمبر 1943 کو کی ویسٹ سے روانہ ہوئی اور 16 ستمبر کو ٹیکساس کے گالوسٹن میں پہنچی۔,1
7234,اسے فوری طور پر اس کے والد ، چارلی کلوسن (زیک میک گائر) اور ایوی سے کہو۔,فوری طور پر اس کے والد ، زیک میک گائر (چارلی کلاؤسن) ، اور ایوی کو بتائیں۔,1
7239,آڈوبن کونسل شوانی ٹریلس کونسل اور فور ریورز کونسل کے انضمام سے تشکیل دی گئی تھی۔,چار ندیوں کونسل اور آڈوبن کونسل کے انضمام سے ، شاونی ٹریلس کونسل پیدا ہوئی۔,0
7240,دو کو 1934 میں اڑایا گیا تھا ، لیکن اس سے زیادہ پیدا نہیں ہوا۔,دو کو 1934 میں اڑایا گیا تھا لیکن مزید کوئی پیدا نہیں ہوا۔,1
7241,ایسا لگتا ہے کہ یہ حقیقت ان سلانوں کے `` منصوبے '' کا حصہ ہے جو ہائبرڈ مخلوق کی نئی نسل کے ساتھ انسانی کالونیوں کو دوبارہ آباد کرنا چاہتے ہیں۔,یہ حقیقت ان سلون کے `` منصوبے '' کا حصہ ہے جو انسانی کالونیوں کو ہائبرڈ مخلوق کی نئی نسل کے ساتھ دوبارہ آباد کرنا چاہتے ہیں۔,1
7242,ہرن کی آبادی پر قابو پانے کا ایک اور طریقہ یہ ہے کہ پیدائش کی شرح کو منظم کیا جائے۔,ہرنوں کی آبادی کو منظم کرنے کا ایک اور طریقہ یہ ہے کہ پیدائش کی شرح کو کنٹرول کیا جائے۔,1
7250,کتز 1947 میں سویڈن میں پیدا ہوا تھا اور 1 سال کی عمر میں نیو یارک شہر چلا گیا تھا۔,کاٹز 1947 میں نیو یارک شہر میں پیدا ہوا تھا اور 1 سال کی عمر میں سویڈن چلا گیا تھا۔,0
7251,اسٹیفن اسٹیفن کی شادی 29 اگست 1806 کو جیفرسن کاؤنٹی ، الزبتھ کور میں ، بینجمن ہف ، جسٹس آف پیس نے کی تھی۔,بنیامین ہف نے 29 اگست 1806 کو جیفرسن کاؤنٹی میں جسٹس آف پیس ، اسٹیفن فورڈ کے ذریعہ ، 29 اگست 1806 کو الزبتھ کور سے شادی کی تھی۔,0
7260,لوک یا لوک متعدد (لیکن سب نہیں) کینٹونیز کنیتوں کا چینی رومانیائزیشن ہے جو مینڈارن میں لو کے طور پر رومان ہیں۔,لوک یا لوک متعدد (لیکن سب نہیں) کینٹونیز کنیتوں کا چینی رومانیائزیشن ہے جو مینڈارن میں لو کی حیثیت سے رومان ہیں۔,1
7264,اگر 1983 کے مقامی انتخابات پارلیمانی انتخابات ہوتے تو سوشلسٹ بائیں طرف پارلیمنٹ میں 8 نشستیں مل جاتی۔,اگر 1983 کے مقامی انتخابات پارلیمانی انتخابات ہوتے تو سوشلسٹ بائیں بازو کو پارلیمنٹ میں 8 نشستیں مل جاتی۔,1
7269,سن 1920 کے اور پھر اوگڈن یوٹاہ میں سالٹ لیک سٹی منتقل ہونے کے بعد ، رابرٹسن اور ان کے اہل خانہ 1937 میں میپلٹن یوٹاہ میں آباد ہوئے۔,1920 کی دہائی میں اوگڈن یوٹاہ اور پھر سالٹ لیک سٹی جانے کے بعد ، رابرٹسن اور ان کے اہل خانہ 1937 میں میپلٹن یوٹاہ میں آباد ہوئے۔,0
7271,بیٹکنورٹ نے گٹار بجایا اور کرس گیرنگر نے نیو یارک شہر کے سٹرلنگ ساؤنڈ اسٹوڈیوز میں اس میں مہارت حاصل کی۔,بیٹکنورٹ نے گٹار کھیلا اور اسے نیو یارک شہر کے سٹرلنگ ساؤنڈ اسٹوڈیوز میں کرس گیہنگر نے مہارت حاصل کی۔,1
7275,2000 میں ، پونم دیوی نے جے ڈی یو کی نمائندگی کرتے ہوئے ، آر جے ڈی دھرمیندر یادو کے دیوی کو شکست دی۔,آر جے ڈی کے پونم دیوی نے سن 2000 میں جے ڈی یو کی نمائندگی کرتے ہوئے دھرمیندر یادو کو شکست دی۔,0
7278,فیئر اوکس سیکرامنٹو اور فولسوم کے مابین (38.651254 ، -121.259279) پر واقع ہے۔,سیکرامنٹو فیئر اوکس اور فولسوم (38.651254 ، -121.259279) کے درمیان واقع ہے۔,0
7282,2011 میں انہوں نے گلوکار میڈونا کی سوانح حیات بھی لکھی جس کے عنوان سے `` میڈونا فار میڈونا کوئین آف پاپ '' کے عنوان سے تھا ، جو کاسٹیلوچی کے پبلشر کے ذریعہ شائع ہوا تھا۔,2011 میں انہوں نے گلوکار میڈونا کی سوانح حیات بھی لکھی جس کے عنوان سے `` میڈونا کے لئے میڈونا۔ پاپ '' کی ملکہ ، نے کاسٹیلوچیچی کے پبلشر شائع کیا۔,1
7284,اس سیریز کا آغاز 18 اپریل ، 2009 کو آسٹریلیا میں نکلوڈین (نیوزی لینڈ اور نیوزی لینڈ) پر آسٹریلیا میں ہوا۔,اس سیریز کا آغاز 18 اپریل ، 2009 کو نکلوڈین (آسٹریلیا اور نیوزی لینڈ) پر نیوزی لینڈ میں ہوا۔,0
7285,1963 میں کیجیلڈ ڈیچ مین اچانک انتقال کر گئے اور ایریکا نے اسٹوڈیو کو بند کردیا اور برتنوں کو چھوڑ دیا۔,1963 میں ، ایریکا اچانک انتقال کر گیا اور کیجیلڈ ڈیچ مین نے اسٹوڈیو کو بند کردیا اور مٹی کے برتنوں کا فن ترک کردیا۔,0
7290,اس نے قریبی ویسٹ اورنج (جو اب ساؤتھ اورنج ، نیو جرسی میں واقع ہے) کے سیٹن ہال پریپریٹری اسکول میں تعلیم حاصل کی۔,اس نے قریبی جنوبی اورنج ، نیو جرسی (جو اب ویسٹ اورنج میں) میں سیٹن ہال پریپریٹری اسکول میں تعلیم حاصل کی۔,0
7291,ڈیسبورو سو میں قرون وسطی کے مندرجہ ذیل پیرشوں اور بستیوں پر مشتمل ہے ، (سابقہ ​​قدیم وِل):,ڈیسبورو سو میں مندرجہ ذیل قدیم پیرشیاں اور بستیوں (سابقہ ​​قرون وسطی کی بیٹیاں) شامل ہیں:,0
7294,ستمبر 1942 تک ، والکنز نے خدمت سنبھالی تھی اور مڈلینڈز کو ختم کردیا گیا اور پھر واپس لے لیا گیا۔,ستمبر 1942 تک ، والکنز نے پوری طرح سے خدمت سنبھالی تھی اور مڈلینڈ کو واپس لے لیا گیا اور پھر اسے ختم کردیا گیا۔,0
7299,جوناتھن ایرلچ اور اینڈی رام نے فائنل میں 5: 3 ، 5: 4 کے ساتھ مارک نولس اور ڈینیئل نیسٹر کو شکست دے کر یہ اعزاز حاصل کیا۔,فائنل میں جوناتھن ایرلچ اور اینڈی رام 5: 3 ، 5: 4 کو شکست دے کر ، مارک نولس اور ڈینیئل نیسٹر نے یہ اعزاز جیتا۔,0
7301,فرینک جیمس نے ایک علیحدگی پسند کمپنی میں شمولیت اختیار کی ، مقامی ڈریو لابس آرمی کے لئے بھرتی کیا ، اور اگست 1861 میں ولسن کی کریک کی لڑائی میں لڑا تھا۔,فرینک جیمس نے ایک مقامی سوسائٹی میں شمولیت اختیار کی جس میں علیحدگی پسند ڈریو لابس آرمی کے لئے بھرتی کیا گیا تھا اور اگست 1861 میں ولسن کی کریک کی لڑائی میں لڑا تھا۔,0
7302,نیو انگلینڈ کیبل نیوز شہر بوسٹن کے شہر سفولک یونیورسٹی کے ٹیلی ویژن اسٹوڈیو میں ریموٹ کیمرا برقرار رکھتا ہے۔,سوفولک یونیورسٹی بوسٹن کے وسط میں نیو انگلینڈ کیبل نیوز ٹیلی ویژن اسٹوڈیو میں ریموٹ کیمرا برقرار رکھتی ہے۔,0
7308,یہ 1991 تک تہامہ کاؤنٹی میں واحد عوامی مرحلہ تھا اور 1993 تک واحد سنیما تھا۔,اس نے 1991 تک تہامہ کاؤنٹی میں واحد عوامی اسٹیج فراہم کیا ، اور 1993 تک واحد سنیما تھا۔,1
7312,2011 میں رائل لیور گروپ کے ذریعہ اس کے حصول کے وقت ، رائل لندن گروپ پر مشتمل تھا:,2011 میں رائل لندن گروپ کے ذریعہ اس کے حصول کے وقت ، رائل جگر گروپ تھا:,0
7316,اس نے بالآخر اٹلی کے شمال مغرب میں اپنے آپ کو قائم کیا ، بظاہر گائے کے ذریعہ اس کی تائید کی گئی ، جہاں وہ شاید '' عنوان `` آتا ہے۔,بالآخر اس نے اپنے آپ کو شمال مغربی اٹلی میں قائم کیا ، بظاہر گائے کے ذریعہ اس کی تائید کی گئی ، جہاں اسے شاید `` آکرز '' کا لقب مل گیا۔,0
7321,آسٹریلیا میں پیدا ہوئے ، لینگ ایک نوجوان کی حیثیت سے اسرائیل منتقل ہوگئے اور 1961 میں وہاں آباد ہوگئے۔,آسٹریلیا میں پیدا ہوئے ، لینگ ایک نوجوان کی حیثیت سے اسرائیل چلے گئے اور 1961 میں وہاں آباد ہوگئے۔,1
7328,29 جولائی ، 1791 کو ، سارہ نے برمنگھم کے سینٹ مارٹن کے چرچ میں لی تھامس رائٹ ہل (1765 - 1842) سے شادی کی اور اس کے 8 بچے تھے۔,تھامس رائٹ ہل نے 29 جولائی 1791 کو سینٹ مارٹن کے چرچ ، برمنگھم میں سارہ لی (1765 - 1842) سے شادی کی اور اس کے 8 بچے تھے:,1
7339,ڈی ٹی ایم میں اس کی موجودگی کے دوران آڈی وی 8 نے بہت چھوٹی اور چھوٹی مرسڈیز 190 ، بی ایم ڈبلیو ایم 3 ، اور قدرے ہلکا اوپیل اومیگا 3000 کے ساتھ مقابلہ کیا۔,آڈی وی 8 نے ڈی ٹی ایم میں اپنی موجودگی کے دوران بہت چھوٹے اور چھوٹے مرسڈیز 190 ، بی ایم ڈبلیو ایم 3 اور قدرے ہلکا اوپیل اومیگا 3000 کے ساتھ مقابلہ کیا۔,1
7342,جبرالٹر کے لیفٹیننٹ گورنر جنرل سر جارج ڈان کی تعریف کے طور پر ، 1818 میں فلپ پارکر کنگ نے کیپ ڈان کا نام لیا تھا۔,جارج ڈان نے 1818 میں جبرالٹر کے لیفٹیننٹ گورنر جنرل سر فلپ پارکر کنگ کی تعریف کے طور پر کیپ ڈان کا نام لیا تھا۔,0
7346,ڈیوڈ 21 ستمبر 1933 کو کوونٹری میں اپنے جڑواں والد چارلس اور جیسامین رابنس کے ساتھ پیدا ہوا تھا ، جو آٹھویں اور نویں بچے ، بارہ رابنز کے بچے تھے۔,ڈیوڈ 21 ستمبر 1933 کو کوونٹری میں پیدا ہوا تھا ، اس کے جڑواں چارلس اور جیسامین رابنز ، آٹھویں اور نویں بچے بارہ سال کے بارہ بچے تھے۔,1
7350,لائیڈ نے کھلونے اور تحائف فروخت کرنے کے ل his اپنے کاروبار میں توسیع کی ، اور اس نے تحفے کے کاروبار میں اضافے کے ساتھ ہی مسوری میں مقیم ہاؤس آف لائیڈ ، گرینڈ ویو کی بنیاد اور رہنمائی کی۔,لائیڈ نے کھلونے اور تحائف فروخت کرنے کے لئے اپنا کاروبار قائم کیا اور ان کا انعقاد کیا ، اور جب تحفہ کے کاروبار میں اضافہ ہوا تو اس نے گرینڈ ویو ، میسوری میں واقع ہاؤس آف لائیڈ کو بڑھایا۔,0
7351,خان ایک تخرکشک کے ساتھ باہر نکلا ، سٹسیانوف دو دیگر افراد کے ساتھ چلا گیا اور اسے گولی مار کر ہلاک کردیا گیا۔,خان ایک تخرکشک کے ساتھ آگے بڑھا ، سٹسیانوف دو دیگر افراد کے ساتھ سوار ہوا اور اسے گولی مار کر ہلاک کردیا گیا۔,0
7352,سپر اسٹار جیکی شرف کے ڈرائیور راہول رائے اپنا کام کرنے کے قابل نہیں تھے ، ان کی جگہ ان کے بیٹے دیپک (الوک ناتھ) نے لے لی۔,سپر اسٹار جیکی شرف کے ڈرائیور الوک ناتھ اپنا کام کرنے کے قابل نہیں تھے تاکہ ان کی جگہ ان کے بیٹے دیپک (راہول رائے) نے لے لی۔,0
7358,ولیم ہیئر کے والدین ولیم جے اور مرلن ایم ہیئر ہیں ، انہوں نے مورپارک کالج اور پھر کیلیفورنیا لوتھرن یونیورسٹی میں تعلیم حاصل کی۔,ولیم ہیئر کے والدین ولیم جے اور مرلن ایم ہیئر ہیں ، انہوں نے کیلیفورنیا لوتھرن یونیورسٹی اور پھر مورپارک کالج میں تعلیم حاصل کی۔,0
7361,انہوں نے اپنے مقامی کلب ایڈریگول کے ساتھ گیلک فٹ بال کا کردار ادا کیا اور وہ 1960 اور 1970 کی دہائی میں کارک سینئر انٹر کاؤنٹی ٹیم کے ممبر تھے۔,انہوں نے اپنے مقامی کلب ایڈریگول کے ساتھ سینئر انٹرکونٹی فٹ بال کھیلا اور وہ 1960 اور 1970 کی دہائی میں کارک گیلک ٹیم کے ممبر تھے۔,0
7363,مارک مشینی کینیڈا پنشن پلان انویسٹمنٹ بورڈ کے سی ای او تھے ، جسے مارک وائز مین نے جون 2016 میں تبدیل کیا تھا۔,مارک وائز مین کینیڈا پنشن پلان انویسٹمنٹ بورڈ کے سی ای او تھے ، جسے جون 2016 میں مارک مچینی نے تبدیل کیا تھا۔,0
7365,فارمولا _ 119 سے وابستہ اسٹاک فارمولہ _ 120 کے ساتھ ایک مارکیٹ پر غور کریں جس میں بے خطرہ ریٹرن فارمولا _ 121 ، فارمولا _ 122 اور ایک اسٹاکسٹک بانڈ کے ساتھ ہے,فارمولا 119 سے وابستہ شیئرز فارمولا 120 کے ساتھ ایک مارکیٹ پر غور کریں جس میں بے خطرہ ریٹرن فارمولا 121 ، فارمولا 122 اور اسٹاکسٹک بائنڈنگ کے ساتھ,0
7371,سلیم نے گلبھار ہاتن سے شادی کی ، جو بایزڈ II کی ماں ، بایزڈ II کے جانشین اور سیٹی میکریم ہاتون کے بھتیجے تھے۔,بایزد دوم نے گلبھار ہاتن سے شادی کی ، جو بایزڈ II کے جانشین ، سلیم اول اور ستی میکریم ہاتن کے بھتیجے کی ماں تھیں۔,0
7372,سیبن برگ نے گانے کو البم `` پر اپنے پسندیدہ کے طور پر بیان کیا ہے کیونکہ یہ اتنا ذاتی اور اتنا خالص ہے۔ '',سیبن برگ نے اس گانے کو البم `` پر اپنا پسندیدہ قرار دیا کیونکہ یہ اتنا خالص اور اتنا ذاتی ہے۔,1
7373,اوکٹیوس واری مالیٹ کی دوسری بیٹی ، ایلس انا کیتھرین نے 24 جون 1852 کو برطانوی قونصل خانے ، کولون میں تھامس سے شادی کی۔,تھامس این کی دوسری بیٹی ، ایلس انا کیتھرین نے 24 جون ، 1852 کو کولون میں برطانوی قونصل خانے میں آکٹویوس وار مالٹ سے شادی کی۔,0
7375,رچرڈ گبسن اور عدالتی مصور جان کارلائل کے ذریعہ ان کی تعریف کی گئی ، وہ پیٹر لیلی کی طرح کامیاب سمجھی جاتی ہیں۔,رچرڈ گبسن اور عدالتی مصور جان کارلائل نے پیٹر لیلی کی طرح کامیاب ہونے کی تعریف کی۔,1
7377,1958 سے ، میلکس ویانا اکیڈمی آف میوزک میں وایلن ، تاریخی وایلن ، وایولا اور باروک پرفارمنس کے پروفیسر تھے۔,1958 سے ، میلکس ویانا اکیڈمی آف میوزک میں وایلن ، باروک وایلن ، وایولا ، اور تاریخی پرفارمنس پریکٹس کے پروفیسر تھے۔,0
7380,ٹوڈ لیویک کا چھوٹا بھائی ، ٹم ، اس وقت 2015 سے نیشنل فٹ بال لیگ کے چیف آپریٹنگ آفیسر ہیں۔,ٹوڈ لیویک کے چھوٹے بھائی ٹم ، اس وقت 2015 سے نیشنل فٹ بال لیگ کے چیف آپریٹنگ آفیسر ہیں۔,1
7393,پہلا تولگی میں نمونہ ہوگا ، دوسرا فجی - جزیروں اور گواڈالکنال (آپریشن واچ ٹاور) کا قبضہ اور قبضہ ہوگا۔,پہلا تولگی میں ایک ریہرسل ہوگا۔ دوسرا فجی جزیروں اور گواڈالکنال (آپریشن واچ ٹاور) کے قبضے اور قبضہ ہوگا۔,1
7395,نارتھ اباکو جزیرے اباکو کے ایک اضلاع میں سے ایک ہے۔ اس کی آبادی 9،578 ہے۔ (2010 مردم شماری),یہ اباکو جزیرے پر بہاماس کے اضلاع میں سے ایک ہے اور اس کی آبادی 9،578 (2010 کی مردم شماری) ہے۔,1
7397,اگلا ٹاؤن ہال 1627 میں باروک اسٹائل میں تعمیر کیا گیا تھا اور اسے 1650 ، 1653 ، 1735 اور 1779 میں نقصان پہنچا تھا۔,اگلے ٹاؤن ہال کو 1627 میں باروک اسٹائل میں نقصان پہنچا تھا اور اسے 1650 ، 1653 ، 1735 اور 1779 میں تعمیر کیا گیا تھا۔,0
7399,بریور تخلیقی اور باہمی تعاون کے ساتھ کمیونٹی تک رسائی میں کام کرتا ہے اور فنکارانہ عمل میں دوسروں کی حوصلہ افزائی کے لئے اپنی بصیرت کا استعمال کرتا ہے۔,بریور تخلیقی اور باہمی تعاون کے عمل میں دوسروں کی حوصلہ افزائی کے لئے اپنی بصیرت کا استعمال کرتے ہوئے فنکارانہ برادری تک رسائی میں کام کرتا ہے۔,0
7403,جنات شکاگو بیئرز 27-21 پر گر پڑے اور 1976 کے بعد پہلی بار 0-6 تھے۔,شکاگو بیئرز جنات 27 - 21 میں گر گئے ، اور 1976 کے بعد پہلی بار 0 - 6 تھے۔,0
7404,ہشان ایک شہر ہے جو چین کے صوبہ فوزیئن ، فوزو سٹی ، چانگل کی کاؤنٹی میں واقع ہے۔,ہشان ایک شہر ہے جو کاؤنٹی سطح کے شہر چانگل ، فوزو سٹی ، صوبہ فوزیان ، چین میں واقع ہے۔,1
7405,وہ اس رات ، ٹیکمسہ کے مغرب میں اسٹیشن جاتا ، اور پھر اس سے پہلے کہ اس کے پڑوسیوں کو مشکوک ہوسکتا ہے اس سے پہلے کسی دوسرے گھوڑے کے ساتھ وایلیٹ اسپرنگس میں واپس آجائے گا۔,وہ اس رات ٹیکمسیہ کے مغرب میں اسٹیشن واپس آجاتا ، اور پھر اس کے پڑوسیوں کو مشکوک ہونے سے پہلے ہی کسی دوسرے گھوڑے کے ساتھ وایلیٹ اسپرنگس تک سوار ہوتا۔,0
7406,پیٹ سمپرس نے فائنل میں ٹم ہین مین کے خلاف 6: 7 ، 6: 4 ، 7: 6 جیتا۔,ٹم ٹم ہنمن نے آخری 6 - 7 ، 6 - 4 ، 7 - 6 میں پیٹ سمپرس کے خلاف کامیابی حاصل کی۔,0
7407,uvular کھجلی ایک قسم کی متضاد آواز ہے جو بین الاقوامی صوتی حروف تہجی میں کچھ بولی جانے والی زبانوں میں علامت کی علامت ہوتی ہے ، جو اس آواز کی نمائندگی کرتی ہے۔,اس کے ساتھ ہی ایک قسم کی uvular آواز ہے جو کچھ بولی جانے والی زبانوں میں بین الاقوامی صوتی حروف تہجی میں علامت کا استعمال ہوتی ہے ، جو اس آواز کی نمائندگی کرتی ہے ،,0
7410,1932 کی سویڈش آئس ہاکی چیمپینشپ نے سویڈش آئس ہاکی چیمپینشپ ، سویڈش نیشنل چیمپینشپ ، ہماربی کے 11 ویں سیزن میں کامیابی حاصل کی۔,1932 کی سویڈش آئس ہاکی چیمپیئن شپ سویڈش آئس ہاکی چیمپیئن شپ کا 11 واں سیزن ، سویڈش نیشنل چیمپیئن شپ ، ہماربی نے چیمپئن شپ جیت لی۔,0
7413,میکارتھی کیلیفورنیا کے سان فرانسسکو میں پیدا ہوئے تھے ، لیکن چار سال کی عمر میں وہ اپنے کنبے کے ساتھ آکلینڈ چلے گئے۔,میکارتھی کیلیفورنیا کے سان فرانسسکو میں پیدا ہوئے تھے ، لیکن وہ چار سال کی عمر میں اپنے والدین کے ساتھ آکلینڈ چلے گئے۔,1
7414,بی بی سی ورلڈ سروس نے مائیکل فلینڈرز کی سربراہی میں `` جانوروں ، سبزیوں اور معدنیات '' کے نام سے ایک ورژن بھی نشر کیا ، جس میں ٹیری ووگن سمیت ایک پینل تھا۔,بی بی سی ورلڈ سروس نے مائیکل فلینڈرز کی سربراہی میں `` جانوروں ، سبزیوں اور معدنیات '' کے نام سے ایک ورژن بھی نشر کیا جس میں ٹیری ووگن بھی شامل ہے۔,1
7419,اس برنگ کو 1988 میں غیر کام کرنے والی پرجاتیوں کے طور پر بیان کیا گیا تھا۔ یہ تقریبا لمبا ہے ، نئے پروں ہیں اور اڑ نہیں سکتے ہیں۔,اس برنگ کو 1988 میں غیر فعل پرجاتیوں کے طور پر بیان کیا گیا تھا۔ یہ تقریبا طویل عرصہ ہے ، اس میں نئے پروں ہیں اور وہ اڑ نہیں سکتے ہیں۔,1
7432,مہتا کے دو بچے جوہی چاولا ، ایک لڑکی ، جہنوی مہتا (پیدائش 2001) اور ایک لڑکا ، ارجن مہتا (پیدائش 2003) کے ساتھ ہیں۔,مہتا کے دو بچے جوہی چولہ ، ایک لڑکی ، جاہنوی مہتا (2001 میں پیدا ہوئے) اور ایک لڑکا ، ارجن مہتا (پیدائش 2003) کے ساتھ دو بچے ہیں۔,1
7435,وہ ویل ، بورس اور روزالینڈ لورون کی ماں بن گئیں ، ان کی بیٹی نفسیات کی پروفیسر تھیں۔,وہ ویل ، بورس اور روزالینڈ لورون کی ماں تھیں ، ان کی بیٹی نفسیات کی پروفیسر بن گئی۔,0
7441,ارمانڈو سینٹیاگو (پیدائش 18 جون ، 1932) پرتگالی کمپوزر ، کنڈکٹر ، میوزک ٹیچر اور کینیڈا کی پیدائش کا یونیورسٹی ایڈمنسٹریٹر ہے۔,ارمانڈو سینٹیاگو (پیدائش 18 جون 1932) کینیڈا کے کمپوزر ، کنڈکٹر ، میوزک ایجوکیٹر ، اور پرتگالی پیدائش کے یونیورسٹی ایڈمنسٹریٹر ہیں۔,0
7448,ابتدائی فلکیات میں ، اس کی شہرت ریاضی کی دنیا کے تعارف ، اور سیاروں کی نقل و حرکت کو سمجھنے میں ان کی فلکیاتی شراکت کی وجہ سے ہے۔,اس کی شہرت ریاضی کے فلکیات میں فلکیاتی دنیا کے تعارف اور سیاروں کی نقل و حرکت کی تفہیم میں ابتدائی شراکت کی وجہ سے ہے۔,0
7450,جسمانی نقاط کو استعمال کرنے کے بجائے ورچوئل اسپیس میں کوآرڈینیٹ کا استعمال کرتے ہوئے جغرافیائی روٹنگ انجام دینے کا خیال راؤ ایٹ ال کی وجہ سے ہے۔,جسمانی نقاط کو استعمال کرنے کے بجائے کوآرڈینیٹ کا استعمال کرتے ہوئے ورچوئل اسپیس میں جغرافیائی راستوں کو انجام دینے کا خیال راؤ ایٹ ال ہے۔,1
7457,وہ خاص طور پر اپنی تصاویر کے آرائشی اثر میں دلچسپی رکھتا تھا ، جو لمبے پوشاکوں یا اشاروں میں متاثرہ شخصیات پر مشتمل تھا ، بیانیہ کا مواد ثانوی تھا۔,وہ خاص طور پر اپنی تصاویر کے آرائشی اثر میں دلچسپی رکھتا تھا ، جو لمبی چادروں میں یا متاثرہ اشاروں سے اسٹائلائزڈ شخصیات پر مشتمل تھا۔ بیانیہ کا مواد ثانوی تھا۔,1
7459,کیٹا خاندان نے 17 ویں صدی کے اوائل سے لے کر 12 ویں صدی تک ، سے پری سامراجی اور امپیریل ، مالی پر حکمرانی کی۔,کیٹا خاندان نے 12 ویں صدی سے لے کر 17 ویں صدی کے اوائل تک پری امپیریل اور امپیریل مالی پر حکمرانی کی۔,0
7467,1979 میں ، اس نے ٹور پر اپنا بہترین سال گزارا ، اس نے تل ابیب ، جوہانسبرگ اور اٹلانٹا میں کوارٹر فائنل بنائے۔,1979 میں اس نے ٹور پر بہترین سال گزارا ، تل ابیب ، جوہانسبرگ اور اٹلانٹا میں ایک کوارٹر فائنل۔,1
7468,قائم مقام باس - رینی پکاریریٹو - بیٹا لورین پکاریٹو نے 1988 کو 1994 میں رہا کیا۔,قائم مقام باس - رینی پکاریریٹو - 1988 میں 1994 میں رہا ہونے والے لورین پکاریٹو کا بیٹا۔,1
7469,لندن میں مقیم ایک زیرزمین آزادانہ طور پر تیار کردہ الیکٹرانک میوزک میگزین تھا ، جس میں برطانوی میوزک اور بلیک میوزک کی مختلف شکلوں کا احاطہ کیا گیا تھا۔,شوک ایک الیکٹرانک میوزک میگزین تھا جو لندن میں زیر زمین تیار کیا گیا تھا جس میں برطانوی میوزک اور بلیک میوزک کی مختلف اقسام کا احاطہ کیا گیا تھا۔,1
7474,اس کے بعد انہوں نے ٹولڈو ، اوہ میں اسکول پڑھایا اور 1856-1859 تک کلیو لینڈ میں اسکولوں کے قائم مقام سپرنٹنڈنٹ تھے۔,اس کے بعد انہوں نے کلیولینڈ ، اوہ میں اسکول پڑھایا اور ٹولیڈو کے اسکولوں کے 1856-1859 سے نائب سپرنٹنڈنٹ تھے۔,0
7480,باقاعدگی سے ، احترام ہے۔ گروپوں کے فارمولے _ 11 کے ساتھ بے قاعدہ ، ضروری شراکتیں _ 11 اقسام کے 285,فارمولا 11 میں گروپوں کی طرف سے باقاعدہ ، یا فاسد ، ضروری شراکتیں ہیں جن میں ایبیلینائزیشن فارمولہ 285 اقسام ہیں۔,1
7483,`` کاسمک ایکسپلورر '' کو 6 اپریل ، 2016 کو یونیورسل جے جاپان ، یونیورسل میوزک ، اور پرفیوم ریکارڈز نے چار مختلف شکلوں میں جاری کیا تھا۔,"""کائناتی ایکسپلورر"" کو یونیورسل جے جاپان ، یونیورسل میوزک اور پرفیوم ریکارڈز نے 6 اپریل 2016 کو چار مختلف شکلوں میں جاری کیا تھا۔",1
7487,دریائے ایریئول گھوڑی رومانیہ میں دریائے والسیہ کی ایک آبدھی ہے۔,دریائے والسیا رومانیہ میں دریائے ایریئول گھوڑی کی ایک آب و ہوا ہے۔,0
7503,ایل ہیٹیلو مفت عوامی تعلیم کی پیش کش کرتا ہے ، جس میں کل پرائمری ایجوکیشن اسکول ہیں۔ گیارہ نجی اور چھ عوامی ہیں۔,ایل ہیٹیلو کل سترہ پرائمری اسکولوں کے ساتھ مفت عوامی تعلیم مہیا کرتا ہے ، گیارہ نجی اور چھ عوامی ہیں۔,1
7505,1953 میں ، تیمتھیس ڈیٹوڈامو ایک طویل علالت کے بعد فوت ہوگئے ، اور ان کی جگہ ریمنڈ گڈابو نے ہیڈ چیف کی حیثیت سے لے لی۔,1953 میں ، ریمنڈ گڈابو ایک طویل علالت کے بعد انتقال کر گئے اور ان کے بعد تیمتھیس ڈیٹوڈامو کے چیف کی حیثیت سے ان کی جگہ آئی۔,0
7508,جنگ کے بعد ، اس نے 1948 اور 1949 میں رائل نیوی کے خلاف فوج کے لئے دو بار اور 1949 میں کیمبرج یونیورسٹی کے خلاف دو بار کھیلا۔,جنگ کے بعد ، اس نے رائل نیوی ، 1948 اور 1949 کے خلاف فوج کے لئے دو بار اور 1949 میں کیمبرج یونیورسٹی کے خلاف دو بار کھیلا۔,1
7509,آڈیو کو براہ راست ڈیجیٹل ریکارڈنگ کے ساتھ برقرار رکھا جاتا ہے (لہذا آڈیو کوالٹی ٹرانسکرپٹ ہے)۔,آڈیو کو براہ راست ڈیجیٹل ریکارڈنگ کے ساتھ نقل کیا گیا ہے (آڈیو کوالٹی برقرار ہے)۔,0
7514,چیف ایڈیٹر ہربرٹ ویسلز (2009 سے) ہیں ، دوسرا ایڈیٹر مارکس ارمرٹ (2002 سے) ہے۔,دوسرا ایڈیٹر ہربرٹ ویسلز (2009 سے) ہے ، ایڈیٹر ان چیف مارکس ارمرٹ (2002 سے) ہیں۔,0
7517,یہ گانا فلپو آندریا کارمینی اور موریزیو مولیلا کے تیار کردہ گالا نے لکھا تھا اور اس پر مشتمل تھا۔,یہ گانا گالا نے فلپو آندریا کارمینی اور موریزیو مولیلا نے تیار کیا تھا اور اس کی تشکیل کی تھی۔,1
7518,ڈی رائٹر ، جو لیڈن میں پیدا ہوئے ہیں ، نے ایف سی اتریچٹ ، ایف سی ڈین بوش ، ایکسلسیئر ، آر کے سی والواجک اور ایف سی ایمن کے لئے کھیلا ہے۔,لیڈن میں پیدا ہوئے ، ڈی رائٹر نے ایف سی اتریچٹ ، ایف سی ڈین بوش ، ایکسلسیئر ، آر کے سی والواجک اور ایف سی ایمن کے لئے کھیلا ہے۔,1
7521,اس کے علاوہ کیو فینگ کا ایک بیٹا ، کی ماؤ بھی تھا۔,کی فینگ کا ایک بیٹا ، کی ماؤ بھی تھا۔,1
7527,کینسر جینوم - پروجیکٹ کو پیٹر کیمبل نے 2000 میں لانچ کیا تھا ، اور مائیکل اسٹریٹن اب اس منصوبے کے گروپ لیڈر ہیں۔,کینسر جینوم پروجیکٹ کو پیٹر کیمبل نے 2000 میں لانچ کیا تھا ، اور مائیکل اسٹریٹن اب اس منصوبے کے گروپ لیڈر ہیں۔,1
7529,جیسکا لو نے 2004 میں رننگ کا آغاز کیا ، اور اولیویا لو نے 2006 میں اس کی پیروی کی۔,2004 میں ، اولیویا لو نے قطار لگائی ، اور جیسکا لو نے 2006 میں اس کی پیروی کی۔,0
7533,یہ نظم چار عصری مخطوطات میں محفوظ ہے ، جن میں سے ایک ٹکڑا ہے:,نظم چار عصری مخطوطات میں محفوظ ہے ، جن میں سے ایک ٹکڑا ہے:,1
7540,اینگیمیٹولس مونیری ایک سمندری سست پرجاتی ہے ، بوکینیڈی فیملی میں ایک حقیقی گیسٹروپڈ مولسک ، پہیے والی سمندری۔,اینگیمیٹولس مونیری سمندری سست کی ایک قسم ہے ، بوکینیڈی کے خاندان میں ایک سمندری گیسٹروپڈ مولوسک ، سچی پہیے۔,0
7545,پروپلیڈیم پیلسنیری سمندری سست کی ایک قسم ہے ، ایک سچا لیمپیٹ ، لیپٹیڈی خاندان میں ایک حقیقی گیسٹروپڈ مولوسک ، سمندری لیمپٹس کے کنبے میں سے ایک ہے۔,پروپلیڈیم پیلسنری سمندری سست کی ایک قسم ہے ، ایک سچا لیمپیٹ ، لیپٹیڈی خاندان میں ایک سمندری گیسٹروڈ مولسک ، جو سچے لمپٹس کے خاندانوں میں سے ایک ہے۔,0
7546,سائمن سائمن 1979 میں چارلی اور میگن پیس میں پیدا ہوئے تھے اور انگلینڈ کے مانچسٹر میں رہتے تھے۔,سائمن 1979 میں چارلی اور میگن پیس میں پیدا ہوا تھا ، اور انگلینڈ کے مانچسٹر میں رہتا تھا۔,1
7547,ریاستہائے متحدہ کی مردم شماری بیورو کے مطابق ، کینیسو ایک کل رقبہ ہے جس کا زمین ہے اور 1.08 ٪ پانی ہے۔,ریاستہائے متحدہ کی مردم شماری بیورو کے مطابق ، کینیسو کا کل رقبہ ہے ، جس میں سے زمین ہے اور ، یا 1.08 ٪ پانی ہے۔,1
7549,پورٹ لنکن سے سیڈونا تک جزیرہ نما آئیر پر ایک الگ تھلگ تنگ گیج ریلوے بھی موجود ہے۔,پورٹ لنکن سے سیڈونا تک جزیرہ نما آئیر پر چلنے والی ایک الگ تھلگ تنگ گیج ریلوے بھی ہے۔,1
7550,یہ ریاستہائے متحدہ (مائن ، اوریگون ، کیلیفورنیا) اور برٹش کولمبیا (کینیڈا) سے جانا جاتا ہے۔,یہ ریاستہائے متحدہ (مائن ، اوریگون ، کیلیفورنیا) اور کینیڈا (برٹش کولمبیا) سے مشہور ہے۔,1
7560,صرف دوسری جیننگز ٹاؤن شپ پوٹنم کاؤنٹی میں ہے۔,ریاست بھر میں ، جیننگز کی واحد دوسری بستی پوٹنم کاؤنٹی میں واقع ہے۔,1
7561,انہیں 1824 میں سینیکا کاؤنٹی ، 1826 میں ولیمز کاؤنٹی ، اور 1827 میں سینڈوسکی کاؤنٹی کے لئے پراسیکیوشن اٹارنی مقرر کیا گیا تھا۔,انہیں 1824 میں ولیمز کاؤنٹی ، 1826 میں سینیکا کاؤنٹی کے لئے ، اور 1827 میں سینڈوسکی کاؤنٹی کے لئے الزام لگانے والا وکیل مقرر کیا گیا تھا۔,0
7564,معاشی منافع پر غور کرتے وقت واضح اخراجات کو بھی مدنظر رکھا جاتا ہے۔,جب مضمر منافع پر غور کیا جائے تو ، معاشی اخراجات کے ساتھ ساتھ واضح اخراجات بھی مدنظر رکھے جاتے ہیں۔,0
7576,یسوع نے تین دن مچھلی کے پیٹ میں گزارے ، اور یوناہ تین دن قبر میں گزارتا۔,یوناہ نے مچھلی کے پیٹ میں تین دن گزارے۔ یسوع تین دن قبر میں گزاریں گے۔,0
7577,چیف ایڈیٹر ہربرٹ ویسلز (2009 سے) ہیں ، دوسرا ایڈیٹر مارکس ارمرٹ (2002 سے) ہے۔,چیف ایڈیٹر ہربرٹ ویسلز (2009 سے) ہیں ، دوسرا ایڈیٹر مارکس ارمرٹ (2002 سے) ہے۔,1
7585,گیلرمو کوریا نے البرٹو مارٹن کو 6 - 3 ، 3 - 6 ، 6 - 2 کو شکست دی,گیلرمو کوریا البرٹو مارٹن 6 - 3 ، 3 - 6 ، 6 - 2 کو شکست دی,0
7586,شیل کا رنگ ہموار ہے ، ایک بہت ہی پتلی ، سفید ، زرد بھوری بھوری ایپیڈرمیس کے نیچے۔,شیل کا رنگ ہموار ہے ، ایک بہت ہی پتلی ، سفید ، زرد بھوری بھوری ایپیڈرمیس کے نیچے۔,1
7588,`` ٹرسٹ ان می '' ایک ایسا گانا ہے جو نیڈ ویور ، ملٹن ایگر اور جین شوارٹز نے لکھا تھا۔,`` ٹرسٹ ان می '' ایک گانا ہے جو جین شوارٹز ، ملٹن ایجر ، اور نیڈ ویور کا لکھا ہوا ہے۔,1
7593,1966 میں مشرقی جرمنی میں 1949 میں مغربی جرمنی میں آخری بار ، `` فالبیل 'کا استعمال کیا گیا تھا۔,1949 میں مغربی جرمنی میں 1966 میں ، 1949 میں مشرقی جرمنی میں آخری بار `` فالبیل 'کا استعمال کیا گیا تھا۔,0
7595,یہ 20 ستمبر 1919 کو ایڈتھ ویل کے افتتاحی جنوب مشرقی میلبورن کے نواحی علاقوں میں کام کرتا ہے۔,یہ 20 ستمبر 1919 کو ایڈتھ ویل کے افتتاحی جنوب مشرقی میلبورن کے نواحی علاقوں میں کام کرتا ہے۔,1
7596,دیگر مشکلات میں پیٹر جیکسن کے فلم کے کھلنے سے سات ہفتوں قبل ہاورڈ ساحل سے جیمز نیوٹن ہاورڈ میں کمپوزروں کو تبدیل کرنے کا فیصلہ بھی شامل تھا۔,دیگر مشکلات میں پیٹر جیکسن کا ہاورڈ ساحل کے کمپوزروں کو فلم کی تبدیلی سے سات ہفتے قبل جیمز نیوٹن ہاورڈ میں تبدیل کرنے کا فیصلہ بھی شامل تھا۔,0
7598,کوالالمپور کے ایک سیٹلائٹ قصبے کی حیثیت سے اس کی حیثیت ملائیشیا میں وادی کلنگ کے مرکز میں اس کے مقام سے منسلک ہے۔,کوالالمپور کے ایک سیٹلائٹ قصبے کی حیثیت سے اس کی حیثیت ملائیشیا میں وادی کلنگ کے مرکز میں اس کے مقام سے منسلک ہے۔,1
7599,اسٹیٹ بورو - بلوچ کاؤنٹی ہوائی اڈے امریکی معاونت کی فضائیہ کا گھر ہے۔ سول ایئر گشت کے اسٹیٹ بورو `` ایگل '' جامع اسکواڈرن (GA451)۔ www.statesborocap.com۔,اسٹیٹ بورو - بلوچ کاؤنٹی ہوائی اڈے میں امریکی فضائیہ کے معاون بورو `` ایگل '' ایگل '' جامع اسکواڈرن (GA451) کا گھر ہے۔ www.statesborocap.com,1
7600,شکاگو بیئرز جنات 27 - 21 میں گر گئے ، اور 1976 کے بعد پہلی بار 0 - 6 تھے۔,شکاگو بیئرز جنات 27 - 21 پر گر پڑے اور 0 - 6 کے ساتھ 1976 کے بعد پہلی بار تھے۔,1
7603,وہ 6 جنوری 1976 کو ایلیکانٹے میں انتقال کر گئے ، اور انہیں میڈرڈ میں چرچ آف دی میڈرڈ میں سپرد خاک کردیا گیا۔,ان کا 6 جنوری 1976 کو میڈرڈ میں انتقال ہوگیا اور انہیں ایلیکینٹ کے چرچ میں سپرد خاک کردیا گیا۔,0
7611,اس کا تعلق وارسا میں مصنفین اور کمپوزروں کی پیشگی ایسوسی ایشن کے یہودی سیکشن سے تھا۔,اس کا تعلق وارسا میں تھیٹر کے مصنفین اور کمپوزروں کی پیشگی ایسوسی ایشن کے یہودی سیکشن سے تھا۔,1
7613,ہوپکورو امریکن بلوز راک بینڈ ہاٹ ٹونا کا ساتواں البم تھا ، اور ان کا آخری اسٹوڈیو البم گرنٹ ریکارڈز کے لئے ریکارڈ کیا گیا تھا ، جیسا کہ گرنٹ BFL1-1920۔,ہوپکورو امریکن بلوز کا ساتواں البم تھا - راک - بینڈ ہاٹ ٹونا اور گرنٹ ریکارڈز کے لئے ان کا آخری اسٹوڈیو البم گرنٹ BFL1-1920 کے طور پر ریکارڈ کیا گیا تھا۔,1
7616,اپنی موت کے وقت ، ڈیوڈ کارڈنل بیٹن سینٹ اینڈریوز کے لارڈ چانسلر ، اسکاٹ لینڈ کے آرچ بشپ ، اور اسکاٹ لینڈ کے کارڈنل لیگیٹ تھے۔,ان کی موت کے وقت ، ڈیوڈ کارڈنل بیٹن اسکاٹ لینڈ کے لارڈ چانسلر ، سینٹ اینڈریوز کے آرک بشپ ، اور اسکاٹ لینڈ میں کارڈنل لیگیٹ تھے۔,0
7618,سومرز چارلس کاکس کا بیٹا ، پہلا بیرن سومرز ، اور رچرڈ ایلیٹ کی بیٹی الزبتھ تھا۔,سومرز رچرڈ ایلیٹ کا بیٹا تھا ، پہلی بار بیرن سومرز اور چارلس کاک ، الزبتھ کی بیٹی۔,0
7621,وہ اس کو افسانہ نگاری کی ایک نئی دریافت نامزد کرتا ہے ، اور اسے چینی ادب کا ایک متک-حقیقت پسندی سمجھتا ہے۔,وہ اس کو افسانے کی ایک نئی دریافت کے طور پر بیان کرتا ہے - لکھنے اور اسے چینی ادب کا ایک متک -حقیقت پسندی سمجھتا ہے۔,1
7623,بیرنز ڈی لانگوئیل کئی نسلوں سے کینیڈا میں نہیں رہے ہیں ، بلکہ اسکاٹ لینڈ اور فرانس میں اور 1970 کی دہائی میں لوزون ، فلپائن میں رہتے تھے۔,بیرنز ڈی لانگیوئل اسکاٹ لینڈ میں کئی نسلوں سے نہیں رہتے تھے ، کینیڈا اور فرانس میں رہتے تھے اور ، 1970 کی دہائی میں ، لوزون ، فلپائن میں۔,0
7625,ماؤنٹ ڈیوو وینکوور جزیرے ، برٹش کولمبیا ، کینیڈا کا ایک پہاڑ ہے ، جو ریمبلر چوٹی کے جنوب مشرق میں اور دریائے سونے کے جنوب میں واقع ہے۔,ماؤنٹ ڈیوو وینکوور جزیرے ، برٹش کولمبیا ، کینیڈا کا ایک پہاڑ ہے ، جو دریائے سونے کے جنوب مشرق میں اور ریمبلر چوٹی کے جنوب میں واقع ہے۔,0
7638,سومتراپی (یا سوما) کو 1970 کی دہائی میں ولہیلم ریخ نے گروپ تھراپی کے طور پر بنایا تھا ، جو نفسیاتی فریئر کی تحقیق پر مبنی تھا۔,سومتراپی (یا سوما) کی بنیاد 1970 کی دہائی میں ولہیلم ریخ کے ذریعہ گروپ تھراپی کے طور پر رکھی گئی تھی ، جو نفسیاتی فریئر کی تحقیق پر مبنی تھی۔,1
7645,یہ مغربی اور وسطی یورپ اور جنوبی ایشیاء میں پایا جاتا ہے۔,یہ جنوبی یورپ اور مغربی اور وسطی ایشیا میں دستیاب ہے۔,0
7647,یہ شہر کے پنچکولا کے چندیمندیر کنٹونمنٹ ایریا کی خدمت کرتا ہے۔,یہ پنچکولا سٹی کے چندیمندیر کنٹونمنٹ ایریا کی خدمت کرتا ہے۔,1
7657,ویتنام کی جنگ کے دوران ، ٹرائیڈ کو شمال میں لیکن جنوب میں ختم کردیا گیا۔,ویتنام کی جنگ کے دوران شمال میں ، لیکن جنوب میں اس ٹرائیڈ کو ختم کردیا گیا تھا۔,1
7659,اس فلم میں الینا کروکووا نے ترمیم کی تھی اور آندرے لیٹوینوف نے تیار کیا تھا۔,اس فلم کو الینا کروکووا نے تیار کیا تھا اور آندرے لیٹوینوف نے کاٹا تھا۔,0
7660,سری لنکا میں ، چارٹرڈ اکاؤنٹنٹ (سی اے سری لنکا) کا عنوان سری لنکا کے چارٹرڈ اکاؤنٹنٹس کے صرف ممبران ہی استعمال کرسکتے ہیں۔,سری لنکا میں چارٹرڈ اکاؤنٹنٹ (سی اے سری لنکا) کا عنوان صرف سری لنکا کے اکاؤنٹنٹس انسٹی ٹیوٹ کے ممبروں کے ذریعہ استعمال کیا جاسکتا ہے۔,1
7661,زنگون نے لٹو کے لئے کلب فٹ بال کھیلا۔,لٹو نے زنگون کے لئے فٹ بال کلب کھیلا۔,0
7662,اسپرٹا میں اپنی بنیادی اور ثانوی تعلیم کے بعد انہوں نے استنبول میں پرٹیوینیال ہائی اسکول مکمل کیا۔,اسپرٹا میں اپنی بنیادی اور ثانوی تعلیم کے بعد ، اس نے استنبول میں پرٹیوینیال ہائی اسکول مکمل کیا۔,1
7666,میک ملن نے دو سال رائل میڈیکل کارپوریشن میں ڈڈکوٹ - اور بعد میں ٹڈ ورتھ میں گزارے ، جہاں انہوں نے کورین جنگ میں زخمی فوجیوں کے لئے ایم آر ایس چلایا۔,میک ملن نے دو سال ٹڈ ورتھ کے رائل میڈیکل کارپوریشن میں گزارے - اور بعد میں ڈڈکوٹ میں ، جہاں انہوں نے کورین جنگ میں زخمی فوجیوں کے لئے ایم آر ایس چلائی۔,0
7674,جیکب مارکل (8 مئی ، 1770 - 26 نومبر ، 1852) ہنری مارکل کے والد ، نیو یارک سے امریکی نمائندے تھے۔,جیکب مارکل (8 مئی ، 1770 - 26 نومبر 1852) ہنری مارکل کے والد نیو یارک کے نمائندے تھے۔,1
7679,زراعت میں اس کے بعد کا کام بنیادی طور پر نورفولک میں تھا ، لیکن اس نے لنکن شائر میں وسیع پیمانے پر پشتے بھی تجویز کیے ، جو کامیابی کے ساتھ انجام دیئے گئے تھے۔,زراعت میں اس کے بعد کا کام بنیادی طور پر لنکن شائر میں تھا ، لیکن اس نے نورفولک میں وسیع پیمانے پر پشتے بھی تجویز کیے ، جو کامیابی کے ساتھ انجام دیئے گئے تھے۔,0
7680,ریاستہائے متحدہ کی مردم شماری بیورو کے مطابق ، یہ شہر ایک سطح کا کل رقبہ ہے جس میں سے زمین اور / یا 33.45 ٪ ہے ، پانی ہے۔,ریاستہائے متحدہ کی مردم شماری بیورو کے مطابق ، یہ قصبہ ایک کل رقبہ ہے ، جس میں سے زمین ہے اور 33.45 ٪ پانی ہے۔,1
7684,اس کی ہدایتکاری جارج فٹزمورائس نے کی تھی اور یہ 1917 کے کھیل ، `` ٹائیگر روز '' پر مبنی ہے ، جس میں ولارڈ میک کے ذریعہ تھا۔,جارج فٹزمورائس کی ہدایت کاری میں ، یہ 1917 میں ولارڈ میک کے ذریعہ ایک ڈرامے `` ٹائیگر روز '' پر مبنی ہے۔,1
7686,سیڈونا سے پورٹ لنکن تک جزیرہ نما آئیر پر چلنے والی ایک الگ تھلگ تنگ گیج ریلوے بھی ہے۔,پورٹ لنکن سے سیڈونا تک جزیرہ نما آئیر پر ایک الگ تھلگ تنگ گیج ریلوے بھی موجود ہے۔,0
7688,میونسپل پارکس کے علاوہ ، اس علاقے میں دس ریاستی پارکس ، پانچ قومی سہولیات ، اور کئی دیگر باغات اور اربیٹمز ہیں۔,شہر کے پارکوں کے علاوہ ، اس علاقے میں دس ریاستی پارکس ، پانچ قومی سہولیات اور کئی دیگر باغات اور اربیٹمز ہیں۔,1
7700,بیٹٹ پگ ایک ویب کامک ہے جو مائیک نورٹن نے لکھا ہے اور اس کی مثال ہے ، جس کا رنگ ایلن پاسالکا نے رنگا ہے ، اور کرس کرینک کے ذریعہ لکھا ہے۔,بیٹٹ پگ ایک ویب کامک ہے جو مائک نورٹن کا ایک ویب کامک ہے ، جسے ایلن پاسالکا نے لکھا ہے ، جسے کرس کرینک نے لکھا ہے اور اس کی مثال دی ہے۔,0
7706,بعد میں اس کی تصدیق 15 اکتوبر کو برطانیہ میں اور 23 اکتوبر کو امریکہ میں البم کے لئے ایک سنگل کے طور پر جاری کی گئی۔,بعد میں اس کی تصدیق 15 اکتوبر کو برطانیہ میں البم کے لئے ایک سنگل کے طور پر ، اور 23 اکتوبر کو امریکہ میں جاری کی گئی۔,1
7707,اس کی شادی الزبتھ ینگ (1854 - 1932) سے ہوئی تھی اور وہ شپنگ میگنیٹ این او کے والد تھے۔ ینگ فیرنلی اور زمیندار تھامس فیرنلی۔,اس کی شادی الزبتھ ینگ (1854 - 1932) سے ہوئی تھی اور وہ شپنگ میگنیٹ تھامس فیرنلی اور زمیندار این او کے والد تھے۔ ینگ فیرنلی۔,0
7715,انہوں نے ای ایس پی این کے ساتھ اپنے تعلقات کو جاری رکھا ، نیٹ ورک کے لئے دو اور فلموں ، `` وینڈل اسکاٹ '' اور `` ہرشیل '' کی ہدایت کاری جاری رکھی۔,انہوں نے ای ایس پی این کے ساتھ نیٹ ورک کے لئے دو اور فلموں ، `` ہرشیل '' اور `` وینڈل اسکاٹ '' کی قیادت کرنے کے لئے اپنے تعلقات کو جاری رکھا۔,1
7723,2001 میں سائبیرین ایئر لائنز اینکر کے ساتھ مل گئی۔,2001 میں ، سائبیرین ایئر لائنز اینکر کے ساتھ مل گئیں۔,1
7726,29 نومبر 1171 کو ، گونزالو نے پہلی بار `` گونزالو روئز ڈی بوریبا '' کے طور پر ایک چارٹر پر دستخط کیے۔,29 نومبر 1171 کو ، گونزالو روئز ڈی بوریبا نے پہلی بار گونزالو کے نام سے ایک سرٹیفکیٹ پر دستخط کیے۔,0
7729,الیکٹرانک اور ڈیجیٹل ویڈیو ٹکنالوجی کی آمد تک ، فحش فلموں کی بڑے پیمانے پر پروڈکشن کو براہ راست مرکزی دھارے میں شامل فلم انڈسٹری سے منسلک کیا گیا تھا۔,الیکٹرانک اور ڈیجیٹل ویڈیو ٹکنالوجی کی آمد تک ، فحش فلموں کی بڑے پیمانے پر پروڈکشن کو براہ راست مرکزی دھارے میں شامل فلمی صنعت سے منسلک کیا گیا تھا۔,1
7733,انہوں نے رابرٹ اوون (1934) ، تھامس مور (1935) اور ٹوماسو کیمپینیلا (1950) کے ایڈیشن کو پیش کیا اور لکھا۔,انہوں نے ٹوماسو کیمپینیلا (1934) ، تھامس مور (1935) اور رابرٹ اوون (1950) کے ایڈیشن کے پریفیسس شائع اور لکھے۔,0
7734,لینگ اسرائیل میں پیدا ہوا تھا ، ایک نوجوان کی حیثیت سے آسٹریلیا ہجرت کر گیا تھا اور 1961 میں وہاں آباد ہوا تھا۔,اسرائیل میں پیدا ہوئے ، لینگ ایک نوجوان کی حیثیت سے آسٹریلیا ہجرت کرگیا اور 1961 میں وہاں آباد ہوگیا۔,1
7743,رومن - بنگوما کا کیتھولک ڈائیسیس کینیا کے کلیسیائی صوبے بنگوما میں واقع قصیمو قصبے میں ایک ڈائیسیس ہے۔,بنگوما کا رومن کیتھولک ڈائیسیس ایک ڈائیسیس ہے جو کینیا کے کلیسیائی صوبہ کسومو میں واقع بنگوما شہر میں واقع ہے۔,0
7745,نوزومو ساساکی کا اظہار اصل سیریز میں جاپانی میں میکی اور انگریزی میں فرینک ٹرمبل نے کیا۔,نوزومو ساساکی کو جاپانی زبان میں ماکی نے آواز دی اور اصل سیریز میں انگریزی میں فرینک ٹرمبل۔,1
7748,روایتی جنگ کے لئے تین بریگیڈ (11 بٹالین) اٹھائے گئے تھے۔ ایک بڑی گوریلا فورس (جس کا تخمینہ 100،000 ہے) کی تربیت کی گئی تھی۔,روایتی جنگ کے لئے تین بریگیڈ (11 بٹالین) کو تربیت دی گئی ، ایک بڑی گوریلا فورس (جس کا تخمینہ 100،000 ہے) قائم کیا گیا تھا۔,0
7749,کوریا میں ، اس ڈیزائن کا استعمال جوزون میں داؤ ازم کی نمائندگی کرنے اور ین اور یانگ کی ہم آہنگی کی امید کے اظہار کے لئے کیا گیا تھا۔,کوریا میں ، اس مسودے کا استعمال جوزون میں داؤ ازم کو پیش کرنے اور ین اور یانگ کی ہم آہنگی کی امید کے اظہار کے لئے کیا گیا تھا۔,1
7750,وہ لوکاس (مارٹن ہینسن) کے ساتھ ریاضی کے لئے مشہور کارنیگی اسکالرشپ کا شریک وصول کنندہ ہے۔,وہ ریاضی کے لئے مائشٹھیت کارنیگی اسکالرشپ کے مارٹن ہینسن (لوکاس) کے ساتھ شریک وصول کنندہ ہے۔,1
7754,2007 کی چیمپئن شپ 21 سے 28 جنوری تک سپوکن ، واشنگٹن میں سپوکن کنونشن سینٹر اور اسپوکین ایرینا میں ہوئی۔,2007 کی چیمپین شپ 21 جنوری سے 28 جنوری کے درمیان سپوکن ، واشنگٹن میں سپوکن ایرینا اور اسپوکین کنونشن سینٹر میں ہوئی۔,1
7755,زیڈ وٹز 1932 میں امریکن برج لیگ کے صدر تھے ، ان تنظیموں میں سے ایک جس کے انضمام نے 1937 میں امریکن کنٹریکٹ برج لیگ کی بنیاد رکھی تھی۔,وان زیڈٹز امریکن کنٹریکٹ برج لیگ کے 1932 کے صدر تھے ، ان تنظیموں میں سے ایک جس نے انضمام نے 1937 میں امریکن برج لیگ قائم کی تھی۔,0
7759,ان کے پاس 13 ڈورسل ریڑھ کی ہڈی ، 11 سے 13 ڈورسل نرم کرنیں ، 2 مقعد اسپائنز ، اور 11 سے 13 مقعد نرم کرنیں ہیں۔,ان کے پاس 13 مقعد نرم ریڑھ کی ہڈی ، 11 سے 13 ڈورسل نرم کرنیں ، 2 بیک ریڑھ کی ہڈی اور 11 سے 13 مقعد کی کرنیں ہیں۔,0
7761,وینی ٹیسٹیورڈے نے اسٹارٹر پر غور کیا ، رے لوکاس بیک اپ کی نوکری کے لئے زولک کے خلاف مقابلہ کر رہے تھے۔,وینی ٹیسٹیورڈ کے بطور اسٹارٹر کے ساتھ ، زولک بیک اپ ملازمت کے مقابلہ میں رے لوکاس کے خلاف تھا۔,0
7763,یہ اس کے میڈینیٹ حبو مردہ خانے کے مندر سے دو لمبی تحریروں میں ریکارڈ کیا گیا تھا ، جو جسمانی طور پر الگ اور ایک دوسرے سے کچھ مختلف ہیں۔,یہ اس کے جسم کی ہارڈ میڈینیٹ حبو سے دو لمبی تحریروں میں ریکارڈ کیا گیا تھا ، جو جسمانی طور پر الگ اور ایک دوسرے سے کچھ مختلف ہیں۔,1
7764,دوسرے مضامین میں اس نے شمان منصوبے کے تحت معاشی نظریات کی تعریف کی اور یورپی مشترکہ مارکیٹ میں توسیع کی تعریف کی۔,دوسرے مضامین میں ، اس نے شمان منصوبے کے تحت معاشی نظریات کی تعریف کی اور یورپی مشترکہ مارکیٹ میں توسیع کے لئے تعریف کی۔,1
7767,`` 2 '' بینجمن ہو کی شادی 29 اگست 1806 کو جیفرسن کاؤنٹی میں الزبتھ کور کے ساتھ ، جسٹس آف پیس ، اسٹیفن فورڈ نے 29 اگست 1806 کو کی تھی۔,اسٹیفن اسٹیفن کی شادی 29 اگست 1806 کو جیفرسن کاؤنٹی ، الزبتھ کور میں ، جسٹس آف پیس ، بینجمن ہیف نے 29 اگست 1806 کو کی تھی۔,0
7768,عملی طور پر ، میسکوائٹ `` ماڈیولز '' جاوا کی کلاسیں ہیں ، عام طور پر ٹھوس طبقاتی تعریفوں کے تجریدی ذیلی طبقات۔,عملی طور پر ، میسکوائٹ `` ماڈیولز '' جاوا - کلاس عام طور پر ٹھوس طبقاتی تعریفوں کے خلاصہ ذیلی طبقات ہوتے ہیں۔,1
7770,یورپی لیتھوسٹراٹراگرافی میں ، اس درمیانی جراسک دور کے پتھروں کو ڈاگگر کہا جاتا ہے۔,درمیانی جورا میں - لیتھوسٹراٹراگرافی میں ، اس یورپی دور کے پتھروں کو ڈوگجر کہا جاتا ہے۔,0
7771,جی ایل اے کے اصل اثرات کے تجرباتی مشاہدے میں یہ استدلال کیا گیا ہے کہ ڈی جی ایل اے کے اینٹی سوزش کے اثرات غالب ہیں۔,جی ایل اے کے سوزش کے اثرات کے تجرباتی مشاہدے کا استدلال ہے کہ ڈی جی ایل اے کے اصل اثرات غالب ہیں۔,0
7775,یہ گانا فلپو آندریا کارمینی اور موریزیو مولیلا کے ذریعہ تیار کردہ گالا نے لکھا تھا اور اس پر مشتمل تھا۔,یہ گانا گالا نے لکھا اور تیار کیا تھا ، جسے فلپپو آندریا کارمینی اور موریزیو مولیلا نے تشکیل دیا تھا۔,0
7783,مئی میں ، اسپینسر میک لارن کیرن فلیچر کی حیثیت سے پہنچے ، جو قائم کردہ کردار سیلی فلیچر (کیٹ رچی) کے لئے محبت کی دلچسپی ہے۔,مئی میں ، کیٹ رچی سیلی فلیچر کی حیثیت سے پہنچی ، جو قائم کردہ کردار کیرن فلیچر (اسپینسر میک لارن) کے لئے محبت کی دلچسپی ہے۔,0
7789,مہتا کے دو بچے جوہی چاولا ، ایک لڑکی ، جہنوی مہتا (پیدائش 2001) اور ایک لڑکا ، ارجن مہتا (پیدائش 2003) کے ساتھ ہیں۔,مہتا کے دو بچے جوہی چاولا ، ایک لڑکی ، جاہنوی مہتا (پیدائش 2001) اور ایک لڑکا ارجن مہتا (2003 میں پیدا ہوئے) کے ساتھ دو بچے ہیں۔,1
7792,اسکیل کوٹس میں ایک لائبریری ، پوسٹ آفس ، ایک سوئمنگ پول ہے جسے بیورلی روڈ باتھس ، ایک ہائی اسکول اور دو پرائمری اسکول کہتے ہیں۔,اسکیل کوٹس میں ایک لائبریری ، ایک پوسٹ آفس ، ایک تیراکی کا غسل ہے جسے بیورلی روڈ باتھس ، ایک پرائمری اسکول اور دو ہائی اسکول کہتے ہیں۔,0
7796,ینگارالا رامبابو ایک تلگو فلم ہے ، جسے کرانتھی مادھاو نے لکھا اور اس کا انعقاد کیا اور اسے پاروچوری کیرتی نے تیار کیا ہے۔,ینگارالا رامبابو ایک تلگو فلم ہے جو پروچوری کرتی نے لکھی ہے اور اس کی ہدایت کاری کی ہے اور اسے کرانتھی مادھو نے تیار کیا ہے۔,0
7802,اس نے قریبی جنوبی اورنج ، نیو جرسی (جو اب ویسٹ اورنج میں) میں سیٹن ہال پریپریٹری اسکول میں تعلیم حاصل کی۔,اس نے نیو جرسی (جو اب ویسٹ اورنج میں واقع ہے) کے قریبی جنوبی اورنج میں واقع سیٹن ہال پریپریٹری اسکول میں تعلیم حاصل کی۔,1
7803,واحد ٹرام ڈپو سان انتونیو میں ہے ، ٹرمینی میرافلورز اور اورینٹے ہیں۔,واحد ٹرام ڈپو سان انتونیو میں ہے۔ ٹرمینی میرفلورز اور اورینٹے ہیں۔,1
7804,زیادہ مقبول ٹرینوں میں یہ ہیں: سیمنٹا ایکسپریس اور روپشا ایکسپریس سے خلونہ ، راجشاہی سے ٹیٹومیر ایکسپریس ، نلسگر ایکسپریس سے ڈھاکہ اور لالونی ایکسپریس سے ڈھاکہ۔,زیادہ مقبول ٹرینوں میں شامل ہیں: سیمنٹا ایکسپریس اور روپشا ایکسپریس سے خلنا ، ٹومیر ایکسپریس سے راجشاہی ، نیلساگر ایکسپریس سے ڈھاکہ اور لالونی ایکسپریس سے ڈھاکہ۔,1
7805,اینڈیسائٹ مافک لاوا کی قسم تھی جس میں کچھ نمونے کافی حد تک غالب تھے جو بیسالٹک اینڈیسیٹ کے طور پر درجہ بندی کیے جاسکتے ہیں۔,اینڈیسیٹ کچھ نمونے کے ساتھ غالب لاوا کی قسم تھی جو بیسالٹک اینڈیسیٹ کے طور پر درجہ بندی کرنے کے لئے کافی تھے۔,0
7815,موسم گرما کے موجودہ لیگ کا ایک حصہ نشاوا سلور نائٹس ، شہر کی کولیجیٹ ٹیم ہے۔,سمر کالججیٹ لیگ کا ایک حصہ نشاوا سلور نائٹس شہر کی موجودہ ٹیم ہے۔,0
7817,کاؤنٹی روڈ 540 اسٹیٹ روڈ 540 سے صرف چند میل جنوب میں ہالینڈ سٹی میں ہے اور 98 امریکی سے کاؤنٹی روڈ 37 بی تک مغرب میں چلا گیا ہے۔,کاؤنٹی روڈ 540 ہائلینڈ سٹی میں اسٹیٹ روڈ 540 سے چند میل مغرب میں ہے اور 98 امریکی سے کاؤنٹی روڈ 37 بی تک جنوب کی طرف جاتا ہے۔,0
7819,پہلی فجی جزیرے میں ایک ریہرسل ہوگی۔ دوسرا تولگی اور گواڈالکنال (آپریشن واچ ٹاور) پر قبضہ اور قبضہ ہوگا۔,پہلا تولگی میں نمونہ ہوگا ، دوسرا فجی - جزیروں اور گواڈالکنال (آپریشن واچ ٹاور) کا قبضہ اور قبضہ ہوگا۔,0
7821,کمبوڈیا - کمبوڈیا کے دارالحکومت ، نوم پینہ میں ویتنام کی دوستی کی یادگار ، ویتنام اور کمبوڈیا کے مابین سابق اتحاد کی یاد دلانے والی ایک بڑی ٹھوس یادگار ہے۔,نوم پینہ - کمبوڈیا کے دارالحکومت کمبوڈیا میں ویتنام کی دوستی یادگار ، ایک بڑی ٹھوس یادگار ہے جو ویتنام اور کمبوڈیا کے مابین سابقہ ​​اتحاد کو یاد کرتی ہے۔,0
7828,iii. کلاڈ سائمن براننس نے ، 26 اپریل ، 16466 میں شادی کی ، مریم ، بیفورٹ کی بیٹی ، ایس کوینٹن کی لارڈ جس کے پاس اس کے پاس تھا:,III کلاڈ سائمن برانین نے ، 26 اپریل 1646 کو ، مریم ، بیفورٹ کی بیٹی ، ایس کوینٹن کے مالک ، جس کے پاس اس کے پاس تھا ، نے شادی کی۔,1
7834,43 مستقل اساتذہ ہیں اور زیادہ تر اساتذہ ملک کے نمایاں فنکار ہیں۔,یہاں 43 مستقل اساتذہ ہیں اور زیادہ تر اساتذہ ملک کے نامور فنکار ہیں۔,1
7835,ایک بائبل کا عذاب ، اس کے انتہائی رسمی معنوں میں ، ایک منفی نعمت ہے۔,ایک بائبل کا عذاب ، اس کے انتہائی منفی معنوں میں ، ایک باضابطہ نعمت ہے۔,0
7839,بائبل کا عذاب اس کے انتہائی رسمی معنوں میں ایک منفی نعمت ہے۔,بائبل کا عذاب اس کے انتہائی منفی معنوں میں ایک باضابطہ نعمت ہے۔,0
7840,یہ جنوبی یورپ اور مغربی اور وسطی ایشیا میں پایا جاتا ہے۔,یہ جنوبی یورپ اور مغربی اور وسطی ایشیا میں دستیاب ہے۔,1
7844,25 جون 1866 کو وہ لائسیا میں `` نیسہ اور ٹائٹلر ویلیٹری کے بشپ کا بشپ مقرر ہوا۔,انہیں 25 جون 1866 کو لیسیا میں `` نسا '' اور ویلتری کے ٹائٹلر بشپ کے معاون بشپ کے طور پر مقرر کیا گیا تھا۔,1
7852,تاریخی ربڑ کا کٹورا ریاستہائے متحدہ کے نیشنل گارڈ نے 1968 کے نسلی ووسٹر ایوینیو فسادات کے دوران بطور اڈہ استعمال کیا تھا۔,تاریخی ربڑ کا کٹورا ریاستہائے متحدہ کے نیشنل گارڈ نے 1968 کے نسل پرست ووسٹر ایوینیو فسادات کے دوران بیس کے طور پر استعمال کیا تھا۔,1
7862,پروڈکشن I.G ، ڈینی چو ، کانام ، مٹسوہیسہ ایشیکاوا اور ٹوموہیکو ایشی سے تعلق رکھنے والی تاشا کوریا سے مییوکو کے ساتھ اس تقریب کے خصوصی مہمان تھے۔,پروڈکشن I.G ، ڈینی چو ، کانام ، اور مٹسوہیسہ ایشیکاوا اور ٹوموہیکو ایشی سے تعلق رکھنے والی تاشا کوریا سے مییوکو کے ساتھ اس پروگرام کے خصوصی مہمان تھے۔,1
7867,اس وقت ، اس میں اٹلی ، فرانس ، جرمنی ، پاکستان ، کینیڈا ، برطانیہ اور امریکہ کے جہاز شامل تھے۔,اس وقت ، اس میں کینیڈا ، فرانس ، جرمنی ، پاکستان ، اٹلی ، برطانیہ اور امریکہ کے جہاز شامل تھے۔,1
7868,اس کے بیٹے نے مریم او کینیڈی (سان فرانسسکو سے) سے شادی کی اور 1883 میں کیلیفورنیا میں اس کا انتقال ہوگیا۔,اس کے بیٹے نے مریم او کینیڈی (کیلیفورنیا کے) سے شادی کی اور وہ 1883 میں سان فرانسسکو میں انتقال کر گئے۔,0
7872,یہ بھی نوٹ کریں کہ `` NFL نہیں '' مجموعی طور پر یہ ظاہر کرتا ہے کہ الگورتھم صرف کارکردگی کے کچھ '' کچھ '' پیمائش کے ذریعہ غیر مساوات ہیں۔,یہ بھی نوٹ کریں کہ `` NFL نہیں '' صرف یہ ظاہر کرتا ہے کہ الگورتھم مجموعی طور پر `` کچھ '' کارکردگی کے طول و عرض کے ذریعہ غیر مساوات ہیں۔,0
7880,یورپی سرگرمیاں ایبل کا حصہ بن گئیں ، جبکہ ایشیائی سرگرمیاں ہانگ کانگ کے کاروباری جوزف وانگ کو فروخت کی گئیں اور اب اس کا تعلق اسٹیلکس ہولڈنگ سے ہے۔,ایشیائی سرگرمیاں ایبل کا حصہ بن گئیں ، جبکہ یورپی سرگرمیاں ہانگ کانگ کے کاروباری جوزف وانگ کو فروخت کی گئیں اور اب اس کا تعلق اسٹیلکس ہولڈنگز سے ہے۔,0
7881,مسٹر راس: میں یہ ثابت کروں گا کہ اس سے پہلے کی کری نے گولی مار دی ہے اور یہ کہ ہفمین نے پہلے شخص کو ایک پاؤنڈ کی پیش کش کی ہے جو یہ کرے گا۔,مسٹر ہفمین: میں اس سے پہلے کی شاٹ کری کو ثابت کروں گا ، اور اس راس نے پہلے شخص کو ایک پاؤنڈ پیش کیا جو یہ کرے گا۔,0
7882,لی بیان نے اس وقت اقتدار سنبھال لیا جب اس کے والد لی جِنگ کا انتقال 943 میں ہوا۔,لی لی نے اس وقت اقتدار سنبھال لیا جب اس کے والد کی موت 943 میں لی جِنگ کی موت ہوگئی۔,0
7885,ریٹائرمنٹ کے بعد ، وہ کرزیمیئیک میں رہا اور وہیں فوت ہوگیا۔,ریٹائرمنٹ کے بعد وہ فوت ہوگیا اور کرزیمیئیک میں رہا۔,0
7887,اس نے اسے روسٹرز کے لئے کھیلنے والا پہلا 994 ویں گریڈر بنا دیا۔,اس نے اسے روسٹرز کے لئے کھیلنے والا پہلا 994 واں گریڈر بنا دیا۔,1
7894,ایچ ٹی جے میکنمارا نے مسٹر نیویل کی بڑی بیٹی ایڈتھ کرینسٹون میکنامارا سے شادی کی ، جو ایک وقت میں کاؤنٹی عدالتوں کا جج اور ریلوے کمشنر تھے۔,نیویل نے مسٹر ایچ ٹی جے میکنمارا کی سب سے بڑی بیٹی ایڈتھ کرینسٹون میکنامارا سے شادی کی ، جو ایک وقت میں کاؤنٹی عدالتوں کے جج اور ریلوے کمشنر تھے۔,0
7899,بونی بیڈیلیا کلکن (پیدائش بونی بیڈیلیا ، 25 مارچ ، 1948) ایک امریکی اداکارہ ہیں۔,بونی بیڈیلیا کلکن (پیدائش 25 مارچ 1948 کو بونی بیڈیلیا میں) ایک امریکی امریکی اداکارہ ہیں۔,1
7918,نئی مفروضوں کا استعمال لسانیات تجزیاتی جملے تشکیل دے سکتا ہے اور ترجمہ دستی تشکیل دے سکتا ہے۔,ماہر لسانیات تجزیاتی جملوں کو تشکیل دینے اور ترجمہ دستی تشکیل دینے کے لئے نئے مفروضوں کا استعمال کرسکتے ہیں۔,1
7935,اپریل 1942 میں ، مونٹاگو سلیٹر انگلینڈ واپس آگیا اور ، واپسی کے فورا بعد ہی ، برٹین سے `` پیٹر گریمز '' کے لئے ان کا لائبریٹسٹ بننے کے لئے کہا۔,برٹین اپریل 1942 میں انگلینڈ واپس آئے۔ واپسی کے فورا. بعد ، اس نے مونٹاگو سلیٹر سے کہا کہ وہ `` پیٹر گریمز '' کے لئے اس کا لائبریٹسٹ بنیں۔,0
7946,تاہم ، میڈونا ، پرنس ، اور مائیکل جیکسن البم کے اثرات تھے۔,مائیکل جیکسن ، پرنس اور میڈونا ، تاہم ، البم پر متاثر ہوئے۔,1
7948,1781 میں ، الینوائے کے گورنر تھامس جیفرسن نے کلارک کو بریگیڈیئر جنرل کے لئے ترقی دی اور کینٹکی اور ورجینیا کاؤنٹیوں میں اسے تمام ملیشیا کی کمان دی۔,1781 میں ، الینوائے - گورنر تھامس جیفرسن کلارک نے بریگیڈیئر جنرل کو فروغ دیا اور کینٹکی اور ورجینیا کی کاؤنٹیوں میں اسے پورے ملیشیا کی کمان دی۔,1
7950,کیمپس وان چائی اور سائی کنگ میں واقع تھا اور اگست 2013 میں کینیڈی ٹاؤن میں اپنی نئی سائٹ میں چلا گیا۔,کیمپس وان چائی اور کینیڈی ٹاؤن میں واقع تھا اور اگست 2013 میں اسکول سائی کنگ میں اپنے نئے مستقل مقام پر چلا گیا۔,0
7956,اس کی دو بار شادی ہوئی ہے: پہلے ڈاکٹر مارک سوروکو اور بعد میں بینکر جم ہیز سے۔,اس کی دو بار شادی ہوئی ہے: پہلے ڈاکٹر مارک سوروکو ، اور بعد میں بینکر جم ہیز سے۔,1
7957,وہ 12 ستمبر 1943 کو کی ویسٹ سے روانہ ہوئی اور 16 ستمبر کو ٹیکساس کے گالوسٹن میں پہنچی۔,وہ 12 ستمبر 1943 کو ٹیکساس کے گالوسٹن سے روانہ ہوئی اور 16 ستمبر کو کلیدی مغرب میں پہنچی۔,0
7960,1977 میں ، روب ٹیلر کے ساتھ ، نائی نے آبشاروں پر چڑھنے کے لئے اسکاٹ لینڈ اور ناروے کا سفر کیا۔,1977 میں ، نائی نے آبشاروں پر چڑھنے کے لئے روب ٹیلر کے ساتھ اسکاٹ لینڈ اور ناروے کا سفر کیا۔,1
7962,جی ویسیلی نے اولیور گولڈنگ ، 5 - 7 ، 6 - 3 ، 6 - 4 کو شکست دی۔,جی جی ویسیلی اولیور گولڈنگ ، 5 - 7 ، 6 - 3 ، 6 - 4 کو شکست دی۔,0
7963,جوہی چاولا کے دو بچے ہیں جو بیوی جہنوی مہتا ، ایک لڑکی ، مہتا (پیدائش 2001) اور ایک لڑکا ، ارجن مہتا (پیدائش 2003) کے ساتھ ہیں۔,جوہی چاولا کے دو بچے ہیں جو بیوی جہنوی مہتا ، ایک لڑکی ، مہتا (2001 میں پیدا ہوئے) اور ایک لڑکا ، ارجن مہتا (پیدائش 2003) کے ساتھ ہیں۔,1
7967,2002 میں ، اس گانے کو برطانوی پروڈیوسر ونسنٹ اسٹورم فیلڈ نے جاری کیا تھا اور انڈیپینڈینٹ نے `` میٹھی ہم آہنگی 02 '' کے ساتھ احاطہ کیا تھا۔,2002 میں ، اس گانے کو برطانوی پروڈیوسر ونسنٹ اسٹورم فیلڈ نے احاطہ کیا تھا اور اسے انڈیپینڈینٹ نے '' میٹھی ہم آہنگی ''02 `` کے نام سے جاری کیا تھا۔,0
7968,الزبتھ پرڈڈن ، 1653 میں انگلینڈ سے ملفورڈ ، کنیکٹیکٹ میں ہجرت کرگئے۔ راجر پرچارڈ سے شادی کی,الزبتھ الزبتھ پرڈڈن ، 1653 میں ، انگلینڈ سے ملفورڈ میں ، کنیکٹیکٹ ، نے راجر پرچارڈ سے شادی کی,1
7971,قابل ذکر ریکارڈنگ جب یہ گانا نیا تھا ، پال وائٹ مین ، وان اینڈ شینک ، ماریون ہیریس اور امریکن کوارٹ جیسے فنکاروں نے تیار کیا تھا۔,جب یہ گانا نیا تھا تو پال وائٹ مین ، وان شینک ، ماریون ہیریس اور امریکن کوارٹ جیسے فنکاروں نے قابل ذکر شاٹس بنائے تھے۔,1
7972,انہیں ان کی سینئر سالانہ کتاب میں `` انتہائی مزاحیہ '' اور '' انتہائی باصلاحیت `` کے عنوان سے نوازا گیا تھا۔,انہیں اپنی سینئر سالانہ کتاب میں `` انتہائی مزاحیہ '' اور `` انتہائی باصلاحیت '' سے نوازا گیا۔,1
7975,انٹرویوز عام طور پر پروگرام کے پہلے گھنٹے تک چلتے ہیں ، دوسرے گھنٹے کے دوران کبھی کبھار آدھے گھنٹے کے انٹرویو ہوتے ہیں۔,انٹرویوز عام طور پر پروگرام کے پہلے گھنٹے تک چلتے ہیں ، دوسرے گھنٹے کے دوران کبھی کبھار آدھے گھنٹے کے انٹرویو ہوتے ہیں۔,1
7980,متاثرہ ، آرتھر نے گیوین (رات کے کھانے وغیرہ بنانے کی پیش کش کرتے ہوئے زیادہ غور کرنے کی کوشش کی۔,آرتھر متاثر ہونے کی کوشش کرتا ہے ، گیوین کی طرف زیادہ غور و فکر کرنے کی کوشش کرتا ہے (رات کے کھانے ، وغیرہ بنانے کی پیش کش۔,1
7984,باس بسی لینڈ کاؤنٹ باسی اور ان کے 1964 کے آرکسٹرا کا ایک اسٹوڈیو البم ہے ، جس کی موسیقی بلی بائیرز نے تیار کی تھی اور اس کا اہتمام کیا تھا۔,لینڈ باسی لینڈ 1964 سے بلی بائیرز اور اس کے آرکسٹرا کا ایک اسٹوڈیو البم ہے ، جسے کاؤنٹ باسی نے تشکیل دیا اور ترتیب دیا ہے۔,0
7992,ان کا مشن آنے والے دشمن کے جہازوں کی بھیڑ سے مختلف جگہوں کی حفاظت کرنا ہے۔,ان کا مشن دشمن کے جہازوں کی بھیڑ سے مختلف چوکیوں کی حفاظت کرنا ہے۔,0
7993,ان کی والدہ پر ، الزبتھ کی ٹیم سر ولیم مورڈونٹ ، ڈچی آف کارن وال کے چانسلر ، اور کامن پلیز کے چیف پروتھونوٹری جان مورڈونٹ تھے۔,اس کی والدہ کی طرف سے کارن وال کے ڈچی کے چانسلر الزبتھ ولیم مورڈونٹ اور کامن پلیز کے چیف پروتھونوٹری جان مورڈونٹ تھے۔,0
7999,2014 میں سائٹ نے مصنوعات کی تلاش کے لئے iOS اور Android ایپلی کیشنز لانچ کیں۔ مصنوعات کی خصوصیات میں براہ راست سوال و جواب کے سیشنوں کے ساتھ انٹرایکٹو ویڈیو پروڈکٹ کے جائزے شامل ہیں۔,2014 میں سائٹ IOS اور Android - مصنوعات کی تلاش کے لئے ایپلی کیشنز ، مصنوعات کی خصوصیات میں انٹرایکٹو ویڈیو - پروڈکٹ - براہ راست سوالات اور جوابات - سیشن شامل ہیں۔,1
8000,دوسری سمت میں ، فرض کریں کہ `` M `primary بنیادی فیکٹرائزیشن کے ساتھ طاقتور ہے,دوسری سمت میں ، فرض کریں کہ طاقتور فیکٹرائزیشن کے ساتھ ، `` M '' پرائم ہے۔,0
