id,sentence1,sentence2,label
10,"Isipokuwa kati ya mwishoni mwa 2005 na 2009 wakati alipocheza huko Sweden na Carlstad United BK, Serbia na FK Borac čačak na Urusi FC Terek Grozny.","Isipokuwa kati ya mwishoni mwa 2005 na 2009, wakati alipocheza huko Sweden na Carlstad United BK, Serbia na FK Borac čačak na FC Terek Grozny.",1
12,Mto wa Tabaci ni huduma ya mto Leurda huko Romania.,Mto wa Leurda ni kijeshi cha mto Tabaci huko Romania.,0
20,Alicheza na Cougars ya Kaunti ya A-Level Kane mnamo 1993 na mbwa wa Bahari ya AA Portland.,Alicheza mnamo 1993 na Mbwa wa Bahari ya A -Level Portland na Cougars ya Kaunti ya AA Kane.,0
26,"Winarsky ni mwanachama wa IEEE, Phi Beta Kappa, ACM na Sigma XI.","Winarsky ni mwanachama wa ACM, IEEE, Phi Beta Kappa na Sigma XI.",1
27,Mnamo mwaka wa 1938 alikua mtaalam wa serikali ya Anglo-Egypt Sudani na aliongoza kazi ya uwanja na Nuba.,Mnamo mwaka wa 1938 alikua mtaalam wa serikali ya Wamisri-Anglo Sudan na alifanya kazi ya uwanja na Nuba.,0
28,"Billy Billy Batson alionekana katika maswala manne ya kwanza ya `` Black Adam '', yaliyochapishwa kati ya mwishoni mwa 2008 na mapema 2009.","Black Adamu alionekana katika maswala manne ya kwanza ya `` Billy Batson '', yaliyochapishwa kati ya mwishoni mwa 2008 na mapema 2009.",0
32,Njia ya jua kwa hitaji hili ni matumizi ya paneli za jua katika ndege ya kawaida yenye nguvu.,Njia ya jua kwa hitaji hili ni matumizi ya paneli za jua katika ndege yenye nguvu ya kusanyiko.,1
35,"Polisi pia walihoji mwimbaji Rimi Tomy na muigizaji Kavya Madhavan, marafiki wa karibu wa Siddique na mkewe Dileep, kama sehemu ya uchunguzi unaoendelea.","Polisi pia walihoji mwimbaji Rimi Tomy na muigizaji Kavya Madhavan, marafiki wa karibu wa Siddique na mkewe Dileep, kama sehemu ya uchunguzi unaoendelea.",1
36,"Zimefunikwa na muziki wa orchestral wa sparse na huwa na sauti zisizo wazi, karibu na rangi zisizo na rangi.","Zimefunikwa na muziki usio na rangi, muziki uliochezwa moja kwa moja na unakuwa na sauti zisizo wazi, karibu na sauti za orchestral za makusudi.",0
38,Holly alishawishiwa kimuziki na Elton John.,Holly Holly alishawishiwa kimuziki na Elton John.,1
39,Timu ilijibu mabadiliko katika mchezo uliofuata jioni hiyo hiyo mnamo 19 Februari.,Timu ilijibu mabadiliko katika mchezo huo huo ambao ujao wa Februari 19.,0
40,"Nashua Silver Knights, sehemu ya ligi ya sasa ya majira ya joto, ni timu ya pamoja ya jiji.","Nashua Silver Knights, sehemu ya Ligi ya Collegiate ya majira ya joto, ni timu ya sasa ya jiji.",0
48,"`` Fallbeil '' ilitumika kwa mara ya mwisho huko Ujerumani Magharibi mnamo 1949, huko Ujerumani Mashariki mnamo 1966.","`` Fall Beil '' ilitumika kwa mara ya mwisho huko Ujerumani Magharibi mnamo 1949, mnamo 1966 huko Ujerumani Mashariki.",1
51,Mfereji ni moja ya mifereji ya kongwe inayoweza kusongeshwa huko Uropa na Ubelgiji.,Mfereji ni moja wapo ya mifereji ya kongwe inayoweza kusongeshwa huko Ubelgiji na kwa kweli huko Uropa.,0
52,Mnamo 2009 alihamia Philadelphia na anaishi New York City leo.,Alihamia Philadelphia mnamo 2009 na sasa anaishi New York City.,1
53,"Alikufa kwa saratani ya tumbo huko Claremore, Oklahoma, New York City, ambapo Ukumbusho wa Lynn Riggs upo Juni 30, 1954.","Alikufa mnamo Juni 30, 1954, wa saratani ya tumbo huko New York City. Claremore, Oklahoma ni nyumbani kwa Ukumbusho wa Lynn Riggs.",0
55,"Stipsits alizaliwa huko Korneuburg, Ujerumani na alitumia utoto wake huko Stammersdorf, Vienna.","Stipsits alizaliwa huko Korneuburg, na alitumia utoto wake huko Stammersdorf, Vienna.",1
67,Nasaba ya Keita ilitawala Mali ya kabla na ya kifalme kutoka karne ya 12 hadi mapema karne ya 17.,"Nasaba ya Keita ilitawala Mali kutoka 12 hadi mapema karne ya 17, kabla ya kifalme na ya kifalme.",1
68,"`` Malaika Macho '' ni wimbo maarufu wa 1946 ulioundwa na Matt Dennis, na nyimbo na Earl Brent.","`` Malaika Macho '' ni wimbo maarufu ulioundwa na Earl Brent mnamo 1946, na maandishi na Matt Dennis.",0
83,Muziki huo uliandikwa na Shyam na nyimbo ziliundwa na Sreekumaran Thampi na Sathyan Anthikkad.,Muziki huo uliandikwa na Shyam na nyimbo na Sreekumaran Thampi na Sathyan Anthikkad walijumuisha.,1
84,"Filamu hiyo ilikuwa ya kibiashara, na moja ya filamu zilizofanikiwa zaidi za Sergio Sollima na chini ya kisiasa kuliko ile ya zamani ya Spaghetti - mkurugenzi wa magharibi.","Filamu hiyo ilikuwa ya kibiashara, na moja ya filamu za kisiasa za Sergio Sollima, na hazikufanikiwa zaidi kuliko wa zamani wa Spaghetti - wa Mkurugenzi wa Magharibi.",0
95,Kabir anamwuliza Sarika kufunua mpango wake wa kumaliza mchezo wa Ranvir.,Kabir anamwuliza Sarika kufunua mpango wake wa kumaliza mchezo wa Ranvir kwake.,1
96,Timu ilijibu mabadiliko katika mchezo uliofuata jioni hiyo hiyo mnamo 19 Februari.,Timu ilijibu mabadiliko katika mchezo huo ambao ulifanyika jioni ya Februari.,0
98,"Luteni John Gedge aliwaamuru kwa Bahari ya Kaskazini mnamo Mei 1805, na Lieutenant Robert Ramsey alichukua nafasi yake mnamo 1806.","Luteni Robert Ramsey alimwagiza kwenda Bahari ya Kaskazini mnamo Mei 1805, na Luteni John Gedge alichukua nafasi yake mnamo 1806.",0
104,Emma Townshend inawakilishwa na David Godwin huko DGA Associates.,David David Godwin anawakilishwa katika DGA Associates na Emma Townshend.,0
105,"Nashua Silver Knights, sehemu ya Ligi ya Collegiate ya majira ya joto, ni timu ya sasa ya jiji.","Nashua Silver Knights, sehemu ya ligi ya sasa ya majira ya joto, ni timu ya pamoja ya jiji.",0
112,"Kutoka mwisho wa magharibi wa daraja, Pennsylvania Route 268 inaongoza kusini kuelekea Parker na Kaskazini kwa Emlenton.",Njia ya Pennsylvania 268 inaongoza kutoka mwisho wa magharibi wa daraja kusini hadi Parker na kaskazini hadi Emlenton.,1
116,"Hizi zilikuwa kawaida nchini Uingereza, lakini huko Uropa, angalau kwa injini kubwa, ni nadra sana.","Hizi zilikuwa nadra nchini Uingereza, lakini huko Uropa, angalau kwa injini kubwa, ni kawaida.",0
118,"Alston alizaliwa mnamo Desemba 21, 1965 huko Oxon Hill, Maryland. Alihudhuria Shule ya Upili ya Oxon Hill huko New Haven, Connecticut.","Alizaliwa mnamo Desemba 21, 1965 huko Oxon Hill, Maryland, na alienda shule ya upili huko New Haven, Connecticut.",1
119,"Jumla ya majeruhi wa Amerika waliuawa 28, wakati hasara za Viet Cong ziliuawa 345 na wastani zaidi wa 192 waliuawa.","Kwa jumla, wahasiriwa 28 wa Amerika waliuawa, wakati hasara za Viet Cong ziliuawa 345 na wastani zaidi wa 192 waliuawa.",1
120,"Katika CA, jina la mhasibu aliye na chati (Sri Lanka Sri Lanka) linaweza kutumiwa tu na washiriki wa Taasisi ya Wahasibu wa Sri Lankan.","Katika CA, jina la Mhasibu wa Chartered (Sri Lanka Sri Lanka) linaweza kutumiwa na washiriki wa Taasisi ya Wahasibu wa Chartered wa Sri Lanka.",1
123,"Simyo ni ya kikundi cha mawasiliano cha Uholanzi KPN, baada ya kupatikana kwa mabaki ya E-PLUS mnamo Machi 14.","Kufuatia kupatikana kwa mabaki ya E-Plus mnamo 14 Machi, Simyo ni mali ya kikundi cha mawasiliano cha Uholanzi KPN.",1
126,"Mbali na Kuykendall, Robert White na Joshua Soule Zimmerman walihudumu kama Kamishna wa Chancery wa Kaunti ya Hampshire.",Robert White na Joshua Soule Zimmerman walihudumu pamoja na Kuykendall kama kamishna wa chancery wa Kaunti ya Hampshire.,1
135,"Maoni haya mara nyingi yalionyeshwa wakati wa kuibuka kwa harakati za Kiprotestanti, Wapuritan na Kiinjili.","Maoni haya mara nyingi yalionyeshwa wakati wa kuibuka kwa harakati za kiinjili, za kiinjili, na za Kiprotestanti.",1
141,Kombe la UEFA 1973 - 74 lilishindwa na Feyenoord Rotterdam kwenye Tottenham Hotspur 4: 2.,Kombe la 1973 - 74 UEFA lilishindwa na Feyenoord Rotterdam juu ya Tottenham Hotspur 4 - 2 kwa jumla.,1
148,"Talfourd Ely alikuwa mjukuu wa John Towill Rutt, ambaye alikuwa rafiki wa mapema wa Crabb Robinson.","Talfourd Ely alikuwa mjukuu wa Crabb Robinson, ambaye alikuwa rafiki wa mapema wa John Towill Rutt.",0
151,"Baba yake alikufa katika ujana wake, na mama yake, Samuel Adams, alifunga ndoa na Catherine A. Fagan mnamo 1842, ambaye miaka miwili baadaye alikua gavana wa Arkansas.","Baba yake alikufa wakati wa ujana wake na mama yake, Catherine A. Fagan, mnamo 1842 alifunga ndoa na Samuel Adams, ambaye alikua gavana wa Arkansas miaka miwili baadaye.",0
152,"Pia waliachilia wimbo wa pili kwenye albamu, `` Matukio '', kama ile ya 5 kutoka kwa albamu mnamo Juni 13.","Pia waliachilia wimbo wa pili kwenye albamu, `` Matukio '', mnamo Juni 13 kama ile ya 5 kutoka kwa albamu.",1
154,Bodi ya Maji ya Sydney ilikuwa imechukua usambazaji wa maji kwa Sydney kutoka Halmashauri ya Jiji mnamo 1888.,"Mnamo 1888, Bodi ya Maji ya Sydney ilichukua usambazaji wa maji kwa Sydney kutoka Halmashauri ya Jiji.",1
155,"Pia Cai Feng alikuwa na mtoto wa kiume, Cai Mao.","Cai Mao pia alikuwa na mtoto wa kiume, Cai Feng.",0
162,"Majani yake yameumbwa kwa njia mbadala kando ya matawi na yamepangwa lance, yai-umbo au karibu na mviringo na ni bua kwa muda mrefu.","Majani yake yamepangwa mbadala kando ya matawi na yana umbo la lance, umbo la yai au karibu na mviringo na ina shina refu.",0
163,Hii ilipanua eneo la mzozo kati ya Massachusetts na mkoa wa Rhode Island.,Hii iliongeza eneo la mzozo kati ya Kisiwa cha Rhode na mkoa wa Massachusetts.,0
164,"Shule ya Upili ya Slough ilikuwa Shule ya Sarufi ya Wasichana huko Berkshire, sasa Slough, Buckinghamshire.","Shule ya Upili ya Slough ilikuwa shule ya sarufi ya wasichana ya kuchagua huko Slough, Buckinghamshire, sasa Berkshire.",0
167,"Iko karibu na Lough Corrib, kwenye barabara ya N59 kwenda Oughterard na Clifden, huko Connemara.","Iko karibu na Oughterard na Clifden, kwenye barabara ya N59 kwenda Lough Corrib, huko Connemara.",0
169,"Wakati kutengwa kwa wachezaji weusi haikuwa sheria iliyoandikwa, hakuna Mwafrika-Amerika aliyecheza kwenye Ligi ya Soka ya Kitaifa tangu 1933.","Wakati kutengwa kwa wachezaji wa Kiafrika haikuwa sheria iliyoandikwa, hakuna mchezaji mweusi wa Amerika kwenye Ligi ya Soka ya Kitaifa iliyokuwa imecheza tangu 1933.",0
170,Muawiyah aliingia madarakani baada ya kifo cha Ali na kuanzisha nasaba.,"Baada ya kifo cha Muawiyah, Ali aliingia madarakani na akaanzisha nasaba.",0
176,"Mnamo 1994, Rodrigo Leão aliacha bendi hiyo kuanza kazi ya solo, ikibadilishwa na Carlos Maria Trindade (kibodi synthesizer).","Mnamo 1994, Rodrigo Leão aliacha bendi kuanza kazi ya solo, iliyobadilishwa na Carlos Maria Trindade (kibodi synthesizer).",1
182,"Mnamo mwaka wa 1933 Cattell aliandika kwamba, kati ya jamii zote za Nordic, `` mbio za Ulaya ndizo zilizotokea zaidi katika akili na utulivu wa hali ya joto ''.","Mnamo mwaka wa 1933, Cattell aliandika kwamba ya jamii zote za Nordic, `` mbio za Ulaya katika akili na utulivu wa hali ya joto zilitengenezwa zaidi ''.",1
193,"Abies Lasiocarpa, inayojulikana kama magharibi mwa Amerika ya Kaskazini au Rocky Mountain Fir, ni mti wa fir wa subalpine.","Abies Lasiocarpa, inayojulikana kama magharibi mwa Amerika ya Kaskazini au Rocky Mountain Fir, ni mti wa fir wa subalpine.",1
200,Motors za Amerika zilitoa msaada wa kiufundi tu katika mfumo wa misaada ndogo.,Motors za Amerika zilitoa msaada wa kiufundi tu katika mfumo wa msaada mdogo.,1
203,"Jengo kuu la Houston (HMB) mapema jengo la Prudential lilikuwa skyscraper katika Kituo cha Matibabu cha Texas huko Houston, Texas.","Jengo kuu la Houston (HMB) la zamani la Jengo la Prudential, lilikuwa skyscraper katika Kituo cha Matibabu cha Texas, Houston, Texas.",1
209,"Baada ya kurudi Paramaribo mnamo 1954, alikaa kama wakili huko Suriname.","Baada ya kurudi Suriname mnamo 1954, alikaa Paramaribo kama wakili.",0
210,"Ajali ya ndege ya aerosucre 4544 ilikuwa tukio la kwanza la anga lililohusisha aerosucre, ya pili ikiwa ni ajali ya Boeing 727 nyingine mnamo Novemba 18, 2006.","Ajali ya ndege ya aerosucre 4544 ilikuwa tukio la pili la kukimbia lililohusisha aerosucre, ya kwanza kuwa ajali ya Boeing 727 nyingine mnamo Novemba 18, 2006.",0
219,"Njia ya Cabot - sehemu ilitengenezwa kwenye tovuti huko Cape Breton, pamoja na Peggys Cove na Nyanda za Juu za Nova Scotia, kando ya Pwani ya Mashariki.","Sehemu ya Pwani ya Mashariki ilitengenezwa kwenye eneo huko Nova Scotia, pamoja na Peggys Cove na Nyanda za Juu za Cape Breton, kando ya Trail ya Cabot.",0
225,Njia nyingine ya kudhibiti idadi ya kulungu ni kudhibiti kiwango cha kuzaliwa.,Njia nyingine ya kudhibiti idadi ya kulungu ni kudhibiti kiwango cha kuzaliwa.,1
226,"Shairi hilo limehifadhiwa katika maandishi manne ya vipande, ambayo moja ni ya kisasa.","Shairi hilo limehifadhiwa katika maandishi manne ya kisasa, ambayo moja ni vipande:",0
227,"Manu Chao, vikundi `` hewa '', Cassius, Mars IV, Les Négresses Vertes, na FFF, na Howie B pia walishiriki kwenye albamu.","Vikundi '' hewa ``, Howie B, Mars IV, Les Négresses Vertes na FFF na Manu Chao pia walishiriki kwenye albamu hiyo.",0
228,Mto wa Hudeasa ni huduma ya Mto wa Bradu huko Romania.,Mto wa Hudeasa ni kijeshi cha Mto wa Bradu huko Romania.,1
230,"Wakati kutengwa kwa wachezaji wa Kiafrika haikuwa sheria iliyoandikwa, hakuna mchezaji mweusi wa Amerika kwenye Ligi ya Soka ya Kitaifa iliyokuwa imecheza tangu 1933.","Wakati kutengwa kwa wachezaji weusi haikuwa sheria iliyoandikwa, tangu 1933 hakuna Afro-American aliyecheza kwenye Ligi ya Soka ya Kitaifa.",0
232,"Baba yake Patrick Byrne alikuwa mbunge, TD, Seneta na Meya wa Bwana wa Dublin. Ndugu mwingine Alfie Byrne pia alikuwa TD.","Baba yake, Patrick Byrne, alikuwa mjumbe, seneta na Meya wa Lord wa Dublin, kaka mwingine Alfie Byrne pia alikuwa TD.",1
234,Mfululizo wa kwanza ulipokelewa bora na wakosoaji kuliko wa pili.,Mfululizo wa pili ulipokelewa vyema na wakosoaji bora kuliko wa kwanza.,0
235,Fanwood iko katika wilaya ya 12 ya mkutano na ni sehemu ya Wilaya ya Sheria ya 22 ya New Jersey.,Fanwood iko katika wilaya ya 22 ya mkutano na ni sehemu ya Wilaya ya 12 ya Sheria ya Jimbo la New Jersey.,0
236,Santa Cruz iko kwenye ukingo wa Mto wa Santa Cruz ambao unapita upande wa mashariki wa Laguna de Bay.,"Laguna de Bay iko kwenye ukingo wa mto Santa Cruz, ambayo inapita katika sehemu ya mashariki ya Santa Cruz.",0
237,Porte de Vincennes iko ambapo kona ya kusini mashariki ya mpangilio wa 20 hukutana na kona ya kaskazini mashariki ya mpangilio wa 12 wa Paris.,Porte de Vincennes iko ambapo kona ya kaskazini-mashariki ya mpangilio wa 12 hukutana na kona ya kusini-mashariki ya mpangilio wa 20 wa Paris.,0
238,"Mnamo Machi 5, 2011, MTV Hive alituma kiunga cha kutiririka kwa Anni Rossi, akifanya Rihannas '' Rude Boy ``.","Mnamo Machi 5, 2011, MTV Hive alituma kiunga cha utiririshaji kwa Rihanna, akifanya Anni Rossi `` kijana wa kijeshi ''.",0
242,Mfalme Qi alikutana na Mfalme Zhao wa Qin magharibi mwa Zhou mnamo 284 KK kuunda muungano dhidi ya Xi.,"Mnamo 284 KK, Mfalme Qi alikutana na Mfalme Zhao wa Qin magharibi mwa Zhou kuunda muungano dhidi ya Xi.",1
243,Kanda ya Utawala ya Chenzhou katika nasaba ya Tang iko chini ya usimamizi wa Henan wa kisasa mashariki mwa Zhoukou:,Kanda ya utawala ya Chenzhou katika nasaba ya Tang iko chini ya usimamizi wa Henan wa kisasa mashariki mwa Zhoukou:,1
244,"`` Safi '' inamaanisha kwa urahisi, na `` Belter '' au `` Belta '' inamaanisha nzuri au nzuri.",`` Safi '' inamaanisha tu sana na `` Belter '' au `` belta '' inamaanisha nzuri au kubwa.,0
248,"Stephen Stephen aliolewa mnamo Agosti 29, 1806 na Benjamin Hough, Jaji wa Amani, katika Kaunti ya Jefferson, Elizabeth Core.","`` 2 '' Benjamin Hough aliolewa mnamo 29 Agosti 1806 na Stephen Ford, Jaji wa Amani, katika Kaunti ya Jefferson na Elizabeth Core.",0
253,Aina hiyo ilielezewa kwanza na mtaalam wa mimea Stephan Endlicher mnamo 1846 kama sehemu ya kazi ya Johann Georgia Christian Lehmann `` Irideae. Plantae preissinae ''.,Aina hiyo ilielezewa rasmi mnamo 1846 na mtaalam wa mimea Stephan Endlicher kama sehemu ya kazi `` Irideae Plantae preissianae '' na Johann Georgia Christian Lehmann.,1
256,"Mnamo 1912, Bunge la Kitaifa la India lilifanya kikao chake cha 27 huko Bankipore chini ya urais wa Rao Bahadur Raghunath Narasinha Mudholkar kutoka Amravati, Mkoa wa Kati na Berar.","Mnamo 1912, Bunge la Kitaifa la India lilifanya kikao chake cha 27 huko Bankipore, chini ya urais wa Rao Bahadur Raghunath Narasinha Mudholkar kutoka majimbo ya kati ya Amravati na Berar.",0
262,"Fiber inayotumika sana ya wanyama ni pamba iliyovunwa kutoka kwa kondoo. Kwa kuunganishwa kwa mikono na kupendeza, uzi mnene, pamba na uzi wa akriliki mara nyingi hupigwa.","Fiber ya wanyama wa spun mara nyingi huvunwa pamba kutoka kwa kondoo. Kwa visu vya mkono na kusugua kwa hobby, pamba nene na uzi wa akriliki mara nyingi hutumiwa.",0
265,Tipico Co Ltd na Tipico Casino Ltd ilianzishwa mnamo 2004 kama kampuni za kimataifa za biashara katika usajili wa kibiashara wa Mamlaka ya Huduma za Fedha za Malta.,Tipico Co Ltd na Tipico Casino Ltd ilianzishwa mnamo 2004 kama kampuni za kimataifa za biashara katika usajili wa kibiashara wa Mamlaka ya Huduma za Fedha za Malta.,1
278,"Iko karibu na Lough Corrib, kwenye barabara ya N59 kwenda Oughterard na Clifden, huko Connemara.","Iko karibu na Oughterard na Clifden, kwenye barabara ya N59 kwenda Lough Corrib, huko Connemara.",0
283,"Mnamo Septemba 14, 2006, Lang alisainiwa na Wizards ya Washington na kutolewa na Wizards mnamo Julai 2017.","Mnamo Septemba 14, 2006, Lang alisainiwa na Wizards wa Washington. Mnamo Julai 2017, Lang aliachiliwa na Wizards.",1
284,"Moja ilitolewa kwenye Radio Airplay huko Italia mnamo Oktoba 12, 2012, na ilisafirishwa ulimwenguni mnamo 3 Desemba 2012.","Moja ilitumwa kwa Radio Airplay mnamo Oktoba 12, 2012 huko Italia na iliachiliwa ulimwenguni mnamo Desemba 3, 2012.",0
290,Baada ya huduma yake Lockhart kuishi huko Texas lakini hivi karibuni alihamia Florida.,"Baada ya huduma yake, Lockhart aliishi Florida, lakini alihamia hivi karibuni kwenda Texas.",0
291,"Inapatikana katika Amerika ya Kaskazini, ambapo ilirekodiwa kutoka Newfoundland na Labrador West hadi Briteni ya Briteni, kaskazini hadi Alaska na Yukon.","Inapatikana Amerika Kaskazini, ambapo imerekodiwa kutoka Newfoundland na Labrador West hadi Briteni ya Briteni, kaskazini hadi Alaska na Yukon.",1
295,"Wilaya hii ya Magharibi ya Randallstown ni pamoja na Woodlawn, Milford Mill, na Kaunti ya Baltimore.","Wilaya hii ya Magharibi ya Randallstown inajumuisha Woodlawn, Milford Mill na Kaunti ya Baltimore.",1
298,Alifundishwa na John Velazquez na kupandishwa na Jockey Dale Romans katika mbio zake muhimu zaidi.,Alifundishwa na Warumi wa Dale na kupandishwa na jockey John Velazquez wakati wa mbio zake muhimu zaidi.,0
300,"Wakati wa wakati wake huko Savannah, Charles Celestine alijifunza kutoka kwa gazeti kwamba mtoto wake, Sherman, alikuwa amekufa wakati wa kampeni ya Savannah, Jenerali alikuwa hajawahi kumuona mtoto.","Nilipokuwa Savannah, Charles Celestine alijifunza kutoka kwa gazeti kwamba mtoto wake mchanga Sherman alikuwa amekufa wakati wa kampeni ya Savannah; Mkuu alikuwa hajawahi kumuona mtoto.",1
305,Jalada hilo lilibuniwa na msanii wa Heraldic John Pasche na mtu wa `` Steel Monkey '' ameandaa kifuniko cha mkurugenzi wa sanaa Andrew Stewart Jamieson.,"Jalada hilo lilibuniwa na msanii wa heraldic Andrew Stewart Jamieson, mtu wa `` Steel Monkey '' ameandaa kifuniko cha Mkurugenzi wa Sanaa John Pasche.",0
309,Njia ya MacCormack ni mpango wa discretization unaotumiwa sana kwa suluhisho la hesabu la sehemu tofauti za hyperbolic.,"Katika mienendo ya maji ya computational, njia ya MacCormack ni mpango wa discretization unaotumiwa sana kwa suluhisho la sehemu ya hyperbolic ya hesabu za hesabu.",0
311,"Wright alihamia kutoka Chapel Hill, NC kwenda New York.","Wright alihamia New York kutoka Chapel Hill, NC.",1
313,"Uwezo wa konsonanti ni aina ya sauti ya velar ambayo hutumika katika lugha zingine zinazozungumzwa ishara katika alfabeti ya kimataifa ya fonetiki, ambayo inawakilisha sauti hii.","Velar - ejective ni aina ya sauti ya konsonanti ambayo hutumika katika lugha zingine zinazozungumzwa ishara katika alfabeti ya kimataifa ya fonetiki, ambayo ni sauti hii.",0
314,"Shughuli za Ulaya zikawa sehemu ya Ebel, wakati shughuli za Asia ziliuzwa kwa mjasiriamali wa Hong Kong Joseph Wong na sasa ni mali ya Stelux Holdings.",Shughuli za Ulaya zikawa sehemu ya EBEL wakati shughuli za Asia ziliuzwa kwa mjasiriamali wa Hong Kong Joseph Wong na sasa ni sehemu ya Holdings za Stelux.,1
321,"Wajumbe wa Bodi ya Ushauri ya mapema ni pamoja na Alistair Cooke, Sauli Bellow, Walter Cronkite, Norman Cousins, Gore Vidal, Norman Podhoretz.","Washiriki wa ushauri wa mapema ni pamoja na Walter Cronkite, Norman Vetter, Gore Vidal, Norman Podhoretz, Sauli Bellow, na Alistair Cooke.",1
328,Hifadhi ya Kitaifa ya Petkeljärvi ni mbuga ya kitaifa huko Ilomantsi katika mkoa wa kaskazini wa Karelia wa Ufini.,Hifadhi ya Kitaifa ya Petkeljärvi ni mbuga ya kitaifa huko Ufini katika mkoa wa Ilomantsi kaskazini mwa Karelia.,0
329,"Pia walichapisha wimbo wa 5 kwenye albamu, `` Matukio '', kama ile ya pili kutoka kwa albamu mnamo Juni 13.","Pia waliachilia wimbo wa 5 kwenye albamu, `` Masiti, '' mnamo Juni 13 kama moja ya pili kutoka kwa albamu.",1
335,Stoke alipiga Sheffield Jumatano na Huddersfield Town kabla ya kupoteza kwenda Peterborough United katika raundi ya nne.,Stoke alipiga Peterborough United na Huddersfield Town kabla ya kupoteza katika raundi ya nne dhidi ya Sheffield Jumatano.,0
349,"Alipoulizwa jinsi ya kusema jina lake, aliwaambia `` digest ya fasihi '' jina langu limetamkwa kana kwamba `` sikio '; en-nyumba '' imeandikwa.","Alipoulizwa jinsi ya kusema jina lake, aliwaambia `` digest ya fasihi '' jina langu limeandikwa kana kwamba limetamkwa, sikio 'apos; enhouse ``.",0
351,Kilimo hicho kilianzishwa mnamo 1880 na Fernando Heydrich huko Matanzas huko Cuba.,"Katika Matanzas kilimo chake kilianzishwa mnamo 1880, na Fernando Heydrich huko Cuba.",0
361,"Ikiwa kuna aina kadhaa za kisarufi katika sentensi, kwanza tu huvaa alama ya wingi.","Ikiwa kuna aina kadhaa za kisarufi katika sentensi, ni wingi tu huvaa alama ya kwanza.",0
371,Utawala huo uliondoka Philadelphia mnamo Oktoba 1777 ili kujiunga na jeshi kuu la Jenerali George Washington nje ya Boston.,Kikosi hicho kiliacha Philadelphia mnamo Oktoba 1777 ili kujiunga na jeshi kuu la Jenerali George Washington nje ya Boston.,1
372,"Mnamo 1974 Lao PDR ilianzisha mfuko wa hatua ya II kwa msaada wa Benki ya Dunia, Umoja wa Mataifa, na Benki ya Maendeleo ya Asia.","Kwa msaada wa Benki ya Dunia, Umoja wa Mataifa, na Benki ya Maendeleo ya Asia, Lao PDR walianzisha Mfuko wa II wa Stage mnamo 1974.",1
378,Baadaye aliitumia kama ishara kwa chama cha Nazi na kuiweka kwenye duara nyeupe na asili nyekundu kuitumia kama bendera.,Baadaye aliitumia kama ishara kwa chama cha Nazi na akaiweka kwenye duara nyekundu na asili nyeupe kuitumia kama bendera.,0
380,"Kuendeleza ramani ya Hoth, wabuni wamepokea nyenzo nyingi za chanzo iwezekanavyo kutoka `` Dola inapiga nyuma '' kuunda uzazi halisi.","Ili kuunda ramani ya Hoth, wabuni walipata nyenzo za chanzo kutoka `` Dola inapiga nyuma '' iwezekanavyo ili kukuza uzazi halisi.",0
384,"Ameolewa na Elizabeth `` Betsy '' Katz. Yeye ndiye baba ya Adamu, Nathaniel na Sara Hundt.","Ameolewa na Elizabeth `` Betsy '' Katz, baba wa Adamu, Nathaniel na Sara Hundt.",1
385,Nyumba inashtakiwa kwa nguvu ya hasira na inatoa sura kwa roho ya necromantic ndani.,Nyumba inashtakiwa kwa nguvu ya necromantic na inatoa sura kwa roho ya hasira ndani.,0
387,"Wakati OROS ilifanya kazi chini ya Walker kwenye muundo wa gari la Ford na lori, Engel alijikita kwenye magari ya Lincoln na Mercury.","Wakati OROS ilifanya kazi kwenye gari la Ford na miundo ya lori chini ya Walker, Engel alilenga kwenye magari ya Lincoln na Mercury.",1
402,"Hirasea goniobasis ni spishi ya konokono ya ardhi ya kupumua ya ardhi ya mapafu, eneo ndogo la gastropod katika familia Endodontidae.","Hirasea goniobasis ni spishi ya konokono ndogo ya hewa-inayoweza kuvunjika, gastropod mollusk ya ulimwengu katika familia Endodontidae.",0
404,"Vidonda vya mapema ni dhahiri kuwa tishu za kawaida ambazo zinaonekana kuwa zisizo za kawaida chini ya uchunguzi wa microscopic, na ambayo saratani ina uwezekano mkubwa wa kutokea kuliko mwenzake wa kawaida wa morphologic.","Vidonda vya mapema ni dhahiri kuwa tishu za kawaida, ambazo zinaonekana kuwa zisizo za kawaida katika mitihani ya microscopic na ambayo saratani ina uwezekano mkubwa kuliko mwenzake wa kawaida wa morphologic.",1
405,Abu Halifa au Abu Hulayfah au Abu Huleifa au Abu Haleifah ni mji mdogo katika Kuwait ya Gavana wa Al Ahmadi katika wilaya ya kusini ya Abu Halifa.,Abu Halifa au Abu Hulayfah au Abu Huleifa au Abu Haleifah ni mji mdogo katika Kuwait ya Gavana wa Al Ahmadi kusini mwa wilaya ya Abu Halifa.,1
408,Israeli ni albamu ya Waandishi wa habari wa jazba wa Amerika Kai Winding na J. J. Johnson akishirikiana na maonyesho yaliyotolewa mnamo 1968 na kurekodiwa kwenye C,Israeli ni albamu ya Waandishi wa habari wa Jazz wa Amerika Kai Winding na J. J. Johnson na maonyesho yaliyochapishwa mnamo 1968 na kurekodiwa kwenye c.,1
415,"Mnamo mwaka wa 2014, Adam aliandika marekebisho ya gothic trilogy ya hadithi za kawaida Frankenstein, ufisadi wa Dorian Grey na Jekyll Hyde Corpus Delicti","Mnamo mwaka wa 2014 Adamu aliandika marekebisho ya gothic trilogy ya hadithi za kawaida Frankenstein, ufisadi wa Dorian Grey na Jekyll & Hyde Corpus Delicti",1
416,Bi Glad alikuwa amefanya kazi huko Ovamboland mnamo 1901 - 1919 na 1926 - mnamo 1936 na alikuwepo kama mhakiki wa kwanza wa shule.,"Bi Glad alikuwa amefanya kazi huko Ovamboland mnamo 1901 - 1919 na 1926 - 1936, na alikuwa ametenda huko kama mhakiki wa kwanza wa shule.",1
421,Anaelezea hii kama ugunduzi mpya wa hadithi - uandishi na anaiona ni ukweli wa hadithi za fasihi za Wachina.,"Anachukulia hii ni `` ugunduzi mpya '' wa uandishi wa hadithi, na huainisha ni `` mytho-realism '') ya fasihi ya Wachina.",0
428,"Mnamo 1953, timu pia ilienda huko Australia na Asia mnamo Agosti 1959.",Timu hiyo pia ilienda huko Australia mnamo 1953 na Asia mnamo Agosti 1959.,1
429,Ronnie Fields hakucheza mchezo mmoja katika NBA au NCAA.,Ronnie Fields hakucheza mchezo mmoja katika NCAA au katika NBA.,1
433,Uwanja wa michezo mpya una vifaa vya kisasa vya mazoezi ya mwili kwa watoto.,Uwanja wa michezo ni wa kisasa na vifaa vipya vya mazoezi ya watoto.,0
437,"Probuccinum tenerum ni aina ya konokono ya bahari, mollusk ya kweli ya gastropod katika familia ya Buccinidae, Marine ya Whelks.","Probuccinum tenerum ni spishi ya konokono ya bahari, mollusk ya baharini katika familia Buccinidae, Whelks ya kweli.",0
444,Abraham Hart alikuwa rais na katibu wa Meya Sulzberger wa wadhamini.,"Rais alikuwa Meya Sulzberger, na Abraham Hart alikuwa katibu wa wadhamini.",0
447,"Juhi Chawla ana watoto wawili na mke Jahnavi Mehta, msichana, Mehta (amezaliwa 2001) na mvulana, Arjun Mehta (amezaliwa 2003).","Mehta ana watoto wawili na mke Juhi Chawla, msichana, Jahnavi Mehta (amezaliwa mnamo 2001) na mvulana, Arjun Mehta (amezaliwa 2003).",0
450,Kiwango cha tofauti kati ya mielekeo ya Waprotestanti na Katoliki ndani ya mila maalum ya Anglikana ni jambo la mjadala mara kwa mara ndani ya makanisa ya Anglikana na wakati wote wa ushirika wa Anglikana.,Kiwango cha tofauti kati ya mielekeo ya Waprotestanti na Katoliki ndani ya mila ya Anglikana ni jambo la mjadala mara kwa mara ndani ya makanisa maalum ya Anglikana na katika jamii yote ya Anglikana.,0
451,"Shule ya Upili ya Slough ilikuwa shule ya kuchagua kwa wasichana huko Slough, Buckinghamshire, sasa Berkshire.","Shule ya Upili ya Slough ilikuwa shule ya sarufi ya kuchagua ya wasichana huko Slough, Buckinghamshire, sasa Berkshire.",1
456,Lobethal Bierhaus ni pombe ya mkoa na ushawishi wa mtindo wa Ujerumani.,"Lobethal Bierhaus ni bia ya bia ya mkoa, na ushawishi wa mtindo wa Ujerumani.",1
461,"Long alizaliwa huko Israeli, alihamia kama kijana kwenda Australia na akakaa hapo mnamo 1961.","Lang alizaliwa huko Australia, alihamia Israeli kama kijana na akakaa hapo mnamo 1961.",0
475,"Alistaafu huko Milwaukee, Wisconsin, ambapo alikufa mnamo 5 Mei 1903.","Alikufa huko Wisconsin, Milwaukee, ambapo alistaafu tarehe 5 Mei 1903.",0
476,"Rangi ya cap inatofautiana kutoka hudhurungi hadi hudhurungi, mara nyingi na doa ya manjano kwenye kofia kwenye ukomavu.","Rangi ya cap inatofautiana kutoka kahawia hadi manjano, mara nyingi na doa ya hudhurungi kwenye kofia kwenye ukomavu.",0
479,Mto Valea Lui Lambă au `` Unk '' Imon River ni kijeshi cha mto Lom huko Romania.,Mto wa Valea Lui Lambă au Mto wa șimon ni kijeshi cha Mto wa Lom huko Romania.,1
481,"Uzio uliokamilishwa uko hasa huko Texas, na ujenzi huko New Mexico, Arizona na California.","Uzio uliokamilishwa ni hasa huko Texas, na ujenzi unaendelea New Mexico, Arizona, na California.",1
486,"Buccinum pulchellum ni spishi ya konokono ya bahari, mollusk ya baharini ya baharini katika familia ya Buccinidae, vitabu vya kweli vya Whell-Horn.","Buccinum pulchellum ni spishi ya konokono ya bahari, mollusk ya kweli ya gastropod katika familia Buccinidae, wazungu wa baharini.",0
494,"Mnamo tarehe 30 Aprili 1983, C - 311 iliyopewa Nas Guantanamo Bay, Cuba, ilianguka huko Nas Jacksonville na upotezaji wa maisha 13 ya wanadamu.","Mnamo Aprili 30, 1983, C-311 ambayo ilipewa Nas Jacksonville, Cuba, huko Nas Guantanamo Bay iligonga na kupoteza maisha 13.",0
498,"Kama thawabu kwa uaminifu wake kwa Henry, alipata ardhi yenye faida na ofisi nyingi kusini mwa Wales.","Kama thawabu kwa uaminifu wake kwa Henry, alipata nchi nyingi na ofisi zenye faida huko South Wales.",0
500,"Mnamo 2010, Chuo Kikuu cha New York kilishinda Chuo Kikuu cha Harvard 3-1-1 ili kushinda ubingwa wake wa kwanza wa kitaifa.","Mnamo 2010, Chuo Kikuu cha New York kilishinda Chuo Kikuu cha Harvard 3-1-1 kushinda ubingwa wake wa kwanza wa kitaifa.",1
503,Mto Neajlovel ni kijeshi cha mto Neajlov huko Romania.,Mto wa Neajlov ni kijeshi cha Mto wa Neajlovel huko Romania.,0
509,"Shirika hilo lina makao yake makuu huko Arlington, Virginia, na ofisi yake ya nje ya nchi huko Paris, Ufaransa.","Shirika hilo lina makao yake makuu huko Arlington, Virginia, na ofisi yake ya shughuli za nje ya Paris, Ufaransa.",1
517,Mto wa Neajlov ni kijeshi cha Mto wa Neajlovel huko Romania.,Mto Neajlovel ni kijeshi cha mto Neajlov huko Romania.,0
520,"Ahmad Yar Khan alizaliwa katika familia ya Tiwana ya Shahpur, mwana wa Sahib Khan.","Sahib Khan alizaliwa katika familia ya Tiwana ya Shahpur, mwana wa Ahmad Yar Khan.",0
522,"Mzaliwa wa Brooklyn, New York, alikufa huko Tiburon, California.","Ilizaliwa huko Tiburon, California, na akafa huko Brooklyn, New York.",0
523,"Mapendekezo kutoka Met hadi kupanuka kutoka Paddington kwenda Kensington Kusini na Kusini kutoka Moorgate hadi Mnara wa Mnara hadi Kusini yalikubaliwa na kupokea idhini ya kifalme mnamo Julai 29, 1864.","Mapendekezo kutoka Met hadi Kuongeza kutoka Paddington kwenda Kensington Kusini na Mashariki kutoka Moorgate hadi Mnara wa Mnara hadi Kusini yalikubaliwa na kupokea idhini ya kifalme mnamo Julai 29, 1864.",0
527,"Shairi hilo limehifadhiwa katika maandishi manne ya maandishi, ambayo ya kisasa.","Shairi hilo limehifadhiwa katika maandishi manne ya kisasa, ambayo moja yamegawanyika:",0
528,"Halmashauri ya Jiji la Webster Grove ilikuwa na wajumbe wa baraza Greg Mueller, Ken Burns, Kathy Hart, Debi Salberg, Toni Hunt na Anne Tolan.","Halmashauri ya Jiji la Webster ilikuwa na wajumbe wa baraza Greg Mueller, Ken Burns, Kathy Hart, Debi Salberg, Toni Hunt, na Anne Tolan.",1
530,"Kwa hivyo, kuyeyuka kwa kuyeyuka na kuchemsha kwa metali za alkali zinaonyesha kuwa nguvu ya vifungo vya metali ya metali za alkali hupungua chini ya kundi.","Kwa hivyo, kuyeyuka kwa kuyeyuka na kuchemsha kwa metali za alkali zinaonyesha kuwa nguvu ya vifungo vya metali ya metali za alkali katika kundi hupungua.",1
531,"Scrivener aliandika maandishi hayo hadi karne ya 13, C. R. Gregory hadi karne ya 12, kwa sasa maandishi hayo yamewekwa karne ya 12 na Intf.","Scrivener aliandika maandishi hayo kwa karne ya 12, C. R. Gregory hadi karne ya 13. Hivi sasa maandishi hayo yamewekwa na INTF hadi karne ya 12.",0
532,Barabara ya Kaunti 540 ni maili chache magharibi mwa Jimbo la Jimbo 540 katika Jiji la Nyanda za Juu na inaendesha kusini kutoka Amerika 98 hadi Barabara ya Kaunti 37B.,Barabara ya Kaunti 540 ni maili chache kusini mwa Jimbo la Jimbo 540 katika Jiji la Nyanda za Juu na inaendesha magharibi kutoka Amerika 98 hadi Barabara ya Kaunti 37B.,0
533,"SPB ina saizi ya urefu wa kila wakati (umbali kutoka jalada la ndani hadi jalada la nje) kwa karibu 150 nm, lakini kipenyo chake hubadilika wakati wa mzunguko wa seli, Z.","SPB ina ukubwa wa ndani (jalada la nje kwa umbali wa kawaida wa kawaida) kwa karibu 150 nm, lakini kipenyo chake hubadilika wakati wa mzunguko wa seli, n.k.",0
537,Rami Nieminen (amezaliwa 25 Februari 1966) ni mpiga mpira wa zamani wa Kifini.,"Rami Nieminen (amezaliwa Februari 25, 1966) ni mpira wa miguu wa Kifini.",1
539,Alikuwa binamu wa mchezaji wa kitaifa wa Czech Miroslav Hlinka na mtoto wa mchezaji wa zamani Jaroslav Hlinka Sr.,Alikuwa binamu wa mchezaji wa timu ya kitaifa ya Czech Miroslav Hlinka na mtoto wa mchezaji wa zamani Jaroslav Hlinka SR.,1
541,Walikuwa pale kutuombea na walikuwa pale kutufurahisha.,Walikuwa pale kwa ajili yetu kuomba na walikuwa pale kwa sisi kufurahiya.,1
543,"William Llewelyn Williams, anayejulikana kama Llewelyn Williams (Machi 10, 1867 - Aprili 22, 1922), alikuwa mwandishi wa habari, mwanasheria na mwanasiasa wa Chama cha Wales.","William Williams, anayejulikana kama Llewelyn Williams (Machi 10, 1867 - Aprili 22, 1922), alikuwa mwandishi wa habari wa Wales, wakili, na mwanasiasa wa Chama cha Liberal.",0
544,Ndege kubwa ni mti wa tatu mkubwa na kongwe huko Poland na ndege kubwa ya London.,"Ndege kubwa ni mti wa tatu mkubwa na kongwe huko Poland, na ndege nene ya London nchini.",1
546,"Molmys River ni mto huko Perm Krai, Urusi, kijeshi cha Mto wa Yazva upande wa kushoto.","Yazva ni mto huko Perm Krai, Urusi, kijeshi cha kushoto cha Mto Molmys.",0
551,Sarika anamwuliza Kabir kumaliza mpango wake wa kumfunulia mchezo wa Ranvir.,Kabir anamwuliza Sarika kufunua mpango wake wa kumaliza mchezo wa Ranvir.,0
554,"Hadi ujio wa teknolojia ya video ya elektroniki na ya dijiti, utengenezaji wa filamu za ponografia uliunganishwa moja kwa moja na tasnia ya filamu.",Uzalishaji mkubwa wa filamu za elektroniki na za dijiti uliunganishwa moja kwa moja na tasnia ya filamu iliyoanzishwa hadi ujio wa teknolojia ya video ya ponografia.,0
563,"Wakati kikundi cha wapiganaji wa 33D kilikuwa kisichofanya kazi, kiliunganishwa na kikundi cha 33D cha busara kama kikundi cha wapiganaji wa 33D.","Wakati Kikundi cha Tactical cha 33D kilikuwa kisichofanya kazi, kiliunganishwa kama kikundi cha wapiganaji wa 33D na kikundi cha wapiganaji wa 33D.",0
564,Inatumika kwa kitongoji cha kusini-mashariki mwa Edithvale cha ufunguzi wa Melbourne mnamo 20 Septemba 1919.,Inatumikia kitongoji cha kusini-mashariki mwa Melbourne cha ufunguzi wa Edithvale mnamo 20 Septemba 1919.,0
566,"Massé alizaliwa katika Kata ya Westchester, New York, alikulia Holland, Michigan, na aliishi Ulaya wakati wa ujana wake.","Massé alizaliwa katika Kata ya Westchester, New York, alikulia Holland, Michigan, na aliishi Ulaya wakati wa ujana wake.",1
577,Fishman anashikilia digrii ya bachelor kutoka Chuo Kikuu cha Columbia na digrii ya Master katika Uchumi kutoka Chuo Kikuu cha Brown.,Fishman anashikilia digrii ya bachelor kutoka Chuo Kikuu cha Brown na digrii ya Master katika Uchumi wa Chuo Kikuu cha Columbia.,0
579,"Kufuatia mafanikio yake, Jane Campion aliajiri Jones kwa huduma za runinga ambazo ziligeuka kuwa Malaika wa Filamu kwenye Jedwali Langu, muundo wa picha ya Janet Frame.","Kufuatia mafanikio yake, Jane Campion Jones alikuwa muundo wa picha ya Janet Frame kwa huduma ya runinga ambayo iligeuka kuwa Malaika wa Filamu kwenye meza yangu.",0
580,"Stipsits alizaliwa huko Vienna, na alitumia utoto wake huko Stammersdorf, Korneuburg.","Stipsits alizaliwa huko Vienna na alitumia utoto wake huko Stammersdorf, Korneuburg.",1
587,Navarro ni Partido katika kaskazini mashariki mwa Mkoa wa Buenos Aires huko Argentina.,Navarro ni sehemu ya kaskazini mashariki mwa Argentina katika mkoa wa Buenos Aires.,0
598,"Kuinuka ni Daraja la Reli ya Kati ya Michigan, ambayo kwa mtangulizi wake, Daraja la Niagara Cantilever, lilishindana na Daraja la Rapids Whirlpool kwa usafirishaji wa reli.","Kuinuka ni Daraja la Reli ya Kati ya Michigan, ambayo ilishindana na mtangulizi wake, Daraja la Rapids Whirlpool, na Daraja la Niagara Cantilever kwa trafiki ya reli.",0
601,"Wimbo huo uliandikwa na kutengenezwa na gala, ambayo iliundwa na Filippo Andrea Carmeni na Maurizio Molella.",Wimbo huo uliandikwa na kutungwa na Gala iliyotengenezwa na Filippo Andrea Carmeni na Maurizio Molella.,0
608,"Retzius alizaliwa huko Stockholm, mwana wa Anatomist Anders Jahan Retzius (na mjukuu wa mwanaharakati na mtaalam wa dawa Anders Retzius).","Retzius alizaliwa huko Stockholm, mwana wa Anatomist Anders Retzius (na mjukuu wa mtaalam wa asili na duka la dawa Anders Jahan Retzius).",0
612,"Katika sensa ya 2011, 78.8 % ya wenyeji walikuwa Warumi, 17 % Roma, 2.7 % Hungary na Wajerumani 1.4 %.","Katika sensa ya 2011, 78.8 % ya wenyeji walikuwa Warumi, 17 % Hungary, Warumi 2.7 % na Wajerumani 1.4 %.",0
613,"Jumba la kumbukumbu liko katikati mwa Jiangbeizui CBD, karibu na ushirika wa Mto wa Jialing na Mto Yangtze.","Jumba la kumbukumbu liko katikati mwa Jiangbeizui CBD, karibu na ushirika wa Mto wa Jialing na Mto Yangtze.",1
620,"Robbins alizaliwa huko Coventry mnamo tarehe 21 Septemba 1933, na mapacha wake David, watoto wa nane na wa tisa wa kumi na mbili na Charles na Jessamine Robbins.","David alizaliwa mnamo tarehe 21 Septemba 1933 huko Coventry na baba yake mapacha Charles na Jessamine Robbins, mtoto wa nane na wa tisa wa kumi na mbili wa Robbins.",0
621,Kikosi hicho kinatunzwa na Malkia wa York Ranger (Kikosi cha 1 cha Amerika) (RCAC).,Kikosi hicho kinatekelezwa na Malkia wa York Ranger (RCAC) (Kikosi cha 1 cha Amerika).,1
624,Katz alizaliwa mnamo 1947 huko Uswidi na kuhamia New York akiwa na umri wa miaka.,Katz alizaliwa New York City mnamo 1947 na kuhamia Uswidi akiwa na umri wa miaka 1.,0
626,Picha kwenye ukurasa ni picha ya pande mbili tofauti na 3D iliyotolewa kabla.,Picha iliyo upande ni picha ya pande mbili tofauti na 3D iliyotolewa kabla.,1
627,"`` Kusimamishwa '' mwanga, katika muktadha wa kati ya EIT, inahusu `` quantum '' uhamishaji wa picha kwenye mfumo mzuri na kurudi tena.",`` Kusimamishwa '' taa inahusu muktadha wa kati ya EIT kwa `` `quantum '' uhamishaji wa picha kwenye mfumo mzuri na kurudi.,1
631,Wastani wa zamani ni muhimu zaidi kwa maadili ya juu ya formula _ 2.,Kwa maadili ya juu ya formula 2 wastani wa sasa ni muhimu zaidi.,0
634,"Kati ya wanawake mashuhuri wa Suriname ni Jennifer Simons, Marijke Djwalapersad, Elisabeth Samson, Cynthia McLeod, na Ruth Wijdenbosch.","Kati ya wanawake mashuhuri wa Suriname ni Jennifer Simons, Marijke Djwalapersad, Elisabeth Samson, Cynthia McLeod na Ruth Wijdenbosch.",1
636,"Mnamo 1924 alikuwa msemaji aliyealikwa wa ICM huko Toronto, huko Oslo mnamo 1932 na mnamo 1936 huko Zurich.","Mnamo 1924 alikuwa msemaji aliyealikwa wa ICM huko Toronto, mnamo 1932 huko Zurich na Oslo mnamo 1936.",0
640,"Huduma ya Ulimwenguni ya BBC pia ilitangaza toleo linaloitwa `` Wanyama, Mboga na Madini '', iliyoongozwa na Michael Flanders na jopo ikiwa ni pamoja na Terry Wogan.","Huduma ya Ulimwenguni ya BBC pia ilionyesha toleo linaloitwa `` Wanyama, Mboga na Madini '', lililoongozwa na Michael Flanders, na jopo na Terry Wogan.",1
646,"Ndugu mdogo wa Thompson, Julia, alizaliwa mnamo 1863 huko Charles Martin Hall, Kaunti ya Geauga, Ohio.","Ndugu mdogo wa Julia, Charles Martin Hall, alizaliwa huko Thompson, Kaunti ya Geauga, Ohio, mnamo 1863.",0
650,Mto wa Horezu ni huduma ya Mto wa Ponoru huko Romania.,Mto wa Ponoru ni kijeshi wa Horezu huko Romania.,0
654,"Mnamo 2002, wimbo huo ulichapishwa na mtayarishaji wa Briteni Vincent Stormfield na kufunikwa na Uhuruiente kama '' Tamu Harmony 02 ``.","Mnamo 2002, wimbo huo ulifunikwa na mtayarishaji wa Uingereza Vincent Stormfield na kutolewa kama `` Tamu Harmony '02 '' na Independeente.",0
655,"David alizaliwa mnamo tarehe 21 Septemba 1933 huko Coventry na baba yake mapacha Charles na Jessamine Robbins, mtoto wa nane na wa tisa wa kumi na mbili wa Robbins.","Robbins alizaliwa mnamo tarehe 21 Septemba 1933 huko Coventry, na mapacha wake David, mtoto wa nane na wa tisa wa kumi na mbili wa Charles na Jessamine Robbins.",0
661,Kikosi hicho kiliacha Boston mnamo Oktoba 1777 kujiunga na jeshi kuu la Jenerali George Washington nje ya Philadelphia.,Utawala huo uliondoka Philadelphia mnamo Oktoba 1777 ili kujiunga na jeshi kuu la Jenerali George Washington nje ya Boston.,0
662,Kiwanja hicho kiliandaliwa na Dk. Patrick Ukurasa na timu yake na kilipewa hati miliki na Genkyotex mnamo 2007.,Kiwanja hicho kilipewa hati miliki na Dk. Patrick Ukurasa na timu yake na kilibuniwa na Genkyotex mnamo 2007.,0
663,"Kesi ya `` '' ilitumika kwa mara ya mwisho mnamo 1949 huko Ujerumani Mashariki, 1966 huko Ujerumani Magharibi.","`` Fallbeil '' ilitumika mara ya mwisho huko Ujerumani Magharibi mnamo 1949, mnamo 1966 huko Ujerumani Mashariki.",0
676,"Ringo Sheena ndiye kiongozi wa Saito Neko Quartet, na anajulikana kwa kushirikiana kwake na mwanamuziki Saito.",Saito ndiye mkuu wa Saito Neko Quartet na anajulikana kwa kushirikiana kwake na mwanamuziki Ringo Sheena.,0
678,Abu Halifa au Abu Hulayfah au Abu Huleifa au Abu Haleifah ni mji mdogo katika wilaya ya Abu Halifa ya Gavana wa Al Ahmadi kusini mwa Kuwait.,Abu Halifa au Abu Hulayfah au Abu Huleifa au Abu Haleifah ni mji mdogo katika Kuwait ya Gavana wa Al Ahmadi katika wilaya ya kusini ya Abu Halifa.,0
683,"Baba yake alikuwa mtoto wa haramu wa Anne Tothby, mbunge wa Bunge la Lincolnshire, na William Skipwith.","Baba yake alikuwa mtoto wa haramu wa Anne Tothby, mwanachama wa Bunge la Lincolnshire, na William Skipwith.",1
687,"Kati yao ni Marie Teresa Rios, mtunzi wa Boleros, Julita Ross, mwandishi, na Sylvia Rexach, mwimbaji.","Miongoni mwao ni Sylvia Rexach, mtunzi wa Boleros, Marie Teresa Rios, mwandishi, na Julita Ross, mwimbaji.",0
688,"Alinusurika na mkewe Carol Ober, binti Viola na wajukuu wanne.","Alinusurika na mkewe Carol Ober, binti yake Viola na wajukuu wanne.",1
689,"Angerudi kituo kuelekea magharibi mwa Tecumseh usiku huo, na kisha akapanda na farasi mwingine kwenda Violet Springs kabla ya majirani zake kuwa na mashaka.","Angesafiri kwenda kituo hicho usiku huo, kilicho magharibi mwa Tecumseh, na kisha kurudi Violet Springs na farasi mwingine kabla ya majirani zake kuwa na mashaka.",0
690,"Shirika hilo lina makao yake makuu huko Paris, Ufaransa, na ofisi yake ya nje - Operesheni - ofisi huko Arlington, Virginia.","Shirika hilo lina makao yake makuu huko Arlington, Virginia, na ofisi yake ya shughuli za nje ya Paris, Ufaransa.",0
696,"Mnamo 1964, Dayosisi hiyo ilirejeshwa kama raia wa kiwango cha chini (Episcopal).","Mnamo 1964, Dayosisi hiyo ilirejeshwa kwa jina la Episcopal la kiwango cha chini (cha titular).",0
699,"Kazi yake ya baadaye katika kilimo ilikuwa hasa huko Lincolnshire, lakini pia alipendekeza embe kubwa huko Norfolk, ambazo zilifanywa kwa mafanikio.","Kazi yake ya baadaye katika kilimo ilikuwa hasa huko Norfolk, lakini pia alipendekeza matundu ya kina huko Lincolnshire, ambayo yalifanywa kwa mafanikio.",0
706,Wakati Jack Nitzsche aliposikia kwanza `` aina ya wenzake '' alifurahi sana alipoteza udhibiti wa gari lake wakati akiendesha Sunset Boulevard na Phil Spector.,"Wakati Phil Spector aliposikia `` aina ya wenzake '' kwa mara ya kwanza, alifurahi sana kwamba alipoteza udhibiti wa gari lake wakati akishuka kwenye Boulevard ya Jua na Jack Nitzsche.",0
711,Wakomunisti waliamini kabisa kuwa Chombo cha Ushauri wa Kati kiliunga mkono maandamano haya kifedha kwa busara na vinginevyo.,Wakomunisti waliamini kwa busara kwamba Wakala wa Ushauri wa Kati kifedha na vinginevyo waliunga mkono maandamano haya.,0
712,"Spishi hizo ni washiriki wa vikundi tofauti vya ikolojia, pamoja na vichaka vya xerophytic, lianas na miti, mimea ya kitropiki, mycoheterotrophy, na pia wawakilishi wa mitishamba.","Spishi hizo ni washiriki wa vikundi tofauti vya ikolojia, pamoja na vichaka vya kitropiki, Lianas na miti, mimea ya xerophytic, mycoheterotrophic na wawakilishi mbali mbali wa mitishamba.",0
713,"Khan aliendelea na kusindikiza, Tsitsianov alipanda na watu wengine wawili na akapigwa risasi.","Khan aliendelea na kusindikiza, Tsitsianov alipanda na watu wengine wawili na akapigwa risasi.",1
715,"Sculcoates ina maktaba, ofisi ya posta, umwagaji wa kuogelea unaoitwa Beverley Baths, shule ya upili na shule mbili za msingi.","Sculcoates ina maktaba, ofisi ya posta, bwawa la kuogelea linaloitwa Beverley Baths, shule ya upili na shule mbili za msingi.",1
716,Alizaliwa huko Melbourne na alihamia New Zealand na familia yake akiwa na miaka 10.,"Alizaliwa New Zealand, na alihamia na familia yake kwenda Melbourne alipokuwa na miaka 10.",0
725,"Katika historia ya vifaa kama hivyo, ilitangulia `` Turk '' na ikafanikiwa `` Mephisto ''.",Katika historia ya vifaa kama hivyo '' Turk `` imefaulu na '' mephisto `` ilitanguliwa.,0
737,"Agranat alizaliwa huko Louisville, Kentucky, mnamo 1906, kwa familia ya Wayahudi-Sayuni.","Agranat alizaliwa na familia ya Wazayuni-Wayahudi huko Louisville, Kentucky mnamo 1906.",1
744,"Massé alizaliwa katika Kata ya Westchester, New York, alikulia Holland, Michigan, na aliishi Ulaya wakati wa ujana wake.","Massé alizaliwa huko Holland, Michigan, alikulia katika Kata ya Westchester, New York, na aliishi Ulaya wakati wa ujana wake.",0
749,Nasaba hizi tatu za mama zilitawala ufalme wa Waalo na familia ya baba ya Mbooj.,Hizi nasaba tatu za mama zilitawala ufalme wa Waalo na familia ya baba ya Mbooj.,1
751,BAC inatoa maonyesho matatu ya kila mwaka ya Minnesota Orchestra na hivi karibuni imeamuru kazi na Diavolo na Merce Cunningham Dance Company.,BAC ina maonyesho matatu ya kila mwaka ya Minnesota Orchestra na inatoa kazi zilizotumwa hivi karibuni na Kampuni ya Diavolo na Merce Cunningham.,0
757,"Monroe Meadows, katika Bonde la Yosemite karibu na Bridalveil Falls, pia ametajwa baada ya George Monroe.","Monroe Meadows, katika kesi ya Bridalveil karibu na Yosemite Valley, pia ametajwa kwa George Monroe.",0
761,Andesite ilikuwa aina kubwa ya lava na sampuli kadhaa za kutosha kuainishwa kama basaltic andesite.,Andesite ilikuwa aina kubwa ya lava na sampuli kadhaa ambazo zilitosha kuainishwa kama basaltic andesite.,1
763,"Mwanzoni mwa 2016, Seneta Bob Hackett aliteuliwa katika Seneti ya Ohio ili kufanikiwa Seneta Chris Widener, aliyejiuzulu.","Mwanzoni mwa 2016, Seneta Chris Widener aliteuliwa katika Seneti ya Ohio kufanikiwa Seneta Bob Hackett, aliyejiuzulu.",0
767,"Kwa mazoezi ni mesquite `` moduli '' Java - madarasa, kawaida hupunguza vifungu vya ufafanuzi wa darasa la saruji.","Kwa mazoezi, mesquite `` moduli '' Java - madarasa kawaida ni miteremko halisi ya ufafanuzi wa darasa la kawaida.",0
769,Papa alipendekeza suluhisho mnamo 1980 ambayo ilikataliwa na Chile na kupitishwa na Argentina.,Papa alipendekeza suluhisho lililokubaliwa na Chile mnamo 1980 na kukataliwa na Argentina.,0
772,"Mnamo miaka ya 1930 na 1940, alichaguliwa mara nne kwa Al Smith mnamo 1928 kwa Franklin D. Roosevelt na kwa Harry S. Truman mnamo 1948.","Massachusetts walipiga kura kwa Al Smith mnamo 1928, kwa Franklin D. Roosevelt mara nne katika miaka ya 1930 na 1940, na kwa Harry S. Truman mnamo 1948.",1
782,Muziki uliofanywa kama Bob Courts `` Blackadder '' ni Vaughan Williams '`` Fantasia kwenye Greensleeves' '.,Muziki ambao unafanywa kama mahakama za Blackadder '' Bob `` ni '' Fantasia kwenye Greensleeves '' na Vaughan Williams.,0
785,Inafaa pia kuzingatia kwamba nambari ifuatayo ingefanya kazi bila ADL (itatumika kwake).,Inafaa pia kuzingatia kwamba nambari ifuatayo ingefanya kazi bila ADL (itatumika kwake).,1
787,Halafu hukutana na Mto wa Snoqualmie kuunda Mto wa Snohomish huko Monroe.,Halafu hukutana na Mto wa Snoqualmie kuunda Mto wa Snohomish huko Monroe.,1
793,"Wakati wa kampeni yake, alijadili McCain mara mbili, mara moja huko Tucson na mara moja huko Flagstaff.","Wakati wa kampeni yake, alijadili mara mbili McCain, mara moja huko Flagstaff na mara moja huko Tucson.",1
795,"Ilikamilishwa na mkewe, Stella Gemmell, kufuatia kifo chake mnamo Julai 28, 2006 na kuachiliwa chini ya uandishi wa pamoja wa David na Stella Gemmell.",Ilichapishwa na mkewe Stella Gemmell kufuatia kifo chake mnamo 28 Julai 2006 na kumaliza chini ya uandishi wa pamoja wa David na Stella Gemmell.,0
798,"Chama cha Kati cha Baptist ni ushirika wa makanisa kutoka Carolina Kusini kwenda Indiana, na makanisa mengi mashariki mwa Tennessee na kusini-magharibi mwa Virginia.","Chama cha Kati cha Baptist ni chama cha makanisa yaliyoko kutoka South Carolina hadi Virginia, na makanisa mengi yakiwa mashariki mwa Tennessee na kusini magharibi mwa Indiana.",0
803,Karen Phillips alianza uhusiano na Steve wa Suranne Jones alicheza.,Steve alianza uhusiano na Karen Phillips aliyechezwa na Suranne Jones.,0
808,Vidas Distintas ni telenovela ya Mexico kutoka 1969 iliyopitishwa na Televisa na asili iliyotengenezwa na Telesistema Mexico.,"Tres Vidas Distintas, ni telenovela ya Mexico ya 1969 iliyopitishwa na Televisa na asili iliyotengenezwa na Telesistema Mexico.",1
815,"Chandler alizingatia kompyuta kama zana ya kujifunza, lakini alikataa Objectivism iliyopo ambayo ilitambua data kama habari, na habari kama maarifa.","Chandler alitambua kompyuta kama zana ya kujifunza, lakini alikataa Objectivism iliyopo, ambayo iliona data kama habari na habari kama maarifa.",0
817,Mabadiliko ya awamu kutoka kwa ferromagnet hadi paramagnet ni ya pili na ni ya utaratibu unaoendelea.,Mabadiliko ya awamu kutoka kwa ferromagnet hadi paramagnet yanaendelea na ina agizo la pili.,0
819,Familia za Kialbania ziliondoka kijijini kabla ya kurudi kwa wakimbizi wa Serbia mnamo 1999.,"Kabla ya kurudi kwa wakimbizi wa Serb mnamo 1999, familia za Albania ziliondoka kijijini.",1
827,"Walakini, toleo la asili liliruka kwa niaba ya toleo laini.","Toleo kali, hata hivyo, liliruka kwa niaba ya toleo la asili.",0
833,"Mnamo 1864, Jumuiya ya Wamishonari ya United Presbyterian ya Scotland ilituma mawakala wake China.",Jumuiya ya Wamishonari ya United Presbyterian ya Uchina ilituma mawakala wake huko Scotland mnamo 1864.,0
839,"Baada ya miaka kumi kukaa Paris, Houdon alirudi Italia.","Baada ya miaka kumi huko Paris, Houdon alirudi Italia.",1
840,Alifungwa na Wajerumani na kung'olewa na Washirika wa Bombers mara mbili mnamo 1943 - 1944 na hatimaye akalelewa mnamo 1946 - 1947.,Ililelewa na Wajerumani mnamo 1943 - 1944 na kuzamishwa mara mbili na Washirika wa Washirika na mwishowe waligonga mnamo 1946 - mnamo 1947.,0
841,"Mnamo 1864, Jumuiya ya Wamishonari ya United Presbyterian ya Uchina ilituma mawakala wake nchini Scotland.",Jumuiya ya Wamishonari ya United Presbyterian ya Uchina ilituma mawakala wake huko Scotland mnamo 1864.,1
843,"Nyota wa filamu Lily Rabe, Timothée Chalamet, Lili Reinhart, Anthony Quintal, Oscar Nunez, na Rob Huebel.","Nyota Lilie Rabe, Timothée Chalamet, Lili Reinhart, Anthony Quintal, Oscar Nunez na Rob Huebel.",1
844,"Jiji la Dakota ni sehemu ya Mkoa wa Metropolitan Sioux City, IA - NE - SD.","Jiji la Dakota ni sehemu ya mji wa Sioux, IA - NE - eneo la takwimu la Metropolitan.",1
846,"Grant Connell na Glenn Michibata walishinda taji hilo, wakimshinda Wayne Ferreira na Jim Grabb 6: 4, 6: 3 kwenye fainali.","Wayne Ferreira na Jim Grabb walishinda taji hilo, wakimshinda Grant Connell na Glenn Michibata 6 - 4, 6 - 3 kwenye fainali.",0
849,Uchaguzi wa bunge huko Zagreb mnamo 1927 ulifanyika tarehe 4 Septemba siku 7 kabla ya uchaguzi wa mitaa.,"Uchaguzi wa bunge wa 1927 huko Zagreb ulifanyika mnamo 4 Septemba, siku 7 kabla ya uchaguzi wa mitaa.",1
851,"Probuccinum tenerum ni spishi ya konokono ya bahari, mollusk ya kweli ya gastropod katika familia Buccinidae, Whelks ya baharini.","Probuccinum tenerum ni spishi ya konokono ya bahari, gastropod mollusc ya kweli katika familia ya Buccinidae, Marine ya Whelks.",1
855,Mto wa Valea Lui Lambă au Mto wa Lom ni kijeshi cha Mto wa șimon huko Romania.,Mto Valea Lui Lambă au Mto wa Lom ni kijeshi cha Mto wa `` Unk '' Imon huko Romania.,0
858,"Jenasi hii sasa imeainishwa katika familia ya mijusi, inayojulikana kama Iguanidae, subfamily Polychrotinae, na haijawekwa tena katika familia isiyo ya kawaida, Polychrotidae.","Jenasi hii sasa iko katika familia ya mijusi inayojulikana kama Iguanidae, subfamily Polychrotinae, na haijawekwa tena katika familia isiyo sahihi, Polychrotidae.",1
859,"Mnamo mwaka wa 2012, jiji liliruka na kushinda na Democrat Barack Obama, ambaye alichukua asilimia 51 ya kura kwa Republican Mitt Romney wa 48 %.","Mnamo mwaka wa 2012, Borough iliruka na kushinda na Democrat Barack Obama, ambaye alichukua asilimia 51 ya kura kwa 48 % ya Republican Mitt Romney.",1
861,"Pamoja naye nimeweza kutimiza ndoto zangu za muziki na mitindo ya mapema na mtindo huu mpya ni mkubwa, safi na asili ufasaha.","Pamoja naye nimeweza kutimiza ndoto zangu za mapema na mitindo ya muziki na mtindo huu mpya ni mkubwa sana, safi na asili inapita.",0
864,"Grady Howard alichaguliwa meya wa kwanza tarehe hii, na aliitwa rasmi Meya wa mpito wa Ziwa la Spring mnamo Juni 5, 1951.","Grady Howard alichaguliwa meya wa kwanza tarehe hii na aliteuliwa rasmi Meya wa Ziwa la Spring mnamo Juni 5, 1951.",0
870,Ballouhey iko hasa katika Isère huko Paris na vile vile huko Ufaransa na Afrika Kusini.,"Ballouhey yupo hasa nchini Ufaransa huko Isère na huko Paris, na vile vile Afrika Kusini.",0
875,Itakuwa juu na ukuta mrefu na uwezo.,"Itakuwa juu, na ukuta mrefu na uwezo.",1
881,"Elimu huko Alabama ina shule za sekondari na za msingi huko Alabama, pamoja na Chuo Kikuu cha Alabama, vyuo vya kibinafsi, na shule za umma na za kibinafsi.","Elimu huko Alabama ina shule za umma na za kibinafsi huko Alabama, pamoja na Chuo Kikuu cha Alabama, vyuo vikuu vya kibinafsi na shule za sekondari na za msingi.",0
893,"Mfululizo huo ulijadiliwa Aprili 18, 2009 huko Australia kwenye Nickelodeon (New Zealand na New Zealand).","Mnamo Aprili 18, 2009, mfululizo ulijadiliwa huko New Zealand kwenye Nickelodeon (Australia na New Zealand).",0
894,"Ilielekezwa na George Fitzmaurice na inatokana na mchezo wa 1917, `` Tiger Rose '', na Willard Mack.","Kuongozwa na George Fitzmaurice, ni kwa msingi wa mchezo wa 1917 `` Tiger Rose '' na Willard Mack.",1
914,"Toleo la Mahabharata lililoandikwa na Odia - mshairi Sarala Dasa anasimulia hadithi ya Navagunjara, hakuna mwingine aliye na hadithi hiyo.","Toleo la Mahabharata, lililoandikwa na mshairi wa Odia Sarala Dasa, lina hadithi ya Navagunjara. Hakuna toleo lingine linalosimulia hadithi.",0
917,"Vempati Chinna Satyam (Oktoba 15, 1929 - Julai 29, 2012) alikuwa dancer wa India na mkuu wa fomu ya densi ya Kuchipudi.",Vempati Chinna Satyam (15 Oktoba 1929 - 29 Julai 2012) alikuwa densi wa India na mkuu wa fomu ya densi ya Kuchipudi.,1
921,Lee Hi ni mwimbaji wa Korea Kusini chini ya Burudani ya YG.,Mwimbaji wa Kikorea Lee Hi ni mwimbaji wa Korea Kusini chini ya Burudani ya YG.,1
922,"Lahaja za njia hii hutoa makadirio mazuri ya hesabu kwa watoa huduma wengi wakati masharti muhimu yanajumuishwa, katika vipimo viwili na vitatu.",Lahaja za utaratibu huu hutoa makadirio mazuri ya hesabu kwa watoa huduma muhimu wakati maneno mengi yanajumuishwa katika vipimo viwili na vitatu.,0
926,"Kifuniko kiliondolewa tu na watazamaji wenye bahati, kwa hivyo picha hizi zinaweza kuwa za karibu zaidi.","Kifuniko kiliondolewa tu na watazamaji wenye bahati, kwa hivyo picha hizi zinaweza kuwa za karibu zaidi.",1
928,Inatumikia eneo la Cantonment la Chandimandir la Panchkula City.,Inatumikia eneo la Panchkula la Jiji la Chandimandir.,0
929,"Shule ya Upili ya Slough ilikuwa shule ya sarufi ya kuchagua ya wasichana huko Slough, Buckinghamshire, sasa Berkshire.","Shule ya Upili ya Slough ilikuwa shule ya sarufi ya wasichana ya kuchagua huko Slough, Buckinghamshire, sasa Berkshire.",1
930,"Eugene D. Engley alizaliwa mnamo 5 Aprili 1851 huko Attleborough, Massachusetts, kama mtoto wa James Henry Engley na mkewe, Mary Kaley wa zamani.","James Henry Engley alizaliwa mnamo 5 Aprili 1851 huko Attleborough, Massachusetts, mtoto wa Eugene D. Engley na mkewe, Mary Kaley wa zamani.",0
932,"Maritsa Lazari alizaliwa huko Kupro mnamo Oktoba 1943 na kuhamia na familia yake akiwa na umri wa miaka 16 hadi London, England.",Maritsa Lazari alizaliwa London mnamo Oktoba 1943 na amehamia Kupro na familia yake akiwa na umri wa miaka 16.,0
935,"Mnamo Machi 5, 2011, MTV Hive aliweka kiunga cha kutiririka kwa Anni Rossi akiigiza Rihanna's `` Rude Boy ''.","Mnamo Machi 5, 2011, MTV Hive alituma kiunga cha utiririshaji kwa Rihanna, akifanya Anni Rossi `` kijana wa kijeshi ''.",0
938,"Makaburi ya Machpelah, pia yameandikwa kama '' Macpelah Cemetery `` au '' MacPhelah Cemetery ``, ni kaburi katika Hudson County, New Jersey.","Makaburi ya Machpelah, pia yameandikwa kama `` Macpelah Cemetery '', au `` MacPhelah Cemetery '', ni kaburi katika Hudson County, New Jersey.",1
944,Wimbo huo uliandikwa na kutungwa na Gala na Filippo Andrea Carmeni na Maurizio Molella.,"Wimbo huo uliandikwa na kutengenezwa na gala, ambayo iliundwa na Filippo Andrea Carmeni na Maurizio Molella.",0
946,"Kulingana na Kabla, Robert Goldsmith babu wa mshairi, mwandishi wa kucheza na mwandishi wa riwaya Oliver Goldsmith alikuwa wa kwanza wa familia kuishi huko Balloughter.","Kulingana na Robert Kabla, Robert Goldsmith alikuwa babu wa mshairi, mwandishi wa kucheza, na mwandishi, Oliver Goldsmith, wa kwanza wa familia kuishi na Balloughter.",1
952,Kuachana na injini na mafuta yao kunapunguza ugumu na kuongeza mzigo.,Kuacha injini na mafuta yao kungeongeza ugumu na kupunguza upakiaji.,0
956,"Kulingana na Tobe na Gunnar Hansen, sababu iliyomfanya avae mask ni kwamba mask aliamua kweli tabia yake.","Gunnar Hansen alitoa maoni: `` Sababu alivaa mask, kulingana na Tobe na Kim, ilikuwa kwamba mask aliamua tabia yake kweli.",0
957,"Chuo cha kibinafsi cha Claiborne kiko katika Haynesville, karibu na parokia ya Claiborne.","Chuo cha kibinafsi cha Claiborne kiko katika Parokia ya Claiborne, sio karibu na Haynesville.",0
958,"Nvidia Titan V ilitangazwa rasmi na Nvidia mnamo Desemba 7, 2017.","Mnamo Desemba 7, 2017 Nvidia alitangaza rasmi Nvidia Titan v.",1
959,"Alifanya mazoezi ya matibabu katika Hospitali ya Middlesex huko London, na alihitimu kama daktari wa kliniki mnamo 1943.",Alifanya mazoezi ya kliniki katika Hospitali ya Middlesex huko London na alihitimu kama daktari mnamo 1943.,0
965,Alifanya kama mtengenezaji wa glasi na alifanya kazi na bendi nyingi tofauti kwenye vyombo tofauti vya muziki.,Alifanya kazi kama mtengenezaji wa glasi na alifanya kwenye vyombo anuwai vya muziki na bendi nyingi tofauti.,0
973,Vipengele vya mifumo ya mitambo huhifadhi nishati ya uwezo wa elastic ikiwa imeharibiwa kwenye mfumo wakati wa kutumika.,Vipengele vya mifumo ya mitambo huhifadhi nishati ya uwezo wa elastic ikiwa imeharibika wakati vikosi vinatumika kwa mfumo.,1
975,"William Llewelyn Williams anayejulikana kama Llewelyn Williams (10 Machi 1867 - 22 Aprili 1922), alikuwa mwandishi wa habari wa Wales, wakili na mwanasiasa wa Chama cha Liberal.","William Williams, anayejulikana kama Llewelyn Williams (10 Machi 1867 - 22 Aprili 1922), alikuwa mwandishi wa habari wa Wales, wakili na mwanasiasa wa Chama cha Liberal.",1
976,"Blagoy Ivanov alimpinga Mehmen kwa Mashindano ya WSOF Heavyweight mnamo Oktoba 17, 2015.","Blagoy Ivanov alimpinga Mehmen kwa Mashindano ya WSOF Heavyweight mnamo Oktoba 17, 2015.",1
989,"Ilianzishwa na Richard Creed, iliyojengwa na George Edward, iliyoundwa na Collins na Geoffrey wa Monmouth.","Iliundwa na Richard Creed, iliyojengwa na Collins na Geoffrey na vifaa na George Edward wa Monmouth.",0
990,"Sacramento iko katika (38.651254, -121.259279), kati ya mwaloni mzuri na Folsom.","Fair Oaks iko kati ya Sacramento na Folsom (38.651254, -121.259279).",0
998,"Nyimbo ya `` astrud '' kwenye albamu ya Gilberto's 1987, `` Wakati na Tide '', ni zawadi kwa Basia Trzetrzelewska.",Njia ya `` astrud '' kwenye albamu ya Basia Trzetrzelewska `` Time and Tide '' kutoka 1987 ni heshima kwa Gilberto.,0
999,"Clark alikuwa na mtoto wa kiume, Rishi, aliyezaliwa Aprili 3, 2007. Soksi na viatu kwenye muziki wa microcosm ilipewa jina lake, Rishi Saturn.","Rishi alikuwa na mtoto wa kiume, Clark, aliyezaliwa Aprili 3, 2007. Soksi na viatu kwenye muziki wa microcosm uliitwa baada yake, Rishi Saturn.",0
1006,"Melodie Crittenden aliondoka kwenye kikundi mnamo 2004 ili kutafuta kazi ya solo, na kwa zaidi ya 2005 Nicol aliimba na kikundi hicho.","Melodie Crittenden aliondoka kwenye kikundi mnamo 2004 kutazama kazi ya solo, na kwa zaidi ya 2005 Nicol aliimba na kikundi hicho.",1
1008,"Katika mpira wa miguu wa kitaalam, timu za Scottish zinashindana katika ngazi zote chini ya udhamini wa Scottish, na timu nyingi chini ya ubingwa wa Scottish kuwa wa kitaalam.","Katika Soka la Scottish, timu za wataalamu wa nusu katika ngazi zote zinaonekana chini ya udhamini wa Scottish, na timu nyingi chini ya ubingwa wa Scottish kuwa wa kitaalam.",0
1013,Diboll na Owen wa New Orleans walikuwa wasanifu na G. A. Chamblin wa Simu alikuwa mkandarasi.,Wasanifu walikuwa Diboll na Owen wa New Orleans na mkandarasi alikuwa G.A. Chamblin ya Simu.,1
1022,"Katika shinikizo la damu mbaya, mabadiliko haya ya hyperplastiki mara nyingi huambatana na necrosis ya arterial ya fibrinoid intima na media.","Katika shinikizo la damu mbaya, mabadiliko haya ya hyperplastiki mara nyingi hufuatana na necrosis ya fibrinoid ya intima ya arterial na media.",0
1023,Timu hiyo ilienda Australia mnamo 1953 na Asia mnamo Agosti 1959.,Mnamo 1953 timu ilienda Asia na Australia mnamo Agosti 1959.,0
1029,"Filamu hii ni kuhusu Rafael, mwimbaji wa Kimalayalam katika tasnia mpya ya filamu.","Filamu hiyo ni kuhusu Rafael, mwimbaji mpya katika tasnia ya filamu ya Kimalayalam.",0
1030,"Mnamo 1864, Jumuiya ya Wamishonari ya United Presbyterian ya Uchina ilituma wawakilishi wake huko Scotland.",Jumuiya ya Wamishonari ya United Presbyterian ya Uchina ilituma mawakala wake huko Scotland mnamo 1864.,1
1037,Mfumo wa nafasi ya vector ya awali _ 13 inaitwa `` kitu cha awali '' au `` muundo wa kitolojia '' kwa heshima na data uliyopewa.,Mfumo wa nafasi ya kwanza ya vector 13 inaitwa kitu cha awali `` au '' muundo wa kitolojia kwa heshima na data uliyopewa.,1
1040,Nasaba hizi tatu za mama zilitawala ufalme wa Waalo na familia ya baba ya Mbooj.,Nasaba hizi tatu za baba zilitawala ufalme wa Waalo na familia ya mama Mbooj.,0
1046,"Filamu hiyo inacheza Jembie Almazan kama Alex, Bernardo Garnica Cruz kama David na Jonathan Diaz Angulo kama Maria.","Nyota wa filamu Jembie Almazan kama Mary, Bernardo Garnica Cruz kama David na Jonathan Diaz Angulo kama Alex.",0
1049,"Wakati kutengwa kwa wachezaji weusi haikuwa sheria iliyoandikwa, tangu 1933 hakuna Afro-American aliyecheza kwenye Ligi ya Soka ya Kitaifa.","Wakati kutengwa kwa wachezaji weusi haikuwa sheria iliyoandikwa, hakuna Mwafrika-Amerika aliyecheza kwenye Ligi ya Soka ya Kitaifa tangu 1933.",1
1055,Dale ameolewa na Patricia Meyer tangu 1984 na kwa pamoja wana watoto wawili: Ryan (amezaliwa 1988) na Blake (amezaliwa 1992).,"Tangu 1984, Blake ameolewa na Patricia Meyer na ana watoto wawili: Ryan (amezaliwa 1988) na Dale (amezaliwa 1992).",0
1060,"Wakati Platzer alifungua mgahawa wake wa pili huko Allentown mnamo 1993, alibadilisha jina hilo kuwa P. J. Whelihan kumheshimu babu yake, Peter Joseph Whelihan.","Mnamo 1993, wakati Platzer alifungua mgahawa wake wa pili huko Allentown, alibadilisha jina hilo kuwa P. J. Whelihan kumheshimu babu yake Peter Joseph Whelihan.",1
1061,"Wakati wa misheni, askari 65 waliuawa: Wanigeria 34, Wa Chadi 28, 2 Togolese na 1 Burkinabé.","Wakati wa misheni hiyo, askari 65 waliuawa: Wa Chadi 34, Wanigeria 28, 2 Togolese na 1 Burkinabé.",0
1066,Mnamo Desemba 1969 ikawa Jeshi la 49 - Idara ya 29 ya Jeshi - Idara.,Mnamo Desemba 1969 ikawa Jeshi la 29 - Idara ya 49 ya Jeshi - Idara.,0
1067,Scapes haipo au fupi sana.,Scapes ni fupi sana au hazipo.,1
1068,"Alizingatiwa kama '' ana uwezo mkubwa na talanta kubwa, na atakua katika siku zijazo kwa tabia ya kipekee ya muziki.","Alizingatiwa kama `` ana uwezo mkubwa sana na talanta kubwa, na atakua na tabia ya kipekee ya muziki katika siku zijazo. ''",1
1077,"Mnamo Januari 2013, ilitangazwa kuwa Warren Spector Disney Interactive alikuwa ameondoka baada ya kufungwa kwa Junction Point Studios.","Mnamo Januari 2013, ilitangazwa kuwa Warren Spector alikuwa ameacha Studio za Junction Point kufuatia kufungwa kwa Disney Interactive.",0
1082,"Usafirishaji wa anga hutolewa ndani na ndege ndogo huko New Bedford, Berkley, na uwanja wa ndege wa mkoa huko Taunton Mashariki.","Usafirishaji wa anga hutolewa ndani kupitia ndege ndogo huko Taunton Mashariki, Berkley, na uwanja wa ndege wa mkoa huko New Bedford.",0
1084,"Tunapotumia mashine inayobadilishana, tunayo rasilimali ya Atime.","Ikiwa tunayo mashine ya kubadilisha ya kubadilisha, tunatumia rasilimali ya rasilimali.",0
1085,Alimaliza mapigo mawili nyuma ya Bubba Watson na Louis Oosthuizen na alilalamika kuweka - utendaji kama sababu hakushinda mashindano hayo.,Alimaliza viboko viwili nyuma ya Louis Oosthuizen na Bubba Watson na akasisitiza kufanya kazi yake kama sababu hakushinda mashindano hayo.,1
1086,"Miji ya mwenyeji wa zamani ya Mkutano wa Maamuzi ya Sirius ni pamoja na Orlando (2014), Scottsdale (2013) na San Diego (2012).","Miji ya mwenyeji wa zamani wa Mkutano wa SiriusDecisions ni pamoja na Orlando (2014), San Diego (2013), na Scottsdale (2012).",0
1091,"Taa katika Louvre - uchoraji ni joto na inaonekana laini, lakini hii inaweza kuwa matokeo ya sauti ya varnish juu ya uso.","Taa katika uchoraji wa Louvre ni joto na inaonekana laini, lakini hii inaweza kuwa matokeo ya sauti ya varnish kwenye uso.",1
1092,"Molmys River ni mto huko Perm Krai, Urusi, kijeshi cha kushoto cha Mto wa Yazva.","Yazva ni mto huko Perm Krai, Urusi, kijeshi cha kushoto cha Mto Molmys.",0
1098,"Mnamo Agosti 1, 1699, William Blackett alikabidhi ardhi yake ya nakala huko Chirton kwa Sir Archibald Campbell, ambaye aliuza Bickerstaffe, Duke la 1 la Argyll Hall.","Mnamo Agosti 1, 1699, William Blackett alijisalimisha ardhi yake huko Chirton kwa Sir Archibald Campbell, ambaye aliuza ukumbi huo kwa Bickerstaffe, 1 Duke wa Argyll.",1
1101,"Big Band Specials ni albamu ya 1962 na Bob Cooper, na nyimbo zilizopangwa na Bill Holman, Shorty Rogers na mume Juni Christy.","Big Band Specials ni albamu ya 1962 na Bob Cooper, na nyimbo na Bill Holman, Shorty Rogers na mume Juni Christy walipanga.",1
1102,"Mbali na sahani mbali mbali za chuma, saruji na sandbags zilitumiwa kwa mizinga iliyoboreshwa katika visa vingine.","Mbali na sahani za chuma zilizoboreshwa, saruji na sandbags zilitumika katika visa vingine kwa treni mbali mbali.",0
1103,"Barbara Boothe Ellison alizaliwa katika Kaunti ya Santa Clara, California, binti ya Mwenyekiti wa Shirika la Bilionea Oracle Larry Ellison na mkewe wa zamani, Megan Ellison.","Megan Ellison alizaliwa katika Kaunti ya Santa Clara, California kama binti wa Shirika la Oracle la Bilionea - Mwenyekiti Larry Ellison na mke wake wa zamani Barbara Boothe Ellison.",0
1105,"Guillermo Coria alishinda Alberto Martín 6 - 3, 3 - 6, 6 - 2","6 Alberto Martín alishinda Guillermo Coria 6 - 3, 3 - 6, 6 - 2",0
1106,Red Bulls ilipotea lakini ilifanya raundi ya 1 ya mechi za kucheza.,"Red Bulls ilipotea, lakini ilifanya duru ya 1 ya mechi za kucheza.",1
1107,12 Januari 1978: Meneja wa Cambridge United Ron Atkinson ameteuliwa kama meneja wa West Bromwich Albion.,"Januari 12, 1978: Cambridge United - Meneja Ron Atkinson ameteuliwa Meneja wa West Bromwich Albion.",1
1108,"Mnamo 1979 alikuwa na mwaka wake bora kwenye ziara, akifanya robo fainali huko Atlanta, Johannesburg na Tel Aviv.","Mnamo 1979 alikuwa na mwaka wake bora kwenye Ziara, robo fainali huko Tel Aviv, Johannesburg na Atlanta.",1
1120,Toleo lililofuata liliundwa na kaka wa Robert Fuller Ron mnamo 1986.,Toleo lililofuata liliundwa mnamo 1986 na kaka wa Robert Fuller Ron.,1
1122,Hekalu hutumika kama kituo cha kitamaduni na kidini kwa Wahindu wa Kikorea na wahamiaji kutoka nchi za Asia Kusini.,Hekalu hutumika kama kituo cha kitamaduni na kidini kwa Wahindu wa Asia ya Kusini na wahamiaji kutoka nchi za Kikorea.,0
1123,"Clubhouse ilijengwa na Curtis, kwa jumla ya $ 60,000, na ikakodi kwa malipo makubwa kwa kilabu.","Clubhouse ilijengwa na Curtis, kwa jumla ya nominal ya $ 60,000, na ikakodisha kwa kilabu kwa ada kubwa.",1
1125,"Mitsuhisa Ishikawa na Tomohiko Ishii kutoka Uzalishaji I.G, Danny Choo, Kaname, na Tasha na Miyuko kutoka Korea walikuwa wageni maalum kwa hafla hiyo.","Tasha kutoka Uzalishaji I.G, Danny Choo, Kaname, Mitsuhisa Ishikawa na Tomohiko Ishii na Miyuko kutoka Korea walikuwa wageni maalum kwa hafla hiyo.",0
1131,Vempati Chinna Satyam (15 Oktoba 1929 - 29 Julai 2012) alikuwa densi wa India na mkuu wa fomu ya densi ya Kuchipudi.,Vempati Chinna Satyam (15 Oktoba 1929 - 29 Julai 2012) alikuwa densi ya Kuchipudi na mkuu wa densi ya India.,0
1132,Tukio hili baadaye lilisherehekewa na sasa linakumbukwa nchini Misri mnamo Januari 25 kila mwaka kama Siku ya Polisi ya Kitaifa.,Tukio hili lilisherehekewa baadaye na sasa linakumbukwa nchini Misri kama Siku ya Polisi ya Kitaifa mnamo Januari 25 kila mwaka.,1
1137,Udaipur ni mji katika jimbo la India la Madhya Pradesh karibu na Ganj Basoda.,Ganj Basoda ni mji katika jimbo la India la Madhya Pradesh karibu na Udaipur.,0
1142,"Wakati huo alibadilishwa na Heraclius, binamu wa kwanza wa Nicetas, na alilazimishwa kuchukua nadhiri za monastiki.","Wakati huo alibadilishwa na Nicetas, binamu wa kwanza wa Heraclius, na kulazimishwa kuchukua nadhiri za monastiki.",0
1147,"Kwanza, eleza maeneo yenye viwango vya juu vya poleni badala ya maeneo yenye poleni ya chini.","Kwanza, eleza maeneo yenye thamani ya chini ya poleni badala ya maeneo yenye poleni kubwa.",0
1151,"Kufikia sasa kazi za Zinovjev zimefanywa na Orchestra ya Radio Symphony Orchestra, Lahti Symphony Orchestra, Kymi Sinfonietta, Oulu Symphony Orchestra na Avanti!","Kufikia sasa kazi za Zinovjev zimefanywa na Oulu Symphony Orchestra, Lahti Symphony Orchestra, Kymi Sinfonietta, Redio ya Symphony Orchestra na Avanti!",1
1152,"Iliundwa na Richard Creed, iliyojengwa na Collins na Geoffrey na vifaa na George Edward wa Monmouth.","Iliwekwa na Richard Creed, iliyojengwa na George Edward na iliyoundwa na Collins na Geoffrey wa Monmouth.",0
1153,"McCall na Lesiuk waliacha bendi hiyo katika msimu wa joto wa 2007, na McCall ikibadilishwa na Steven Tosh kwenye ngoma na Jamie MacLeod alichukua kazi za bass.",McCall na Lesiuk waliacha bendi hiyo katika msimu wa joto wa 2007 na McCall ikibadilishwa na Steven Tosh kwenye ngoma na Jamie MacLeod kuchukua majukumu ya bass.,1
1154,"Mnamo 1886, Miles alichukua nafasi ya Jenerali George Crook kama kamanda wa vikosi vya jeshi anayepigania Geronimo, kiongozi wa Chiricahua Apache, katika Idara ya Arizona.","Mnamo 1886, Miles alichukua nafasi ya Jenerali George Crook kama kamanda wa vikosi vya kupigana na Geronimo, kiongozi wa Chiricahua Apache, katika Idara ya Arizona.",1
1155,"Barshi, ni bwawa la ardhi kwenye mto wa karibu karibu na Bwawa la Patpari, Wilaya ya Solapur katika jimbo la Maharashtra nchini India.","Bwawa la Pathari, ni bwawa la Duniani kwenye mto wa karibu karibu na Barshi, wilaya ya Solapur katika jimbo la Maharashtra nchini India.",0
1158,"Aliolewa na Mariamu, binti ya Brooke wa Selston, Nottingham, na alifanikiwa na mtoto wake mkubwa, Richard.","Brooke alioa Mariamu, binti ya Timothy Pusey wa Selston, Nottingham. Alifanikiwa na mtoto wake mkubwa, Richard.",0
1160,Luk au Loke ni Uromania wa Kichina wa majina kadhaa (lakini sio yote) ya Kikantonia ambayo ni ya Kirumi kama LU huko Mandarin.,"Luk au Loke ni Romaniza ya Kichina ya majina kadhaa (lakini sio yote) ya Kikantonia, ambayo ni ya Kirumi kama LU huko Mandarin.",1
1162,"Mzunguko sahihi wa mchemraba, ambao unaweza kuonyeshwa na vibali vya diagonals za mwili, pia huelezewa na ujumuishaji katika `` s ''.","Mzunguko sahihi wa mchemraba, ambao unaweza kuelezewa na vibali vya diagonals ya mwili, pia ni sifa ya kuunganishwa katika `` s ''.",0
1166,"Kwa mfano, katika amphibians Cerberus imeonyeshwa kwenye endoderm ya nje ya dorsal na katika panya huonyeshwa kwenye endoderm ya visceral ya nje.","Kwa mfano, Cerberus imeonyeshwa katika endoderm ya nje ya dorsal katika amphibians na katika panya kwenye endoderm ya visceral ya nje.",1
1170,"Alifanya mazoezi ya kliniki katika Hospitali ya Middlesex huko London, na alihitimu kama daktari wa matibabu mnamo 1943.",Alifanya mazoezi ya kliniki katika Hospitali ya Middlesex huko London na alihitimu kama daktari mnamo 1943.,1
1174,Sunny alikata wimbo huo mnamo Novemba 1973 na Roger Greenaway akitengeneza wakati Chris Gunning alitoa mpangilio na kuendeshwa.,"Mnamo Novemba 1973, Roger Sunny alikata wimbo na Roger Greenaway, wakati Chris Gunning alitoa na kufanya mpangilio.",1
1179,Damon Knight (alinukuliwa na James Blish) alisema juu ya tafsiri ya hadithi ya Knight:,James Blish (alinukuliwa na Damon Knight) alisema juu ya tafsiri ya Knight ya hadithi yake:,0
1180,"Filamu hiyo ni kuhusu Rafael, mwimbaji mpya katika tasnia ya filamu ya Kimalayalam.","Filamu hii ni kuhusu Rafael, mwimbaji mpya katika tasnia ya filamu ya Kimalayalam.",1
1189,Ilikuwa msimu wa tatu uliotangazwa zaidi ya miaka miwili baada ya toleo la familia na zaidi ya miaka mitatu baada ya toleo la kwanza la mtu Mashuhuri.,Ilikuwa msimu wa tatu kutoa hewa zaidi ya miaka miwili baada ya toleo la familia na zaidi ya miaka mitatu baada ya toleo la kwanza la mtu Mashuhuri.,1
1192,"Alikufa mnamo 19 Septemba 1891 huko Gallatin, Tennessee, na akapokea Masonic huko Gallatin.","Bunting alikufa mnamo Septemba 19, 1891 huko Gallatin. Alipokea mazishi ya Masonic huko Gallatin, Tennessee.",1
1202,Wrestler kisha anaruka pande zote na kusonga mbele ili kurudi nyuma na kuruhusu kichwa cha mpinzani aanguke ndani ya mkeka.,Wrestler kisha anaruka mbele na kusonga mbele kuanguka nyuma na kuruhusu kichwa cha mpinzani kushuka kwenye kitanda.,0
1205,Alihamia na wazazi wake kutoka Ufini kwenda Estonia akiwa na umri wa miaka 3 na kwa sasa anaishi Helsinki.,Alihama kutoka Estonia kwenda Ufini na wazazi wake akiwa na umri wa miaka 3 na kwa sasa anakaa Helsinki.,0
1207,"Jiji liko mwisho wa magharibi wa `` Horta de València '', kwenye benki ya kulia ya mto Turia.","Jiji liko kwenye benki ya kulia ya `` Horta de València '', kwenye pwani ya magharibi ya mto Turia.",0
1211,"Mapepo mengi katika kukutana na Solomon ni ya Kigiriki, Kikristo, Myahudi, Wamisri, Kiarabu, na mila zingine.","Mapepo mengi katika kukutana na Solomon ni Wagiriki, Kikristo, Myahudi, Wamisri, Waarabu, na mila zingine.",1
1212,Kanda ya utawala ya Chenzhou katika nasaba ya Tang iko chini ya usimamizi wa Zhoukou wa kisasa mashariki mwa Henan:,Kanda ya Utawala ya Chenzhou katika nasaba ya Tang iko chini ya usimamizi wa Henan wa kisasa mashariki mwa Zhoukou:,0
1213,Mtihani ni yafuatayo: `` Kwanza utagundua nyuzi za pranganglionic na kuchochea majibu ambayo yanaonekana.,Mtihani ni yafuatayo: Kwanza kuchochea nyuzi za preganglionic na angalia majibu ambayo yanaonekana.,0
1219,Ukhrul pia ni sehemu ya watalii katika jimbo la Manipur.,Manipur pia ni sehemu ya watalii ya Jimbo la Ukhrul.,0
1222,"Caspar Peucer (aliyetamkwa, Januari 6, 1525 - Septemba 25, 1602) alikuwa mrekebishaji wa Sorbia, daktari, na msomi wa asili ya Ujerumani.","Caspar Peucer (iliyotamkwa Januari 6, 1525 - Septemba 25, 1602) alikuwa mrekebishaji wa Sorbia, daktari na msomi wa asili ya Ujerumani.",1
1224,"Cornelius Olatunji Adebayo ni seneta wa zamani wa Nigeria, ambaye alikuwa gavana na baadaye alikua mkuu wa Wizara ya Mawasiliano ya Nigeria.","Cornelius Olatunji Adebayo ni seneta wa zamani wa Nigeria, ambaye alikua gavana, na baadaye alikuwa mkuu wa Wizara ya Mawasiliano ya Nigeria.",1
1229,"Massachusetts walipiga kura kwa Harry S. Truman mnamo 1928, kwa Al Smith mara nne katika miaka ya 1930 na 1940, na kwa Franklin D. Roosevelt mnamo 1948.","Mnamo miaka ya 1930 na 1940, alichaguliwa mara nne kwa Al Smith mnamo 1928 kwa Franklin D. Roosevelt na kwa Harry S. Truman mnamo 1948.",0
1231,Ibn Amira alizaliwa huko Alzira katika mkoa wa Valencia.,"Ibn Amira alizaliwa huko Valencia, mkoa wa Alzira.",0
1239,"Ikiwa tunatumia mashine ya kubadilisha mbadala, tunayo rasilimali ya rasilimali.","Tunapokuwa na mashine ya kubadilisha mabadiliko, tunatumia rasilimali ya rasilimali.",0
1240,"Mnamo Novemba 13, 2016, David Machado aliuawa katika Fox Grove Park karibu na mji wa Hughson na Dennis Wallace.","Mnamo Novemba 13, 2016, naibu wa David Machado Dennis Wallace aliuawa katika Fox Grove Park karibu na mji wa Hughson.",0
1248,"Juu ya kifo chake mnamo 1946, karatasi zake kwenye mradi huu zilikuwa sawa katika hali mbaya.","Kufuatia kifo chake mnamo 1946, karatasi zake kwenye mradi huu zilikuwa sawa katika hali mbaya.",1
1253,"Alexander Baumgartner (amezaliwa Juni 27, 1841 huko Luxembourg, Ujerumani; alikufa 1910 huko St. Gallen, Uswizi) alikuwa mshairi na mwandishi juu ya historia ya fasihi.","Alexander Baumgartner (amezaliwa huko St. Gall, Uswizi, 27 Juni 1841; alikufa Luxembourg, 1910) alikuwa mshairi na mwandishi juu ya historia ya fasihi.",0
1264,Watafiti katika Uchunguzi wa Jiolojia wa Canada wameelezea tofauti za asili za arseniki katika uwezekano wa hatari kwa mkoa wa New Brunswick.,Watafiti katika Uchunguzi wa Jiolojia wa Canada wameelezea tofauti za asili za arseniki katika uwezekano wa hatari kwa mkoa wa Brunswick mpya.,1
1265,"Ndege hiyo ilitengenezwa na Irelandia, ambayo pia iliunda mashirika mengine ya ndege, ambayo ni Vivacolombia, Ryanair, Allegiant Air, Vivaaerobus na Tigerair.","Ndege hiyo iliundwa na Irelandia, ambayo pia imeendeleza ndege zingine tano, ambazo ni Vivacolombia, Ryanair, Allegiant Air, Vivaaerobus na Tigerair.",0
1266,Mto Geamărtălui ni kijeshi cha Breaza ya Mto huko Romania.,Mto Breaza ni kijeshi cha Mto Geamărtălui huko Romania.,0
1269,Ilinunuliwa na C. R. Gregory mnamo 1834 katika monasteri ya Saba. Robert Curzon aliiona mnamo 1883.,"Ilinunuliwa mnamo 1834 na C. R. Gregory katika monasteri ya Saba, mnamo 1883 na Robert Curzon.",1
1275,"Prabhupada alifurahi wakati Gopal Krishna alipomwasilisha nakala za kwanza za Srimad Bhagavatam, zilizotafsiriwa kwa Kihindi.",Gopal Krishna alifurahi wakati Prabhupada alipomwasilisha nakala za kwanza za Srimad Bhagavatam zilitafsiriwa kwa Kihindi.,0
1280,Benki ya St.George (na kampuni yake ndogo ya Banksa) ilichukuliwa tena na Benki ya Advance mnamo 1997.,"Kwa kurudi, Benki ya Advance (na kampuni yake ndogo ya Banksa) ilichukuliwa na Benki ya St.George mnamo 1997.",0
1288,"Kisha alifundisha shule huko Cleveland, OH, na kutoka 1856-1859 alikuwa msimamizi wa shule za Toledo.","Kisha alifundisha shule huko Cleveland, OH na alikuwa msimamizi wa shule huko Toledo kutoka 1856-1859.",0
1290,"Shairi hilo limehifadhiwa katika maandishi manne ya kisasa, ambayo moja ni vipande:","Shairi hilo limehifadhiwa katika maandishi manne ya kisasa, ambayo moja yamegawanyika:",1
1291,Shida zingine ni pamoja na uamuzi wa James Newton Howard kubadili watunzi wa Howard Shore kwa Peter Jackson wiki saba kabla ya mabadiliko ya filamu.,Shida zingine ni pamoja na uamuzi wa James Newton Howard wa kubadilisha watunzi kutoka Howard Shore kwenda kwa Peter Jackson wiki saba kabla ya filamu kufunguliwa.,0
1293,Dusty Baker alikua msimamizi wa kwanza mweusi kushiriki katika safu ya Dunia tangu Cito Gaston kwa Toronto huko na.,Dusty Baker alikua msimamizi wa kwanza mweusi kujiunga na kushiriki katika safu ya Dunia tangu Cito Gaston kwa Toronto.,1
1294,"Rafiki wa Sukumar Stephen (Murugan) huwasaidia katika saa ya shida, na wapenzi wanaungana katika ndoa.",Rafiki wa Murugan Stephen (Sukumar) huwasaidia katika saa yao ya shida na wapenzi wanaungana katika ndoa.,0
1302,"Dk Adams alimwacha Miss Sarah Hunt, ambaye alioa naye binti, alioa B. Hyatt mnamo 1788, Esq.","Dk Adams alimuoa Miss Sarah Hunt, ambaye alimwacha binti, alioa, mnamo 1788, na B. Hyatt, Esq.",0
1318,"Wakati mwingine hutumiwa kama reductio ad absurdum ya hoja inayojulikana ya muundo, ambayo inaendesha kama ifuatavyo:","Wakati mwingine hutumiwa kama tangazo la kupunguzwa la hoja inayojulikana kutoka kwa Design, ambayo inaendesha kama ifuatavyo:",1
1321,Kudawa ni kamati ya maendeleo ya vijiji na vijiji katika ukanda wa Narayani katika Bara - Wilaya ya Kusini -Mashariki mwa Nepal.,Kudawa ni kamati ya maendeleo ya vijiji na vijiji katika eneo la Narayani katika wilaya ya Bara ya Nepal Kusini-Mashariki.,1
1327,"Baada ya Vita vya Bahari ya Coral, `` Barnett alisafirisha waathirika 1,360 kutoka USS Lexington (CV-2) kutoka San Diego kwenda Nouméa.","Baada ya Vita vya Bahari ya Coral, `` Barnett alisafirisha waathirika 1,360 kutoka USS Lexington (CV-2) kutoka Nouméa hadi San Diego.",0
1328,"Barabara R205 ni barabara ya kikanda huko Ireland kutoka barabara R199 katika kaunti ya Cavan hadi mpaka wa Ireland ya Kaskazini katika kaunti ya Leitrim, zaidi katika kaunti Fermanagh.","Barabara ya R205 ni barabara ya kikanda huko Ireland kutoka barabara ya R199 katika Kaunti ya Leitrim hadi mpaka wa Ireland ya Kaskazini huko County Fermanagh, zaidi katika Kata ya Cavan.",0
1329,Schliemann aligundua shimoni tano na kuzifuta kama kaburi zilizotajwa na Pausanias.,Schliemann alifuta viboko vitano na kuzitambua kama kaburi zilizotajwa na Pausania.,0
1333,"Wa kwanza, Kai-sung, alikuwa binti wa Jin-Qua, mama wa Dirk Struan na Gordon Chen.","Wa kwanza, Kai-sung, alikuwa binti wa Jin-Qua. Alikuwa mama na Dirk Struan wa Gordon Chen.",1
1334,Mnamo 1974 Wilaya ya Mjini iliunganishwa na Wilaya ya Vijijini ya Repton na sehemu ya Wilaya ya Mashariki ya Derbyshire kuunda wilaya ya sasa ya Derbyshire Kusini.,"Mnamo 1974, wilaya ya sasa iliunganishwa na Wilaya ya Vijijini ya Repton na sehemu ya Wilaya ya Mashariki ya Derbyshire kuunda wilaya ya Urban Kusini Derbyshire.",0
1336,"Kwa mfano, Cerberus inaonyeshwa katika amphibians katika endoderm ya visceral ya nje, na katika panya huonyeshwa kwenye endoderm ya nje ya dorsal.","Kwa mfano, Cerberus imeonyeshwa katika endoderm ya nje ya dorsal katika amphibians na katika panya kwenye endoderm ya visceral ya nje.",0
1342,"Abraham Hart alikuwa rais, na katibu wa Meya Sulzberger, wa Bodi ya wadhamini.","Abraham Hart alikuwa rais, na katibu wa Meya Sulzberger, Bodi ya wadhamini.",1
1348,"Alishirikiana na wasanifu wa kisasa kama vile Giovan Giacomo di Conforto, Bartolomeo Picchiatti na Francesco Grimaldi.","Ameshirikiana na wasanifu wa kisasa kama vile Giovan Giacomo di Conforto, Bartolomeo Picchiatti na Francesco Grimaldi.",1
1353,"Mzaliwa wa Cochabamba, Bolivia, alihamia Mexico City miaka ya 1990 na baadaye kwenda Los Angeles.","Alizaliwa huko Cochabamba, Bolivia. Mnamo miaka ya 1990, alihamia Mexico City na baadaye kwenda Los Angeles.",1
1357,"Mzaliwa wa Leiden, De Ruiter amecheza kwa FC Utrecht, FC Den Bosch, Excelsior, RKC Waalwijk na FC Emmen.","De Ruiter alizaliwa huko Leiden na alichezea RKC Waalwijk, fc den Bosch, Excelsior, FC Utrecht na FC Emmen.",1
1361,"Vermont imepakana na Mitcham kaskazini, Nunawading na Forest Hill upande wa magharibi, Vermont kusini kuelekea kusini na Wanceirna na Ringwood upande wa mashariki.","Vermont imepakana kaskazini na Mitcham, magharibi mwa Nunawading na Forest Hill, kusini na Vermont na mashariki na Wantirna na Ringwood.",1
1363,"Dk Julio Square Junqueira alikuwa wa kwanza kujengwa huko Arapongas, alipewa jina la Dk Julio Junqueira aliyetajwa baada ya meya wa kwanza wa Arapongas.","Julio Junqueira alikuwa wa kwanza kujengwa huko Arapongas, na alipewa jina baada ya Dk Julio Square Junqueira, jina lake baada ya meya wa kwanza wa Araponga.",0
1364,Prakash Raj pia alijiunga na timu hiyo mnamo Agosti 2017 kudaiwa kuchukua jukumu la mtayarishaji Aluri Chakrapani.,"Mnamo Agosti 2017, Aluri Chakrapani pia alijiunga na timu hiyo kuchukua jukumu la mtayarishaji Prakash Raj pia.",0
1376,"Meridi ina wakaazi wa Daykin, Alexandria, Magharibi, Fairbury na Tobias, na kuunda Wilaya ya Shule ya Nebraska 303.","Meridi inajumuisha wakaazi wa Daykin, Fairbury, Western, Alexandria, na Tobias, na kuunda Wilaya ya Shule ya Nebraska 303.",1
1380,"Julai ni, kwa wastani, mwezi wa baridi zaidi, moto zaidi mnamo Januari.",Julai ni mwezi moto zaidi kwa wastani na Januari ndio baridi zaidi.,0
1385,Njia nyingine ya kudhibiti idadi ya kulungu ni kudhibiti kiwango cha uzazi.,Njia nyingine ya kudhibiti idadi ya kulungu ni kudhibiti kiwango cha uzazi.,1
1389,Mzunguko wa kwanza ulifanyika mwishoni mwa wiki ya 23 - 25 Septemba 2011 huko Slovakia (Prievidza),"Mzunguko wa kwanza ulifanyika mwishoni mwa wiki ya Septemba 23-25, 2011 huko Slovakia (Prievidza).",1
1392,"Aliolewa na Marie Magdalene Schweigaard, binti ya Tellef Dahll Schweigaard, mjukuu wa mwanasiasa anayeongoza Anton Martin Schweigaard na shangazi wa Waziri Mkuu wa baadaye Christian Homann Schweigaard.","Aliolewa na Marie Magdalene Schweigaard, binti ya Tellef Dahll Schweigaard, mjukuu wa mwanasiasa anayeongoza Christian Homann Schweigaard na shangazi wa Waziri Mkuu wa baadaye Anton Martin Schweigaard.",0
1394,"Inaweza kufikiwa kutoka kwa Formia kutoka Mashariki, na Maranola, `` Frazione '' ya Spigno Saturnia, kutoka Magharibi.","Inaweza kufikiwa kutoka kwa Formia kutoka Mashariki, na Maranola, `` Frazione '' ya Spigno Saturnia, kutoka Magharibi.",1
1399,"Wakati Phil Spector aliposikia `` aina ya wenzake '' kwa mara ya kwanza, alifurahi sana kwamba alipoteza udhibiti wa gari lake wakati akishuka kwenye Boulevard ya Jua na Jack Nitzsche.","Wakati Jack Nitzsche aliposikia kwanza `` aina ya wenzake '', alifurahi sana kwamba alipoteza udhibiti wa gari lake wakati akiendesha Sunset Boulevard na Phil Spector.",0
1401,Wengine wa wafanyakazi waliuawa katika Golden Bay na hakukuwa na mawasiliano ya ndani na Māori mwingine.,Baadhi ya washiriki wa wafanyakazi waliuawa katika Golden Bay na hakukuwa na mawasiliano mengine na Māori wa eneo hilo.,0
1407,"Moja ilitangazwa mnamo 31 Oktoba 2015 na ilitolewa mnamo Novemba 13, 2015.","Moja ilitangazwa mnamo Oktoba 31, 2015, na ilichapishwa Novemba 13, 2015.",1
1410,Katika kipindi kipya cha Televisheni '' Dead Gorgeous '' Hazel alicheza jukumu la dada mdogo kabisa Alexandra Coppinger.,"Hazel alicheza jukumu la Alexandra Coppinger, dada mdogo kabisa, katika safu mpya ya Runinga `` Dead Gorgeous ''.",1
1414,Baadhi yao wameelezewa hapa na baadhi yao wameunganishwa chini ya `` viungo vya nje '' hapa chini.,Baadhi yao wameelezewa hapo chini na baadhi yao wameunganishwa na `` viungo vya nje '' hapa.,0
1415,"Katika mpira wa miguu wa Scottish, timu za kitaalam zinashindana katika ngazi zote chini ya udhamini wa Scottish, na timu nyingi chini ya ubingwa wa Scottish kuwa wa kitaalam.","Katika mpira wa miguu wa Scottish, timu za kitaalam zinafanya chini ya udhamini wa Scottish katika ngazi zote, na timu nyingi chini ya ubingwa wa Scottish kuwa wa kitaalam.",1
1418,Wimbo ni mfano wa ndoano katika muundo mmoja wa `` katika Malice '' ya kikundi cha Hip-Hop cha Amerika.,Wimbo ni mfano wa ndoano katika `` Design in Malice '' American na kikundi kimoja cha hip-hop Jedi akili.,0
1427,"Ambapo, Mfumo wa 5 ni moja ya kazi za laini za pembe na vigezo viwili na kibadilishaji kwa maadili yote ya hypergeometric ya formula 6 na formula 7. Imepewa na:",Mfumo wa 5 ni moja ya kazi ya hypergeometric ya pembe ya pembe na vigezo viwili na kibadilishaji kwa maadili yote ya Formula 6 na Mfumo 7. Imepewa na:,0
1430,"Mnamo 1830, James alishawishiwa na kukomesha kwa wanachama wengine wa Jumuiya ya Ukoloni ya Amerika (ACS) na maandishi na Arthur Tappan.","Kuanzia 1830, James alishawishiwa na kukomesha kwa wanachama wengine wa Jumuiya ya Ukoloni ya Amerika (ACS) na maandishi na Arthur Tappan.",1
1432,"Waliandaliwa na Namco Bandai na kuchapishwa na CyberConnect2, kuanzia na `` Naruto: Ultimate Ninja '' mnamo 2005.","Waliandaliwa na cyberconnect2 na kuchapishwa na Namco Bandai, kuanzia na `` Naruto: Ultimate Ninja '' 2005.",0
1434,"Barabara kuu ilifutwa mnamo Oktoba 18, 1954, wakati FM 1241 iliongezwa.","Barabara kuu ilifutwa mnamo 18 Oktoba 1954, wakati FM 1241 iliongezwa.",1
1436,Njia ya jua kwa hitaji hili ni matumizi ya paneli za jua katika ndege ya kawaida yenye nguvu.,Njia ya kawaida ya hitaji hili ni matumizi ya paneli za jua katika ndege ya jua.,0
1443,"Alikuwa mama wa Val, Boris na Rosalind Lorwin, na binti yake wakawa profesa wa saikolojia.","Akawa mama wa Val, Boris na Rosalind Lorwin, binti yake alikuwa profesa wa saikolojia.",0
1448,"Ushuhuda wa moja kwa moja wa jambo la giza hutoka kwa ushawishi wake wa mvuto juu ya jambo la giza, kwani hakuna chembe zingine za jambo ambazo zimezingatiwa katika maabara.","Ushuhuda usio wa moja kwa moja kwa jambo la giza hutoka kwa ushawishi wake wa mvuto juu ya jambo lingine, kwani hakuna chembe za giza ambazo zimezingatiwa katika maabara.",0
1450,Alibadilishwa katika mapinduzi ya mfululizo na Olusegun Obasanjo (1975) na Murtala Mohammed (1976).,Alibadilishwa na Olusegun Obasanjo (mnamo 1975) na Murtala Mohammed (mnamo 1976) katika mapinduzi yanayofuata.,1
1454,"McMillan alikaa miaka miwili katika Royal Medical Corp. huko Tidworth - na baadaye huko Didcot, ambapo aliendesha MRS kwa askari aliyejeruhiwa katika Vita vya Korea.","Kwa miaka miwili, McMillan alitumia katika Royal Medical Corp. huko Didcot - na baadaye huko Tidworth, ambapo aliendesha MRS kwa askari waliojeruhiwa katika Vita vya Korea.",0
1457,"`` Aku Ankka '' imechapishwa na Sanoma Media (zamani Sanoma), ambayo ni sehemu ya majarida ya Sanoma.","`` Aku Ankka '' imechapishwa na Sanoma Media (Magazeti ya zamani ya Sanoma), ambaye ni sehemu ya Sanoma.",0
1469,"Rakai ndio makao makuu ya Uganda, ambayo mwanzoni mwa miaka ya 1980, yalikuwa kitovu na tofauti ya kwanza katika wilaya ya Rakai kuathiriwa na janga la UKIMWI.","Rakai ndio makao makuu ya Wilaya ya Rakai, ambayo ilikuwa kitovu katika miaka ya mapema ya 1980 na iliathiriwa kwanza na janga la UKIMWI nchini Uganda.",0
1473,Shughuli za Asia zikawa sehemu ya EBEL wakati shughuli za Ulaya ziliuzwa kwa mjasiriamali wa Hong Kong Joseph Wong na sasa ni sehemu ya Holdings za Stelux.,"Shughuli za Asia zikawa sehemu ya Ebel, wakati shughuli za Ulaya ziliuzwa kwa mjasiriamali wa Hong Kong Joseph Wong na sasa ni mali ya Stelux Holdings.",1
1474,"Fedha hizo zilitoka kwa Bill Melinda Gates Foundation, mfadhili George Soros, na mjasiriamali wa teknolojia Edward W. Scott.","Fedha za kuanza zilitoka kwa Bill & Melinda Gates Foundation, mfadhili George Soros, na mjasiriamali wa teknolojia Edward W. Scott.",1
1483,"Finale ni mji nchini Afrika Kusini katika mkoa wa Manispaa ya Wilaya ya Mopani, Limpopo.",Finale ni mji katika Manispaa ya Wilaya ya Mopani katika mkoa wa Limpopo wa Afrika Kusini.,0
1486,"Rashidi hakushtakiwa, lakini alikamatwa na viongozi wa Moroko, wakati alirudishwa.","Rashidi hakushtakiwa, lakini alirudishwa na mamlaka ya Moroko wakati alikamatwa.",0
1491,"Aliteuliwa kuwa wakili wa mashtaka wa Kaunti ya Seneca mnamo 1824, kwa Kaunti ya Williams mnamo 1826, na kwa Kaunti ya Sandusky mnamo 1827.","Aliteuliwa kuwa mwendesha mashtaka wa Kaunti ya Williams mnamo 1824, kwa Kaunti ya Seneca mnamo 1826, na Kaunti ya Sandusky mnamo 1827.",0
1494,Ziwa Georgetown pia ni chanzo cha maji ya kunywa kwa Georgetown na mji wa karibu wa Round Rock.,Ziwa Georgetown pia ni chanzo cha maji ya kunywa kwa Georgetown na mji wa karibu wa Round Rock.,1
1496,Holly alishawishiwa kimuziki na Elton John.,Elton John alishawishiwa na Holly Music.,0
1503,"Wakati wa kifo chake, David Cardinal Beaton alikuwa Lord Chancellor wa Scotland, Askofu Mkuu wa St Andrews, na Kardinali Legate huko Scotland.","David Cardinal Beaton alikuwa Lord Chancellor wa Scotland wakati wa kifo chake, Askofu Mkuu wa St Andrews na Kardinali Legate wa Scotland.",1
1511,Kjeld Deichmann alikufa ghafla mnamo 1963 na Erica akafunga studio na akatoa ufinyanzi.,Mnamo 1963 Kjeld Deichmann alikufa ghafla na Erica akafunga studio na kutoa sanaa ya ufinyanzi.,1
1514,"Walakini, Michael Jackson, Prince, na Madonna walikuwa ushawishi kwenye albamu.","Madonna, Prince na Michael Jackson, hata hivyo, walikuwa na ushawishi kwenye albamu.",1
1515,"Depo ya tu ya tramu iko huko Miraflores. Termini ni San Antonio, na Oriente.","Depot tu ya tramu iko katika San Antonio, Termini ni Miraflores na Oriente.",0
1516,"Pia alisaidia kuanzisha vituo vya kutafakari kote Kaskazini, Amerika ya Kati na Kusini na pia huko Uropa.","Pia alisaidia kuanzisha vituo vya kutafakari kote Ulaya na vile vile Kaskazini, Kati na Amerika Kusini.",0
1517,"Huko Sri Lanka, jina la Mhasibu wa Chartered (CA Sri Lanka) linaweza kutumiwa na washiriki wa Taasisi ya Wahasibu wa Chartered wa Sri Lanka.","Katika CA, jina la mhasibu (Sri Lanka Sri Lanka) linaweza kutumiwa tu na washiriki wa Taasisi ya Wahasibu huko Sri Lanka.",0
1519,"Brown pia aliunda Kituo cha Mkutano wa Solomon Episcopal huko Robert, Louisiana.","Robert pia alianzisha Kituo cha Mkutano wa Solomon Episcopal huko Brown, Louisiana.",0
1522,"Lobethal Bierhaus ni bia ya bia ya mkoa, na ushawishi wa mtindo wa Ujerumani.",Lobethal Bierhaus ni pombe ya mkoa na ushawishi wa Wajerumani kwenye mtindo.,1
1524,Wasimamizi wa kifedha wakati mwingine hushiriki mtazamo wa ulimwengu wa vyombo vyao vilivyodhibitiwa kupitia kanuni za kisekta.,"Na kanuni za kisekta, wasanifu wa kifedha wakati mwingine hushiriki mtazamo wa ulimwengu wa vyombo vyao vilivyodhibitiwa.",1
1532,"Mnamo Aprili 1942, Montagu Slater alirudi Uingereza na, muda mfupi baada ya kurudi, alimuuliza Britten kuwa mwandishi wake wa `` Peter Grimes ''.","Mnamo Aprili 1942, Britten alirudi England, na mara baada ya kurudi alimwuliza Montagu Slater kuwa mwandishi wake wa `` Peter Grimes ''.",0
1534,Miaka mitatu baadaye alishinda medali ya fedha katika mashindano yale yale kwenye Mashindano ya Ulaya huko Hahnenklee kwa Ujerumani Magharibi.,"Miaka mitatu baadaye, alishinda medali ya fedha katika hafla hiyo hiyo kwa Ujerumani Magharibi kwenye Mashindano ya Ulaya huko Hahnenklee.",1
1540,"Bendi hiyo ilianzishwa huko Dunwoody, Georgia mnamo 1999, baada ya mpiga gita Cole Alexander na bassist Jared Swilley kuondoka Renegades, na gitaa Ben Eberbaugh waliacha Reruns.","Bendi hiyo, ilianzishwa mnamo 1999 huko Dunwoody, Georgia, baada ya gitaa Ben Eberbaugh na bassist Jared Swilley waliondoka Wasioga, na gitaa Cole Alexander waliacha Reruns.",0
1542,Baadhi yao wameelezewa hapa na baadhi yao wameunganishwa chini ya `` viungo vya nje '' hapa chini.,Baadhi yao wameelezewa hapo chini na baadhi yao wameunganishwa hapa chini ya `` viungo vya nje ''.,0
1550,"Mhariri wa pili ni Herbert Wessels (tangu 2009), mhariri mkuu ni Markus Ermert (tangu 2002).","Mhariri wa pili ni Herbert Wessels (tangu 2009), mhariri mkuu ni Markus Ermert (tangu 2002).",1
1553,Ochrosis ventralis ni aina ya mende wa majani ya asili ya Afrika Kaskazini na sehemu za Ulaya.,Ochrosis ventralis ni aina ya asili ya mende wa majani huko Uropa na sehemu za Afrika Kaskazini.,0
1554,Washiriki wengine wa wafanyakazi waliuawa huko Golden Bay na hakukuwa na mawasiliano ya ndani na Māori mwingine.,Baadhi ya wafanyakazi waliuawa huko Golden Bay na hakukuwa na mawasiliano ya ndani na Māori mwingine.,1
1556,Nasaba hizi tatu za baba zilitawala ufalme wa Waalo na familia ya mama Mbooj.,Nasaba hizi tatu za mama zilitawala ufalme wa Waalo na familia ya baba Mbooj.,0
1558,"Mwanzoni mwa miaka ya 1950, Fiaminghi alianza kuunda kazi ambazo zilikuwa sanaa ya kufikirika na kuingiza vitu vya sanaa yenye kujenga.","Mwanzoni mwa miaka ya 1950, Fiaminghi alianza kuunda kazi ambazo zilikuwa sanaa ya kufikirika, ikijumuisha mambo ya sanaa yenye kujenga.",1
1564,Njia ya Pennsylvania 268 inaongoza kutoka mwisho wa magharibi wa daraja kusini hadi Parker na kaskazini hadi Emlenton.,Njia ya Pennsylvania 268 inaongoza kutoka mwisho wa magharibi wa daraja kaskazini hadi Parker na kusini hadi Emlenton.,0
1566,"Jina lake, Afolabi, ni `` amezaliwa katika utajiri ``. Jina lake la utani nchini Nigeria linamaanisha Robocop kwa sababu ya harakati zake ngumu.","Jina lake, Afolabi, linamaanisha '' utajiri mzaliwa ``, jina lake la utani nchini Nigeria ni Robocop kwa sababu ya harakati zake ngumu.",0
1567,"Mnamo Aprili 1942, Britten alirudi England, na mara baada ya kurudi alimwuliza Montagu Slater kuwa mwandishi wake wa `` Peter Grimes ''.","Montagu Slater alirudi Uingereza mnamo Aprili 1942. Mara tu baada ya kurudi kwake, aliuliza Britten kuwa mtoaji wake wa `` Peter Grimes ''.",0
1568,"Alizaliwa mtoto wa baada ya kifo cha Sir John Lade, 1 Baronet, mama yake alikuwa dada ya Brewer Henry Thrale.","Alizaliwa kama mtoto wa Sir Henry Thrale, 1 Baronet, mama yake alikuwa dada ya Brewer John Lade.",0
1573,"Isipokuwa kati ya mwishoni mwa 2005 na 2009, wakati alipocheza huko Uswidi na Carlstad United BK, Serbia na FC Terek Grozny na Urusi FK Borac čačak.","Isipokuwa kati ya mwishoni mwa 2005 na 2009 wakati alipocheza huko Sweden na Carlstad United BK, Serbia na FK Borac čačak na Urusi FC Terek Grozny.",0
1582,Sehemu hiyo iliandikwa na Chuck Tatham na kuelekezwa na Fred Savage.,Sehemu hiyo iliandikwa na Chuck Tatham na kuongozwa na Fred Savage.,1
1584,Mkutano huo unaingiliwa na kuwasili kwa wajumbe mbali mbali kutoka kwa Mardukans wenye nguvu au wenye ushawishi katika jiji na mialiko mingi ya chakula cha jioni kwa mkuu.,Mkutano huo unaingiliwa na kuwasili kwa wajumbe wengi kutoka kwa Mardukans wenye nguvu au wenye ushawishi katika jiji hilo na mialiko mbali mbali ya chakula cha jioni kwa Prince.,1
1588,"Beximco hutoa nguo, kemikali za msingi, dawa, jute na chakula cha baharini, na kampuni pia ina mali isiyohamishika na maslahi ya maendeleo ya ardhi.","Beximco hutoa nguo, kemikali za msingi, dawa, chakula cha jute na baharini; Kampuni pia ina mali isiyohamishika na masilahi ya maendeleo ya ardhi.",1
1591,`` Digest ya Rider '' sasa ni jarida la kila mwezi lililochapishwa na matoleo mawili: toleo la rejareja na toleo la bure la 60 - ukurasa.,"`` Digest ya Rider '' sasa ni jarida la kila mwezi na matoleo mawili yaliyochapishwa: Toleo la Bure, na Toleo la Uuzaji wa Ukurasa 60.",0
1597,"Mkewe alikuwa Klára Csabi, na mtoto wao Ferenc Wathay pia alikuwa kamanda maarufu na mwandishi wa `` kitabu cha wimbo wa Ferenc Wathay ''.","Mkewe alikuwa Klára Csabi, na mtoto wake Ferenc Wathay pia alikuwa kamanda maarufu na mwandishi wa `` kitabu cha wimbo wa Ferenc Wathay ''.",1
1601,"Uwiano wa 2.5: 1 kupunguzwa kwa seli ya colorectal kwa wagonjwa wenye saratani ya rectal, wakati uwiano wa 4: 1 haukuwa na athari.","Uwiano wa 2.5: 1 ulipunguza kuongezeka kwa seli ya colorectal kwa wagonjwa wenye saratani ya mstatili, wakati uwiano wa 4: 1 haukuwa na athari.",0
1603,"Alizaliwa Charles Wyndham amesimama London, England na alikufa huko Los Angeles, California.","Alizaliwa London, England, na akafa huko Los Angeles, California, Charles Wyndham.",1
1607,"Kaunti ya Berks, Pennsylvania, Merika ni jamii katika Jiji la Robeson.","Kaunti ya Berks, Pennsylvania, Merika ni mji katika Jiji la Robeson.",1
1609,"Vermont imepakana kaskazini na Mitcham, magharibi mwa Nunawading na Forest Hill, kusini na Vermont na mashariki na Wantirna na Ringwood.","Vermont Kusini imepakana kaskazini na Mitcham, magharibi na Nunawading na Forest Hill, kusini mwa Vermont na mashariki na Wantirna na Ringwood.",0
1618,"Bwawa la Cook, linalojulikana pia kama Bwawa la Watuppa Kusini, liko kusini mashariki mwa Laurel Lake na magharibi mwa Mto wa Taunton.","Bwawa la Cook, ambalo pia lilijulikana kama Laurel Lake, liko mwisho wa kusini wa Mto wa Taunton na magharibi mwa Bwawa la Watuppa Kusini.",0
1619,Ronnie Fields tu hakucheza mchezo mmoja katika NCAA au NBA.,Ronnie Fields hakucheza mchezo mmoja katika NBA au NCAA.,1
1622,"Duncan McIntyre alizaliwa mnamo Oktoba 6, 1899 huko Kent, England, mtoto wa nahodha Ivor Ewing McIntyre.","Ivor Ewing McIntyre alizaliwa mnamo 6 Oktoba 1899 huko Kent, England, kama mtoto wa Kapteni Duncan McIntyre.",0
1635,"Kuna pia ugonjwa wa kupumua katika ruminants, na wanyama wanaweza kukataa kula, kuonekana kuwa mbaya na pia kukuza ishara za neva.","Katika ruminants, ugonjwa wa kupumua pia upo, na wanyama wanaweza kukataa kula, kuonekana kuwa mbaya, na pia kukuza ishara za neva.",1
1637,"Alama hiyo ilitengenezwa na mtunzi Maury Yeston, na choreography na William Whitener, mkurugenzi wa kisanii wa Kansas City Ballet.","Alama hiyo ilikuwa na mtunzi William Whitener, na choreography na Maury Yeston, mkurugenzi wa kisanii wa Kansas 'City Ballet'.",0
1646,"`` Ndoto '' ilifanywa katika Royal Opera House, Covent Garden, mnamo 1961, iliyotengenezwa na John Gielgud na kufanywa na Georgia Solti.","`` Ndoto '' ilifanywa mnamo 1961 katika Royal Opera House huko Covent Garden, iliyotengenezwa na John Gielgud na kuongozwa na Georgia Solti.",1
1650,"Mnamo Septemba 22, 1918 ujumbe wa kwanza wa wireless wa wireless kwa Snowdonia ulitumwa kutoka Australia.","Mnamo Septemba 22, 1918, mawasiliano ya kwanza ya Telegraph ya Wireless yalitumwa kwa Snowdonia kutoka Australia.",1
1652,"Bwawa la Cook, linalojulikana pia kama Bwawa la Watuppa Kusini, liko kusini mashariki mwa Laurel Lake na magharibi mwa Mto wa Taunton.","Katika mwisho wa kusini, Bwawa la Cook, ambalo pia lilikuwa linajulikana kama South Watuppa Pond, liko mashariki mwa Ziwa la Laurel na magharibi mwa Mto wa Taunton.",1
1665,"Wana miiba 13 laini ya anal, mionzi ya laini 11 hadi 13, miiba 2 ya dorsal na mionzi 11 hadi 13.","Wana miiba 13 ya dorsal, mionzi ya laini 11 hadi 13, miiba 2 ya anal, na mionzi 11 hadi 13 laini.",0
1667,Uwezo wa pamoja na nishati jumla huitwa nishati ya kinetic au `` kifurushi cha nishati ''.,"Uwezo wa pamoja na nishati ya kinetic inaitwa jumla ya nishati, au `` kifurushi cha nishati ''.",0
1669,"Walikuwa pale kwa ajili yetu kuomba, na walikuwa pale kutufurahisha.",Walikuwa pale kwa ajili yetu kuomba na walikuwa pale kwa sisi kufurahiya.,1
1672,Vidonda vya mapema ni dhahiri kuwa tishu za kawaida ambazo zinaonekana kuwa zisizo za kawaida katika uchunguzi wa microscopic na ambayo saratani ina uwezekano mkubwa kuliko mwenzake wa kawaida wa morphologic.,"Vidonda vya mapema ni dhahiri kuwa tishu za kawaida ambazo zinaonekana kuwa zisizo za kawaida chini ya uchunguzi wa microscopic, na ambayo saratani ina uwezekano mkubwa wa kutokea kuliko mwenzake wa kawaida wa morphologic.",1
1681,"`` R. Satarae '' ina kanzu ya hudhurungi ya dhahabu na nyuma ndefu, laini na nyeupe chini.","`` R. Satarae '' ina kanzu ya hudhurungi ya dhahabu na nyuma ndefu, laini na chini nyeupe.",1
1682,Inabaki ligi mbili ndogo huru na wachache tu wa washiriki: Ligi ya Alliance ya Juu na Ligi ya Alliance ya Grampian.,"Ligi mbili ndogo huru zinabaki, na wachache tu wa washiriki: Ligi ya Alliance ya Grampian na Ligi ya Alliance ya Juu.",1
1691,"`` Fall Beil '' ilitumika kwa mara ya mwisho huko Ujerumani Magharibi mnamo 1949, mnamo 1966 huko Ujerumani Mashariki.","Kesi ya `` '' ilitumika kwa mara ya mwisho mnamo 1949 huko Ujerumani Mashariki, 1966 huko Ujerumani Magharibi.",0
1692,"Annette Amelia Crum alifunga ndoa na Bryant, binti ya Samuel Crum, mnamo Septemba 29, 1874. Walikuwa na binti mmoja.","Mnamo Septemba 29, 1874, Annette Amelia alifunga ndoa na Crum Bryant, binti ya Samuel Crum, na walikuwa na binti.",0
1697,"Kwa kuongezea, mechi ya vitisho vitatu kwa ubingwa wa Merika kati ya bingwa Jack Swagger, Miz na Kofi Kingston walikuwa.","Ifuatayo ilikuwa mechi ya vitisho vitatu kwa ubingwa wa Merika kati ya bingwa Kofi Kingston, Miz na Jack Swagger.",0
1700,"Wimbo huo uliwasilishwa katika promo ya sita kwa msimu wa pili wa `` Wana wa Anarchy '', mtandao wa runinga wa FX.","Wimbo huo ulionyeshwa katika promo ya sita kwa msimu wa pili wa `` Wana wa Anarchy '', safu ya runinga ya mtandao wa FX.",1
1702,Alicheza huko Australia mapema katika kazi yake lakini alihamia Scotland kucheza kwa Frankston City kwenye Ligi ya Jimbo la Victoria.,"Alicheza huko Scotland mapema katika kazi yake, lakini alihamia Australia kucheza kwenye Ligi ya Jimbo la Victoria kwa Frankston City.",0
1707,Ufuatiliaji wa hivi karibuni `` kila asubuhi '' ni toleo la gitaa la wimbo wa kwanza `` Morning ''.,"Ufuatiliaji wa mwisho, `` kila asubuhi '' ni toleo la gitaa la wimbo wa kwanza `` asubuhi ''.",1
1709,Brushturkey iliyokatwa au brashi ya hudhurungi (`` Talegalla kazi '') ni aina ya ndege katika familia ya Megapodiidae.,Brushturkey ya collared au brashi-collared brashi (`` Talegalla kazi '') ni aina ya ndege katika familia Megapodiidae.,1
1713,"Duncan McIntyre alizaliwa mnamo Oktoba 6, 1899 huko Kent, England, mtoto wa nahodha Ivor Ewing McIntyre.","Ivor Ewing McIntyre alizaliwa mnamo Oktoba 6, 1899 huko Kent, England, mtoto wa Kapteni Duncan McIntyre.",0
1717,"Historia ya Idara ya Rocket ya 46 inaanza kutoka Aprili 29, 1941, wakati malezi ya Idara ya Bunduki ya 188 ilikamilishwa huko Kaunas.","Historia ya Idara ya Rocket ya 46 inaanza Aprili 29, 1941, wakati malezi ya Idara ya Bunduki ya 188 ilikamilishwa huko Kaunas.",1
1721,"Whitlam, ambaye alikuwa ameshinda Malcolm Fraser katika maporomoko ya ardhi katika uchaguzi wa shirikisho wa Desemba 1975, alitoa ukuu kwa Egerton kwa huduma ya harakati za umoja wa wafanyikazi.","Whitlam, ambaye alikuwa ameshinda Malcolm Fraser katika maporomoko ya ardhi katika uchaguzi wa shirikisho mnamo Desemba 1975, alimpa Egerton ukuu wa kutumikia harakati za umoja wa wafanyikazi.",1
1724,"Mikoa hii inachukuliwa kuwa duni kwa makazi ya kando, na viwango vya 56 na 96 mtawaliwa.",Tovuti hizi zinachukuliwa kuwa maeneo ya pembeni kwa makazi duni na viwango vya 56 na 96 mtawaliwa.,0
1725,"Joykey haina sehemu zinazoweza kusongeshwa, hakuna corks ambazo zinaweza kuvaa, au chemchem ambazo zinaweza kuvunja.","Joykey haina sehemu za kusonga, hakuna corks ambazo zinaweza kuvunja, au chemchem ambazo zinaweza kuvikwa.",0
1727,Katika kipindi kipya cha Televisheni '' Dead Gorgeous '' Hazel alicheza jukumu la dada mdogo kabisa Alexandra Coppinger.,Alexandra Coppinger alichukua jukumu la dada mdogo kabisa Hazel katika kipindi kipya cha Televisheni '' Dead Gorgeous ''.,0
1729,Vipengele vya mifumo ya uwezo wa elastic huhifadhi nishati ya mitambo ikiwa imeharibiwa kwa mfumo wakati inatumika kwa vikosi.,Vipengele vya mifumo ya mitambo huhifadhi nishati ya uwezo wa elastic ikiwa imeharibiwa kwenye mfumo wakati wa kutumika.,0
1730,Ochrosis ventralis ni aina ya asili ya mende wa majani huko Uropa na sehemu za Afrika Kaskazini.,Ochrosis ventralis ni aina ya mende wa majani asili ya Ulaya na sehemu za Afrika Kaskazini,1
1733,"Msimu ulianza tarehe 6 Januari 1984 huko Falun, Sweden, na kumalizika tarehe 11 Machi 1984 huko Lygna, Norway.","Msimu ulianza Januari 6, 1984 huko Falun, Sweden, na kumalizika Machi 11, 1984 huko Lygna, Norway.",1
1740,"De Ruiter, ambaye alizaliwa Leiden, alichezea FC Utrecht, FC den Bosch, Excelsior, RKC Waalwijk na FC Emmen.","Mzaliwa wa Leiden, De Ruiter amecheza kwa FC Utrecht, FC Den Bosch, Excelsior, RKC Waalwijk na FC Emmen.",1
1749,"Miundo ya silabi ya pili ni V, CV, au CCV ambapo konsonanti inayowezekana iko.","Miundo inayowezekana ya silabi ni V, CV au CCV, wakati konsonanti ya pili ni.",0
1750,Mchoraji/mwandishi wa riwaya Paul Bowles alisikia muziki wa kwanza kutoka eneo hilo na mwandishi wa Amerika Brion Gysin kwenye tamasha huko Sidi Kacem mnamo 1950.,"Paul Bowles alisikia muziki kutoka eneo hilo kwenye tamasha huko Sidi Kacem mnamo 1950, pamoja na mwandishi wa Amerika Brion Gysin.",0
1751,"Farrell anahesabu na hacks za Gabriel, wakati McClane huondoa wanaume wake.","Farrell anahesabu hacks za Gabriel, wakati McClane huondoa wanaume wake.",1
1753,Inapatikana katika Kisiwa cha Kusini na kutoka Westland hadi Peninsula ya Benki kuu katika Kisiwa cha Kaskazini.,Inapatikana katika Kisiwa cha Kaskazini na kutoka Peninsula ya Benki hadi Westland ya Kati kwenye Kisiwa cha Kusini.,0
1760,Nasaba ya Assaf (pia inaitwa Banu Assaf) walikuwa nasaba ya Waislamu wa Kisunni na kabila la Turkmen la wakuu walioko katika mkoa wa Mlima Lebanon wa Keserwan.,Nasaba ya Assaf (pia inayoitwa Banu Assaf) ilikuwa nasaba ya Waislamu wa Kisunni na kabila - Turkmen wa wakuu walioko katika mkoa wa Keserwan wa Lebanon - Mountain.,0
1762,"Moja ilitolewa kwenye Radio Airplay huko Italia mnamo Oktoba 12, 2012, na ilisafirishwa ulimwenguni mnamo 3 Desemba 2012.","Moja ilitolewa kwa Radio Airplay mnamo Oktoba 12, 2012 huko Italia na ilitumwa ulimwenguni mnamo Desemba 3, 2012.",1
1764,"Binti wa pili wa Octavius ​​Warre Malet, Alice Anna Catherine, alifunga ndoa na Thomas katika Ubalozi wa Uingereza huko Cologne mnamo 24 Juni 1852.","Binti wa pili wa Octavius ​​Warre Malet, Alice Anna Catherine, alifunga ndoa na Thomas mnamo tarehe 24 Juni 1852 katika Ubalozi wa Uingereza, Cologne.",1
1769,"Probuccinum tenerum ni aina ya konokono ya bahari, mollusk ya kweli ya gastropod katika familia ya Buccinidae, Marine ya Whelks.","Probuccinum tenerum ni spishi ya konokono ya bahari, mollusk ya kweli ya gastropod katika familia Buccinidae, Whelks ya baharini.",1
1773,David David Godwin anawakilishwa na Emma Townshend huko DGA Associates.,David Godwin anawakilishwa na Emma Townshend huko DGA Associates.,1
1775,"Alichangia pia $ 34,000 za Kimarekani kwa Mitt Romney na Dola 7,000 za Amerika kwa Ted Cruz, pamoja na kampeni yake ya urais ya 2016.","Alichangia pia $ 34,000 kwa Ted Cruz na Dola 7,000 za Amerika kwa Mitt Romney, pamoja na kampeni yake ya urais ya 2016.",0
1776,Njia rahisi inaweza kuwa na sifa nzuri za kunyonya na uzalishaji kwa formula formula _ 2 na formula _ 3.,Kati rahisi inaweza kuonyeshwa na sehemu bora za kunyonya na uzalishaji katika formula 2 na formula 3.,1
1779,"Ukabila wa Hilltown ni 93 % nyeupe, 3 % ni Wachina na 1 % ni Waasia.",Ukabila wa Hilltown ni nyeupe hasa kwa 93 %; 3 % ni Asia na 1 % ni Wachina.,0
1781,"De Ruiter, ambaye alizaliwa Leiden, alichezea FC Utrecht, FC den Bosch, Excelsior, RKC Waalwijk na FC Emmen.","Mzaliwa wa Leiden, De Ruiter amecheza kwa RKC Waalwijk, FC Den Bosch, Excelsior, FC Utrecht na FC Emmen.",1
1782,"Ubora wa waendeshaji wa hesabu umekosolewa, kwa kweli na 'ni waendeshaji wenye busara kama na +.","Utangulizi wa waendeshaji wa hesabu umekosolewa. Kwa kweli, na na ni waendeshaji wa kimantiki kama na +.",1
1783,"Mnamo 1974, kwa msaada wa Umoja wa Mataifa, Benki ya Maendeleo ya Asia na Benki ya Dunia, Lao PDR ilianzisha mfuko wa hatua ya II.","Kwa msaada wa Benki ya Dunia, Umoja wa Mataifa, na Benki ya Maendeleo ya Asia, Lao PDR walianzisha Mfuko wa II wa Stage mnamo 1974.",1
1788,Mfululizo wa pili ulirekodiwa na wakosoaji bora kuliko ile ya kwanza.,Mfululizo wa kwanza ulirekodiwa na wakosoaji bora kuliko wa pili.,0
1801,"`` Fall Beil '' ilitumika kwa mara ya mwisho huko Ujerumani Magharibi mnamo 1949, mnamo 1966 huko Ujerumani Mashariki.","`` Fallbeil '' ilitumika mara ya mwisho huko Ujerumani Mashariki mnamo 1949, mnamo 1966 huko Ujerumani Magharibi.",0
1803,Kuna pia reli nyembamba ya chachi kwenye peninsula ya Eyre kutoka Ceduna hadi Port Lincoln.,Kuna pia reli nyembamba ya chachi kwenye peninsula ya Eyre kutoka Port Lincoln hadi Ceduna.,0
1807,"Halmashauri ya Jiji la Webster ilikuwa na wajumbe wa baraza Debi Salberg, Kathy Hart, Greg Mueller, Ken Burns, Toni Hunt, na Anne Tolan.","Halmashauri ya Jiji la Webster ilikuwa na madiwani Greg Mueller, Ken Burns, Kathy Hart, Debi Salberg, Toni Hunt na Anne Tolan.",1
1810,"Kikundi hicho kilicheza sana na kuwa maarufu katika Israeli, na hata kilienda New York City mnamo 2007.","Kikundi hicho kilienda sana na kuwa maarufu katika Israeli, hata kucheza mnamo 2007 huko New York City.",0
1811,Elton John alishawishiwa na Holly Music.,Elton John alishawishiwa kimuziki na Holly.,1
1812,"Alirekodi na bendi ya Billy Eckstine na mnamo 1946, alicheza na bendi ya Lionel Hampton.",Alicheza na bendi ya Lionel Hampton na mnamo 1946 alirekodi na bendi ya Billy Eckstine.,0
1814,"Muziki wao unazingatiwa na wengi kama chuma mbadala na chuma cha rap na ushawishi wa chuma cha viwandani. Kulingana na mahojiano ya zamani, wanajiona `` mwamba wa mauaji ''.","Muziki wao unazingatiwa na wengi kama chuma mbadala na chuma cha rap na ushawishi wa chuma wa viwandani, ambayo kulingana na mahojiano ya zamani hujiita '' mauaji - mwamba ``.",1
1816,"Mwana wa Sir Robert Anthony alikuwa baba wa kwanza wa Jenkinson Baronets ya Hawkesbury, Gloucestershire.","Sir Robert, mwana wa Anthony Anthony, alikuwa baba wa Jenkinson Baronets wa kwanza wa Hawkesbury, Gloucestershire.",0
1818,"Chandler aliona kompyuta kama zana ya kujifunza, lakini alikataa utaftaji mkubwa ambao ulitambua data kama habari na habari kama maarifa.","Chandler alitambua kompyuta kama zana ya kujifunza, lakini alikataa Objectivism iliyopo, ambayo iliona data kama habari na habari kama maarifa.",0
1820,Halafu huvuka juu ya mkono wa Ziwa Texoma la Mto wa Washita.,Halafu huvuka mkono wa Ziwa Texoma la Mto Washita.,1
1826,Georgetown pia ni chanzo cha maji ya kunywa kwa Ziwa Georgetown na mji wa karibu wa Round Rock.,Ziwa Georgetown pia ndio chanzo cha maji ya kunywa kwa Georgetown na mji wa karibu wa Round Rock.,0
1832,Jedwali lifuatalo linalinganisha utendaji wa utoaji wa LOD -capable na njia kamili ya maelezo (`` brute - nguvu '').,Jedwali lifuatalo linalinganisha utendaji wa utoaji wa LOD Aware na maelezo kamili (`` nguvu ya nguvu '').,1
1834,"Kikundi cha Volare kina ofisi yake kuu huko Thiene, Milan na usimamizi wake wa kibiashara na usimamizi wa makubaliano nchini Italia.","Kikundi cha Volare kilikuwa na ofisi yake kuu huko Thiene, Milan na usimamizi wake wa kibiashara na usimamizi wa makubaliano nchini Italia.",1
1838,"Angerudi usiku huo kwenye kituo kilicho magharibi mwa Tecumseh, kisha akapanda Violet Springs na farasi mwingine kabla ya majirani zake kuwa na mashaka.","Angeenda kituo usiku huo, magharibi mwa Tecumseh, na kisha kurudi Violet Springs na farasi mwingine kabla majirani zake kuwa na mashaka.",0
1839,"Kiongozi mpya wa Gerakan Tiga Daerah alikua Sarjiyo, ambaye alikua regent kuu wa Pekalongan.","Kiongozi mkuu wa `` Gerakan Tiga Daerah '' alikuwa Sarjiyo, ambaye alikua Regent mpya wa Pekalongan.",0
1840,"Mnamo Juni 25, 1866, aliteuliwa kuwa Askofu wa Titular wa `` Nisa huko Lycia, na Askofu wa Velletri.",Aliteuliwa kama Askofu msaidizi wa `` Nisa huko Lycia '' na Askofu wa Titular wa Velletri mnamo 25 Juni 1866.,0
1842,Cher na MCA walikuwa lebo ambazo Kapp alikuwa na mafanikio zaidi katika miaka ya 1970 na walibaki nao hadi 1974.,Kapp na MCA walikuwa lebo ambazo Cher alikuwa na mafanikio zaidi katika miaka ya sabini na alibaki nao hadi 1974.,0
1844,Ni muhimu pia kuzingatia kwamba nambari ifuatayo ingefanya kazi bila ADL (inatumika kwake).,Inafaa pia kuzingatia kwamba nambari ifuatayo ingefanya kazi bila ADL (itatumika kwake).,1
1846,Waliandaliwa na cyberconnect2 na kuchapishwa na Namco Bandai kuanzia na `` Naruto: Ultimate Ninja '' mnamo 2005.,Waliandaliwa na cyberconnect2 na kuchapishwa na Namco Bandai kuanza mnamo 2005 na `` Naruto: mwisho ninja ''.,1
1848,"John Milton anamtaja Shakespeare na ananukuu Angela Warren `` Comus '': '' Chini ya glasi, nzuri, na wimbi lenye taa ``.","Angela Warren anamtaja Shakespeare na ananukuu John Milton's `` Comus '': `` Chini ya Glassy, ​​baridi, wimbi la translucent ''.",0
1852,"Alex ni safu ya runinga ya Italia. Mfululizo huo uliandikwa na Alfredo Castelli, Guglielmo Duccoli na Giorgio Schottler na kuzalishwa na videotime.","Mfululizo wa runinga wa Italia Alex uliandikwa na Alfredo Castelli, Guglielmo Duccoli na Giorgio Schottler na kuzalishwa na videotime.",1
1854,Enoteche iliongezeka hadi Austria kaskazini mwa Alps chini ya jina la Ujerumani `` Vinothek '' na kutoka Ujerumani kwenda Austria.,Enoteche wameenea kaskazini mwa Alps kwenda Austria chini ya jina la Ujerumani `` Vinothek '' na kutoka Ujerumani kwenda Austria.,1
1855,Maharajganj ni jimbo la mkutano katika wilaya ya Siwan katika jimbo la India la Bihar.,Siwan ni jimbo la Bunge katika wilaya ya Maharajganj katika jimbo la India la Bihar.,0
1856,Smartass ni filamu iliyoongozwa na Jena Serbu na nyota Joey King.,Smartass ni filamu ya Jena Serbu na Joey King.,1
1857,"Askari 65 wameuawa wakati wa misheni: Wanigeria 34, Wa Chadi 28, 2 Togolese na 1 Burkinabé.","Wakati wa misheni, askari 65 waliuawa: Wanigeria 34, Wa Chadi 28, 2 Togolese na 1 Burkinabé.",1
1859,"Katika `` kugundua ukomo '', riwaya ya siri iliyoandikwa na Georgette Heyer, mhusika hulinganishwa na Armstrong.","Katika `` kugundua ukomo '', riwaya ya siri iliyoandikwa na Armstrong, mhusika hulinganishwa na Georgette Heyer.",0
1860,"Mgawanyiko huo uliharibiwa katika vita huko Normandy, na mambo ya mwisho yalipotea kwa sababu ya kuanguka kwa Cherbourg.","Mgawanyiko huo uliharibiwa katika vita vya Normandy, na mambo yake ya mwisho yalipotea katika msimu wa Cherbourg.",1
1870,Vempati Chinna Satyam (15 Oktoba 1929 - 29 Julai 2012) alikuwa densi ya Kuchipudi na mkuu wa densi ya India.,"Vempati Chinna Satyam (Oktoba 15, 1929 - Julai 29, 2012) alikuwa densi ya Kuchipudi na mkuu wa fomu ya densi ya India.",1
1871,"Massé alizaliwa katika Kata ya Westchester, New York, alikulia Holland, Michigan, na aliishi wakati wa ujana wake huko Uropa.","Massé alizaliwa huko Holland, Michigan, na alikulia katika Kata ya Westchester, New York, na aliishi Ulaya wakati wa ujana wake.",0
1873,Multiverse ni mkusanyiko wa ulimwengu mbadala na asili ya ulimwengu na uongozi sawa.,Multiverse ni mkusanyiko wa ulimwengu mbadala na asili sawa na uongozi wa ulimwengu.,0
1876,"Mto wa Jidanul ni huduma ya mto Jiul de Vest, Romania.",Mto wa Jiul de Vest ni kijeshi cha Mto wa Jidanul huko Romania.,0
1877,"Shook ilikuwa gazeti la muziki la elektroniki la chini ya ardhi, lililowekwa London, ambalo lilishughulikia aina mbali mbali za muziki wa Uingereza na muziki mweusi.",Shook ilikuwa gazeti la muziki la Uingereza lililowekwa London ambalo lilishughulikia aina mbali mbali za muziki mweusi na muziki wa elektroniki chini ya ardhi.,0
1887,"Injini ina uzito na ina urefu wa inchi 54, inchi 29 kwa upana na inchi 41 juu.","Injini ina uzito na ni inchi 54, inchi 29 kwa upana na inchi 41.",0
1891,"Mnamo 1977, Barber alisafiri kwenda Scotland na Norway na Rob Taylor kupanda milango ya maji.","Mnamo 1977, Rob Taylor alisafiri kwenda Scotland na Norway na Barber kupanda milango ya maji.",0
1894,"Basie Land ni albamu ya studio ya 1964 na Billy Byers na orchestra yake, ya muziki ulioundwa na kupangwa na Count Basie.","Bas Basie Land ni albamu ya studio na Count Basie na orchestra yake ya 1964, ambayo muziki wake uliundwa na kupangwa na Billy Byers.",0
1897,"Kwa formula ya kazi inayoweza kupimika 18, formula 19 ni tofauti ya kati na formula 20 na formula ya tofauti 21.","Kwa formula ya kazi inayoweza kupimika 18, formula 19 ni tofauti ya nasibu na formula ya kati 20 na formula ya tofauti 21.",0
1898,"""Cosmic Explorer"" ilitolewa katika fomati nne tofauti na Universal J Japan, Muziki wa Universal na Rekodi za manukato mnamo 6 Aprili 2016.","`` Cosmic Explorer '' ilitolewa Aprili 6, 2016 na Music Music Japan, Universal J, na Rekodi za manukato katika fomati nne tofauti.",0
1903,"Alikufa huko Milwaukee, Wisconsin, ambapo alistaafu Mei 5, 1903.","Alikufa huko Milwaukee, Wisconsin, ambapo mnamo 5 Mei 1903 alistaafu.",1
1907,Bettencourt alicheza gita na alifanywa na Chris Gehringer katika Studio ya Sterling Sauti huko New York City.,Bettencourt alijua gita na Chris Gehringer aliichezea katika Studio za Sterling Sauti huko New York City.,0
1926,"Alizaliwa huko Tiburon, California, na akafa huko Brooklyn, New York.","Ilizaliwa huko Tiburon, California, na akafa huko Brooklyn, New York.",1
1932,"Baada ya huduma yake, Lockhart aliishi Florida, lakini alihamia Texas hivi karibuni.",Baada ya huduma yake Lockhart kuishi huko Texas lakini hivi karibuni alihamia Florida.,0
1935,"Kifuniko kiliondolewa tu na watazamaji wa karibu, kwa hivyo picha hizi zinaweza kuwa na bahati nzuri.","Kifuniko kiliondolewa tu kutoka kwa watazamaji wenye bahati, kwa hivyo picha hizi zinaweza kuwa za karibu zaidi.",0
1939,"Humes alizaliwa huko Bethesda, Maryland, na alitumia utoto wake huko Canada na katika nchi zingine kadhaa, pamoja na Mexico, Nigeria na Moroko, na Chile.","Humes alizaliwa huko Mexico na alitumia utoto wake huko Canada na nchi zingine kadhaa ikijumuisha Chile, Nigeria, Moroko, Bethesda na Maryland.",0
1942,"Msimu wa 2008 - 09 Colorado Avalanche ulikuwa msimu wa 37 wa Franchise, 14 katika Ligi ya Kitaifa ya Hockey, na 30 kama Colorado Avalanche.","Msimu wa 2008 - 09 Colorado Avalanche ilikuwa msimu wa 37 wa Franchise, 30 kwenye Ligi ya Kitaifa ya Hockey na 14 kama Colorado Avalanche.",0
1955,"Mfululizo huo ulijadiliwa Aprili 18, 2009 huko Australia kwenye Nickelodeon (New Zealand na New Zealand).","Mfululizo huo ulijadiliwa huko Australia Aprili 18, 2009 kwenye Nickelodeon (New Zealand na New Zealand).",1
1956,Hifadhi ya Kitaifa ya Petkeljärvi ni mbuga ya kitaifa huko Ilomantsi katika mkoa wa kaskazini wa Karelia wa Ufini.,Hifadhi ya Kitaifa ya Petkeljärvi ni mbuga ya kitaifa nchini Ufini katika mkoa wa Ilomantsi wa Karelia Kaskazini.,0
1957,Huu ni mtindo wa Zen wa kutumikia na kula chakula kinachofanywa katika mahekalu rasmi.,Hii ndio mtindo wa kutumikia na kula unaofanywa katika mahekalu rasmi.,1
1963,"Mnamo Machi 5, 2011, MTV Hive alituma kiunga cha kutiririka kwa Anni Rossi, akifanya Rihannas '' Rude Boy ``.","Mnamo Machi 5, 2011, MTV Hive aliweka kiunga cha kutiririka kwa Rihanna akiigiza Anni Rossi's `` Rude Boy ''.",0
1969,"Kiongozi mpya wa Gerakan Tiga Daerah alikuwa Sarjiyo, ambaye alikua Regent kuu wa Pekalongan.","Kiongozi mpya wa Gerakan Tiga Daerah alikuwa Sarjiyo, ambaye alikua mtoaji wa msingi wa Pekalongan.",1
1976,"Maritsa Lazari alizaliwa mnamo Oktoba 1943 huko Kupro. Alihamia na familia yake kwenda London, Uingereza akiwa na umri wa miaka 16.",Maritsa Lazari alizaliwa London mnamo Oktoba 1943 na amehamia Kupro na familia yake akiwa na umri wa miaka 16.,0
1979,"Wakati wa kampeni yake, alijadili McCain mara mbili, mara moja kwenye bendera, na mara moja huko Tucson.","Wakati wa kampeni yake ya uchaguzi, alijadili McCain mara mbili, mara moja huko Tucson, na mara moja huko Flagstaff.",1
1996,"Mnamo Mei 1983, safari ya Uingereza ilianza na mpiga gitaa wa ziada Robin George kwa maonyesho ya moja kwa moja.","Mnamo Mei 1983, safari ya Uingereza ilianza na gitaa moja kwa moja Robin George kwa maonyesho ya ziada.",0
2001,Meneja wa mali ni neno linalotumika sana nchini Uingereza kuelezea tofauti za mara kwa mara kwa masharti ya jamaa kutoka kwa bei rahisi hadi nyumba ghali zaidi.,Meneja wa mali ni neno linalotumika sana nchini Uingereza kuelezea tofauti za jamaa katika hali ya kila wakati kutoka kwa bei rahisi hadi nyumba ghali zaidi.,0
2003,Washindi wa jumla wa Jumuiya ya 1 wanawasilishwa na Kombe la James Delahunt.,Wshindi wa Junior Idara ya 1 wanawasilishwa na Kombe la James Delahunt.,1
2008,Familia za Serbia ziliondoka kijijini kabla ya kurudi kwa wakimbizi wa Albanian mnamo 1999.,"Kabla ya kurudi kwa wakimbizi wa Serbia mnamo 1999, familia za Albania ziliondoka mjini.",0
2014,"Joykey haina sehemu zinazoweza kusongeshwa, hakuna corks ambazo zinaweza kuvaa, au chemchem ambazo zinaweza kuvunja.","Joykey haina sehemu za kusonga, hakuna corks ambazo zinaweza kuvunja, au manyoya ambayo yanaweza kumaliza.",0
2015,"Ilichapishwa mnamo Desemba 22, 2011 na ilitangazwa mnamo Februari 2012.","Ilisajiliwa mnamo Desemba 22, 2011 na ilitolewa mnamo Februari 2012.",0
2017,"Waliandaliwa na cyberconnect2 na kuchapishwa na Namco Bandai, kuanzia na `` Naruto: Ultimate Ninja '' 2005.",Waliandaliwa na Namco Bandai na kuchapishwa na CyberConnect2 kuanzia na `` Naruto: Ultimate Ninja '' mnamo 2005.,0
2018,"Kiti kilikuwa na jezi ya kijani na kola nyeupe, kaptula za bluu na soksi za bluu.","Kiti kilikuwa na jezi ya kijani na kola nyeupe, kaptula za bluu na soksi za bluu.",1
2021,"Hafla hiyo ilihudhuriwa na Balozi wa Boutique @ HS, Teresa Palmer Michala Banas na mwigizaji wa Australia Kyly Clarke.","Hafla hiyo ilihudhuriwa na Balozi wa Boutique @ HS, Teresa Palmer Michala Banas na mwigizaji wa Australia Kyly Clarke.",1
2022,"Duminda Silva, anayejulikana pia kama Arumadura Lawrence Romelo Duminda Silva na R. Dumindha Silva, ni mwanasiasa wa Sri Lankan na mbunge wa zamani wa Bunge.","Arumadura Lawrence Romelo Duminda Silva, anayejulikana pia kama Duminda Silva na R. Dumindha Silva, ni mwanasiasa wa Sri Lankan na mwakilishi wa zamani wa Bunge.",1
2035,Inatumika kwa kitongoji cha kusini-mashariki mwa Edithvale cha ufunguzi wa Melbourne mnamo 20 Septemba 1919.,Inatumikia kitongoji cha kusini-mashariki mwa Edithvale cha ufunguzi wa Melbourne mnamo 20 Septemba 1919.,1
2039,"Kwa mazoezi, mesquite `` moduli '' ni madarasa ya Java, kawaida darasa ndogo za ufafanuzi wa darasa la saruji.","Kwa mazoezi, mesquite `` moduli '' Java - madarasa kawaida ni miteremko halisi ya ufafanuzi wa darasa la kawaida.",0
2047,"Mnamo Septemba 11, 1814 John Peter Dewint alifunga ndoa na Caroline Smith, mjukuu wa John Adams.","Caroline Smith alifunga ndoa na John Peter Dewint, mjukuu wa John Adams mnamo Septemba 1814.",0
2054,"Katika chakula kama hicho, divai yenye ubora mara nyingi huliwa, kawaida na champagne au vin zinazofanana za kung'aa.","Mvinyo wa ubora kawaida huliwa kwenye chakula kama hicho, mara nyingi na champagne au vin zinazofanana kama hitimisho.",1
2055,"Kulingana na Ofisi ya sensa ya Merika, Kennesaw ina eneo la jumla la ardhi ambalo ardhi na, au 1.08 %, ni maji.","Kulingana na Ofisi ya sensa ya Merika, Kennesaw ni eneo ambalo ni ardhi na 1.08 % ina maji.",1
2058,"Joe R. Campa Jr. ni Sailor wa zamani wa Jeshi la Merika la Merika, ambaye alikuwa afisa mkuu wa 11 wa Jeshi la Merika la Merika.","Joe R. Campa Jr. ni baharia wa zamani wa Jeshi la Merika la Merika, ambaye aliwahi kuwa afisa mkuu wa kumi na moja wa Jeshi la Jeshi la Merika la Merika.",1
2060,Poonam Devi wa RJD alishinda Dharmendra Yadav mnamo 2000 kama JDU.,Poonam Devi wa RJD alishinda Dharmendra Yadav anayewakilisha JDU mnamo 2000.,1
2063,"Marko Knowles na Daniel Nestor walishinda taji hilo, wakishinda Jonathan Erlich na Andy Ram kwenye fainali na 5: 3, 5: 4.","Marko Knowles na Daniel Nestor walishinda taji hilo, wakimshinda Jonathan Erlich na Andy Ram 5 - 3, 5 - 4 kwenye fainali.",1
2069,Na Terry kama Ophelia na Portia aliongeza `` Hamlet '' na akatengeneza `` Merchant of Venice '' (1879).,"Na Terry kama Ophelia na Portia, alifufua `` Hamlet '' na akatengeneza `` Merchant of Venice '' (1879).",1
2073,"Pia alisaidia kuanzisha vituo vya kutafakari kote Ulaya na vile vile Kaskazini, Kati na Amerika Kusini.","Pia alisaidia kuanzisha vituo vya kutafakari kote Ulaya na vile vile kaskazini, kati na Amerika Kusini.",1
2074,"Barabara kuu ilifutwa mnamo Oktoba 18, 1954, wakati FM 1241 iliongezwa.","Barabara hiyo ilifutwa mnamo Oktoba 18, 1954, wakati FM 1241 iliongezwa.",1
2084,Fanwood iko katika wilaya ya 22 ya mkutano na ni sehemu ya Wilaya ya Sheria ya New Jersey.,Fanwood iko katika wilaya ya 12 ya mkutano na ni sehemu ya Wilaya ya Sheria ya 22 ya Jimbo la New Jersey.,0
2090,`` Taunton Castle '' ilikuwa Agosti 1 huko Rio de Janeiro na Oktoba 31 huko Penang.,`` Taunton Castle '' alikuwa huko Penang mnamo Agosti 1 na Oktoba 31 huko Rio de Janeiro.,0
2095,"Bonnie Bedelia Culkin (amezaliwa Machi 25, 1948) ni mwigizaji wa Amerika.","Bonnie Bedelia (mzaliwa wa Bonnie Bedelia Culkin, Machi 25, 1948) ni mwigizaji wa Amerika.",0
2097,Madiun yuko kwenye barabara kuu ya Yogyakarta na Jakarta.,Yogyakarta na Jakarta iko kwenye barabara kuu ya Madiun.,0
2098,"Wakati wa wakati wake huko Savannah, Charles Celestine alijifunza kutoka kwa gazeti kwamba mtoto wake, Sherman, alikuwa amekufa wakati wa kampeni ya Savannah, Jenerali alikuwa hajawahi kumuona mtoto.","Nilipokuwa Savannah, Sherman alijifunza kutoka kwa gazeti kwamba mtoto wake mchanga Charles Celestine alikuwa amekufa wakati wa kampeni ya Savannah; Mkuu alikuwa hajawahi kumuona mtoto.",0
2110,"McCarthy alizaliwa huko Auckland, lakini alihamia na wazazi wake kwenda San Francisco, California akiwa na umri wa miaka minne.","McCarthy alizaliwa huko Auckland, lakini alihamia San Francisco, California na wazazi wake akiwa na umri wa miaka minne.",1
2113,"Scrivener aliandika maandishi hayo kwa karne ya 12, C. R. Gregory hadi karne ya 13. Hivi sasa maandishi hayo yamewekwa na INTF hadi karne ya 12.","Scrivener aliandika maandishi hayo hadi karne ya 13, C. R. Gregory hadi karne ya 12, maandishi hayo kwa sasa yamewekwa karne ya 12 na Intf.",0
2115,"PHNOM PENH - Mnara wa urafiki wa Vietnam huko Kambodia, mji mkuu wa Kambodia, ni jiwe kubwa la zege ambalo linakumbuka muungano wa zamani kati ya Vietnam na Kambodia.","Phnom Penh - Monument ya Urafiki ya Vietnam huko Kambodia, mji mkuu wa Kambodia, ni mnara mkubwa wa saruji unaokumbuka muungano wa zamani kati ya Vietnam na Kambodia.",1
2119,"Brewarrina Shire ni pamoja na Brewerrina na vijiji vya Gongolgon, Angledool na Goodooga na mji wa Ghost wa Tarcoon.","Brewarrina Shire na vijiji vya Gongolgon, Angledool, Goodooga na mji wa Ghost wa Tarcoon.",0
2131,"Mnamo Agosti 1, 1699, Bickerstaffe alijisalimisha ardhi yake huko Chirton kwa Sir William Blackett ambaye aliuza ukumbi huo kwa Archibald Campbell, Duke wa 1 wa Argyll.","Mnamo Agosti 1, 1699, William Blackett alikabidhi ardhi yake ya nakala huko Chirton kwa Sir Archibald Campbell, ambaye aliuza ukumbi huo kwa Duke la 1 la Argyll, Bickerstaffe.",0
2145,Sher Ahmed Akhundzada (anayejulikana pia kama Sher Mohammed Akhundzada) ni kiongozi wa kikabila ambaye alikuwa gavana wa Helmand nchini Afghanistan kutoka 2001 hadi 2005.,Sher Ahmed Akhundzada (anayejulikana pia kama Sher Mohammed Akhundzada) ni kiongozi wa kikabila ambaye kutoka 2001 hadi 2005 alikuwa Gavana wa Helmand nchini Afghanistan.,1
2148,"Rakai ndio makao makuu ya Wilaya ya Rakai, ambayo ilikuwa kitovu katika miaka ya mapema ya 1980 na iliathiriwa kwanza na janga la UKIMWI nchini Uganda.","Rakai ndio makao makuu ya Wilaya ya Rakai, ambayo mwanzoni mwa miaka ya 1980, ilikuwa kitovu na tofauti ya kwanza nchini Uganda kuathiriwa na janga la UKIMWI.",1
2153,Mjukuu wake alikuwa muigizaji Alexander Molchanoff (mzaliwa wa Richard Marner).,Mjukuu wake alikuwa muigizaji Richard Marner (mzaliwa wa Alexander Molchanoff).,0
2155,"Mbali na mbuga za kitaifa, kuna mbuga kumi za serikali, vituo vitano vya manispaa, na bustani zingine kadhaa na arboretums katika eneo hilo.","Mbali na mbuga za manispaa, kuna mbuga kumi za serikali, vituo vitano vya kitaifa na bustani zingine kadhaa na arborets katika eneo hilo.",0
2156,"Imewekwa katika Mondercange, kusini mwa Jiji la Luxembourg.","Imewekwa katika Luxembourg - City, kusini mwa Montercange.",0
2158,"Katika ruminants, pia kuna ugonjwa wa neva, na wanyama wanaweza kukataa kula, kuonekana kuwa mbaya na pia huendeleza ishara za kupumua.","Kuna pia ugonjwa wa kupumua katika ruminants, na wanyama wanaweza kukataa kula, kuonekana kuwa mbaya na pia kukuza ishara za neva.",0
2159,"Chuo cha Uandishi wa Habari cha BBC kilifunguliwa mnamo Juni 2005 kama safu ya kujifunza e na Kevin Marsh kama Mhariri Mtendaji, mkurugenzi wa kwanza ambaye alikuwa Vin Ray.","Mnamo Juni 2005, Chuo cha Uandishi wa Habari cha BBC kilifunguliwa kama safu ya kujifunza e na Vin Ray kama Mhariri Mtendaji, ambaye mkurugenzi wake wa kwanza alikuwa Kevin Marsh.",0
2160,Gharama wazi huzingatiwa pamoja na zile za kiuchumi wakati wa kuzingatia faida kamili.,"Wakati wa kuzingatia faida kamili, gharama za wazi zinazingatiwa pamoja na zile za kiuchumi.",1
2161,"Rami Nieminen (amezaliwa Februari 25, 1966) ni mpira wa miguu wa Kifini.","Rami Nieminen (amezaliwa Februari 25, 1966) ni mpira wa miguu wa Kifini.",1
2163,"Prang Ku ni wilaya (`` amphoe '') katika sehemu ya magharibi ya mkoa wa Sisaket, kaskazini mashariki mwa Thailand.","Prang Ku ni wilaya (`` amphoe '') katika sehemu ya magharibi ya mkoa wa Sisaket, kaskazini mashariki mwa Thailand.",1
2172,"Mstari wa 14, 16, na wa 117 kila mmoja alikuwa na vita viwili kwenye mapigano.","Mistari ya 14, 16 na 117 ilikuwa na vita viwili katika mapigano kila moja.",1
2190,"Mlima DeVoe ni mlima ulioko kwenye Kisiwa cha Vancouver, Briteni ya Briteni, Canada, kusini mashariki mwa Mto wa Dhahabu na kusini mwa Rambler Peak.","Mlima DeVoe ni mlima kwenye Kisiwa cha Vancouver, Briteni ya Briteni, Canada, kusini mashariki mwa Rambler Peak na kusini mwa Gold River.",0
2192,Mto wa Olt ni huduma ya mto Seghes huko Romania.,Mto wa Segheș ni kijeshi cha Mto wa Olt huko Romania.,0
2198,Nyota za Montreal Montreal zilishinda Kombe la Clarkson kwa kushinda 3 - 1 ya Minnesota Whitecaps (WWHL).,Nyota za Montreal zilishinda Kombe la Clarkson kwa kushinda 3 - 1 Minnesota Whitecaps (WWHL),1
2203,"ambapo nyota inaashiria kikundi kisicho cha asili. Kwa kuongezea wakati `` g '' ni laini, kuna isomorphism mbili ya algebra.","Ambapo nyota huita kikundi cha algebraic mbili, kuna isomorphism isiyo ya kawaida wakati `` g '' ni laini.",0
2209,"Baada ya kustaafu, alibaki Krzemieniec na akafa hapo.","Baada ya kustaafu, alikufa huko Krzemieniec na akabaki hapo.",0
2212,Inafaa pia kuzingatia kwamba nambari ifuatayo ingefanya kazi bila ADL (itatumika kwake).,Inafaa pia kuzingatia kwamba nambari ifuatayo ingefanya kazi bila ADL (inatumika kwake).,1
2213,"Ndege hiyo iliundwa na Irelandia, ambayo pia imeendeleza ndege zingine tano, ambazo ni Vivacolombia, Ryanair, Allegiant Air, Vivaaerobus na Tigerair.","Ndege hiyo ilianzishwa na Irelandia, ambayo pia imeendeleza ndege zingine tano, ambazo ni Vivacolombia, Ryanair, Allegiant Air, Vivaaerobus na Tigerair.",1
2219,Dayosisi ya Katoliki Katoliki ya Bungoma ni dayosisi iliyoko katika mji wa Kisumu katika mkoa wa kidini wa Bungoma nchini Kenya.,"Dayosisi ya Kirumi - Katoliki ya Bungoma ni dayosisi katika mji wa Kisumu katika mkoa wa kanisa la Bungoma, Kenya.",1
2226,"Siku ya Jumapili, kuna huduma ya saa moja kwa Glasgow, lakini hakuna huduma kwa Edinburgh na Dunblane.",Jumapili kuna huduma ya saa moja kwa Edinburgh na Dunblane lakini hakuna huduma kwa Glasgow.,0
2231,"Buccinum pulchellum ni spishi ya konokono ya bahari, mollusk ya kweli ya gastropod katika familia ya Buccinidae, Whelks Marine.","Buccinum pulchellum ni spishi ya konokono ya bahari, mollusk ya baharini ya baharini katika familia ya Buccinidae, vitabu vya kweli vya Whell-Horn.",0
2232,"Martin Damm na Radek Štěpánek walishinda katika fainali 6 - 2, 6 - 4, dhidi ya Jonas Björkman na Fabrice Santoro.","Martin Damm na Radek Štěpánek walishinda dhidi ya Jonas Björkman na Fabrice Santoro katika Fainali 6: 2, 6: 4.",1
2233,"Alizaliwa mnamo Desemba 21, 1965 huko Oxon Hill, Maryland, na alienda shule ya upili huko New Haven, Connecticut.","Alston alizaliwa mnamo Desemba 21, 1965 huko New Haven, Connecticut. Alihudhuria Shule ya Upili ya Oxon Hill huko Oxon Hill, Maryland.",0
2235,Ya kwanza kila asubuhi `` wimbo ni toleo la gitaa la wimbo wa mwisho '' asubuhi ``.,Ufuatiliaji wa hivi karibuni `` kila asubuhi '' ni toleo la gitaa la wimbo wa kwanza `` Morning ''.,0
2241,Alicheza huko Australia mapema katika kazi yake lakini alihamia Scotland kucheza kwa Frankston City kwenye Ligi ya Jimbo la Victoria.,"Alicheza mapema katika kazi yake huko Australia, lakini alihamia Scotland kucheza kwa Frankston City kwenye Ligi ya Jimbo la Victoria.",1
2242,"Wakati uso una mzunguko wa mara kwa mara wa Gaussian wa sifuri, ni uso unaoweza kuendelezwa na jiometri ya uso ni jiometri ya Euclidean.","Wakati uso una curvature ya mara kwa mara ya Gaussian, basi ni uso unaoweza kuendelezwa na jiometri ya uso ni jiometri ya Euclidean.",1
2249,"Licha ya taarifa ya Soni Sori kwa korti kwamba aliogopa usalama wake, alihamishiwa ulinzi wa Polisi wa Jimbo la Chhattisgarh huko Dantewada.","Licha ya taarifa ya Soni Sori katika korti kwamba aliogopa usalama wake, alihamishiwa gerezani la Polisi wa Jimbo la Chhattisgarh huko Dantewada.",1
2255,Halafu huvuka juu ya mkono wa Mto wa Washita wa Ziwa Texoma.,Inavuka kisha mkono wa Ziwa Texoma wa Mto Washita.,0
2256,Kudawa ni kamati ya maendeleo ya vijiji na vijiji katika ukanda wa Narayani katika wilaya ya Bara - kusini mwa mashariki mwa Nepal.,Kudawa ni kamati ya maendeleo ya vijiji na vijiji katika eneo la Narayani katika wilaya ya Bara ya Nepal Kusini-Mashariki.,1
2259,"Kaunti ya Santa Cruz ilikuwa uwanja wa ndege ulioko katika Bonde la Scotts, California, ndani ya Santa Cruz Sky Park.","Santa Cruz Sky Park ilikuwa uwanja wa ndege katika Bonde la Scotts, California, ndani ya Kaunti ya Santa Cruz.",0
2262,CD iliyo na mada kutoka filamu zake kumi na nne ilichapishwa na Philip Powers mnamo 2008 na ilitengenezwa na 1M1 Record.,CD ya mada kutoka filamu zake 14 zilitolewa mnamo 2008 na Philip Powers na kuchapishwa na 1M1 Record.,0
2265,"Alama hiyo ilitengenezwa na mtunzi Maury Yeston, na choreography na William Whitener, mkurugenzi wa kisanii wa Kansas City Ballet.","Alama hiyo ilikuwa na mtunzi Maury Yeston, na choreography na William Whitener, mkurugenzi wa kisanii wa Kansas City Ballet.",1
2268,Chuck Rainey (bassist wa kwanza wa Aretha Franklin na Marvin Gaye) alikuwa mkurugenzi wa umeme wa kidogo.,Chuck Rainey (bassist wa kwanza wa Aretha Franklin na Marvin Gaye) alikuwa mkurugenzi wa umeme wa Bit.,1
2273,Dotty alizaliwa huko Boston mnamo 1923 na alikufa huko Gloucester mnamo 2014.,Dotty alizaliwa mnamo 1923 huko Gloucester na alikufa mnamo 2014 huko Boston.,0
2278,"Wakati ilifunguliwa, mkurugenzi wa BBC - Televisheni David Nixon na mpango wa kwanza ulikuwa '' Usiku wa kwanza `` Na Gerald Beadle katika Studio ya Tatu.","Wakati ilifunguliwa alikuwa mkurugenzi wa BBC - TV Gerald Beadle, na matangazo ya kwanza yalikuwa '' Usiku wa kwanza `` na David Nixon katika Studio ya Tatu.",0
2283,Mkulima alishinda Armstrong - Mgombea Wesley Lobb na kura 180 na alihifadhiwa ofisini baada ya uchaguzi.,"Mkulima alishinda mgombea wa Armstrong Wesley Lobb kwa kura 180, na akahifadhiwa ofisini baada ya uchaguzi.",1
2284,"Walipata mafanikio kadhaa kwa kucheza vipindi vya moja kwa moja huko Shepparton, Geelong na Melbourne.","Walipata mafanikio kadhaa, wakicheza maonyesho ya moja kwa moja huko Shepparton, Geelong na Melbourne.",1
2289,"Katika hakiki hapa chini itakuwa kiwango cha juu zaidi kwa onyesho kwa nyekundu, na tathmini ya chini kabisa ya onyesho itakuwa katika sehemu ya bluu.","Katika makadirio hapa chini, kiwango cha juu zaidi cha onyesho kitakuwa nyekundu, na kiwango cha chini kabisa cha onyesho kitakuwa kwenye sehemu ya bluu.",1
2297,Alichaguliwa na Philadelphia 76ers katika raundi ya 7 (77 ya jumla) ya Rasimu ya NBA ya 1967.,Alichaguliwa na Philadelphia 76ers katika raundi ya 7 (chaguo la 77 kwa jumla) ya Rasimu ya NBA ya 1967.,1
2298,Iliachiliwa mnamo 28 Januari 2008 huko Uingereza na Shirika la Kurekodi Angular na mnamo 18 Machi 2008 huko Merika kupitia Domino Record.,"Ilichapishwa na Shirika la Kurekodi Angular mnamo Januari 28, 2008 huko Uingereza na Domino Record mnamo 18 Machi 2008 huko Merika.",1
2299,"Longo alizaliwa huko Bayonne, New Jersey, na alihudhuria Shule ya Upili ya Marist huko Jersey City, New Jersey na katika Chuo Kikuu cha Rhode Island.","Mzaliwa wa Jersey City, New Jersey, Longo alihudhuria Shule ya Upili ya Marist huko Bayonne, New Jersey na Chuo Kikuu cha Rhode Island.",0
2300,J. Chlor - Radical - klorini ya bure katika anga pia humenyuka na methane.,J. Chlorine Radical - klorini ya bure katika anga pia humenyuka na methane.,1
2302,"Mwishowe, katika `` Western Republican '', alichapisha moja ya makusanyo ya kwanza ya mimea kufanywa huko Ohio na mtaalam wa botanist.","Mwishowe alichapisha, katika `` Magharibi mwa Republican ``, '' moja ya makusanyo ya kwanza ya mimea iliyotengenezwa huko Ohio na mtaalam wa botanist.",1
2303,"Lee amecheza kitaaluma nchini Italia, Urusi, Ugiriki, Ufaransa, Indonesia na Ugiriki. Ameshinda ubingwa wa kitaifa huko Puerto Rico, Ureno na Indonesia.","Amecheza kitaalam nchini Italia, Urusi, Ugiriki, Ufaransa, Indonesia na Ugiriki na ameshinda ubingwa wa kitaifa huko Puerto Rico, Ureno na Indonesia.",1
2305,"Mnamo tarehe 30 Aprili 1983, C-131 alipewa Nas Jacksonville, Cuba ilianguka huko Nas Guantanamo Bay na kupotea kwa maisha 13.","Mnamo tarehe 30 Aprili 1983, C - 311 iliyopewa Nas Guantanamo Bay, Cuba, ilianguka huko Nas Jacksonville na upotezaji wa maisha 13 ya wanadamu.",0
2307,Mto wa Neajlov ni kijeshi cha Mto wa Neajlovel huko Romania.,Mto wa Neajlov ni kijeshi cha Mto wa Neajlovel huko Romania.,1
2308,Mmea huo unaweza kuwa na mali ya matibabu na umetumika katika dawa za jadi huko Asia Kusini na katika dawa za jadi za Wachina.,Mmea unaweza kuwa na mali ya matibabu na umetumika katika dawa za jadi za Wachina huko Asia Kusini na dawa za jadi.,0
2309,Mto wa Milcov ni kijeshi cha kulia cha Mto wa Dilcov huko Romania.,Mto wa Milcov ni mto wa mto wa Dilcov huko Romania.,1
2319,"Isipokuwa kati ya mwishoni mwa 2005 na 2009, wakati alipocheza huko Sweden na Carlstad United BK, Serbia na FK Borac čačak na FC Terek Grozny.","Isipokuwa kati ya mwishoni mwa 2005 na 2009, wakati alipocheza huko Sweden na Carlstad United BK, Serbia na FC Terek Grozny na Urusi FK Borac čačak.",0
2322,"Cape Don alipewa jina na George Don mnamo 1818, kama pongezi kwa Jenerali Sir Phillip Parker King, Luteni-Gavana wa Gibraltar.","Cape Don alipewa jina mnamo 1818 na Phillip Parker King kama pongezi kwa Jenerali Sir George Don, Gavana wa Luteni wa Gibraltar.",0
2325,Miaka mitatu baadaye alishinda medali ya fedha katika mashindano yale yale kwenye Mashindano ya Ulaya huko Hahnenklee kwa Ujerumani Magharibi.,"Miaka mitatu baadaye, alishinda medali ya fedha katika hafla hiyo hiyo ya Hahnenklee kwenye Mashindano ya Ulaya huko Ujerumani Magharibi.",0
2326,"Pia waliachilia wimbo wa pili kwenye albamu, `` Matukio '', mnamo Juni 13 kama ile ya 5 kutoka kwa albamu.","Pia waliachilia wimbo wa 5 kwenye albamu, `` Matukio '', kama moja ya pili ya albamu hiyo Juni 13.",0
2331,"Sehemu ya Trail ya Cabot ilitengenezwa kwenye eneo huko Cape Breton, pamoja na Peggys Cove na Nyanda za Juu za Nova Scotia, kando ya Pwani ya Mashariki.","Njia ya Cabot - sehemu ilitengenezwa kwenye tovuti huko Cape Breton, pamoja na Peggys Cove na Nyanda za Juu za Nova Scotia, kando ya Pwani ya Mashariki.",1
2332,"Vincent Goldsborough alizaliwa mnamo Oktoba 3, 1937 huko Chicago, mtoto wa mbunifu Robert Goldsborough na Wilma (Janak) huko Goldsborough.","Robert Goldsborough alizaliwa huko Chicago mnamo Oktoba 3, 1937, kama mtoto wa Robert Vincent Goldsborough na Mbuni wa Wilma (Janak) Goldsborough.",0
2333,"Johan Ludvig alikuwa mtoto wa Johan Georgia Holstein, ambaye alikuwa mwenyewe Waziri Mkuu wa Kideni, na Ida Frederikke Joachime wa familia ya Bülow.","Johan Ludvig alikuwa mtoto wa Johan Georgia Holstein, ambaye mwenyewe angekuwa waziri mkuu wa Kideni, na Ida Frederikke Joachime wa familia ya Bülow.",1
2338,Iliundwa mnamo 1983 na wasanifu John Burgee (Chuo Kikuu cha Alumnus) na Philip Johnson.,Iliundwa mnamo 1983 na wasanifu Philip Johnson (alumnus wa Chuo Kikuu) na John Burgee.,0
2347,"99 iliunga mkono operesheni ya haraka ya Wury, ambayo ilichukua nafasi ya serikali ya Stalinist huko Grenada muda mfupi baada ya uanzishaji wake.","Muda kidogo baada ya uanzishaji wake, 99 iliunga mkono Operesheni Haraka ya Haraka, ambayo ilibadilisha serikali ya Stalinist huko Grenada.",1
2351,"Alfaro alikuwa mwanamke wa tatu aliyehukumiwa kifo katika chumba cha gesi na, wakati wa hukumu yake, alikuwa mwanamke wa kwanza kwenye safu ya kifo huko California.","Alfaro alikuwa mwanamke wa kwanza kuhukumiwa kifo katika chumba cha gesi, na wakati wa hukumu alikuwa mwanamke wa tatu kwenye safu ya kifo huko California.",0
2352,"Kama thawabu kwa uaminifu wake kwa Henry, alipata ardhi yenye faida kubwa na ofisi nyingi huko Wales Kusini.","Kama thawabu kwa uaminifu wake kwa Henry, alipata ardhi yenye faida na ofisi nyingi kusini mwa Wales.",1
2353,Wazo jipya la kidini la mungu wa tatu ni muhimu sana kwa harakati za kisasa za Wicca.,Wazo la kisasa la mungu wa tatu ni msingi wa harakati mpya ya kidini ya Wicca.,0
2354,"McCarthy alizaliwa huko San Francisco, California, lakini alihamia na wazazi wake kwenda Auckland akiwa na umri wa miaka minne.","McCarthy alizaliwa huko Auckland, lakini alihamia San Francisco, California akiwa na miaka minne na wazazi wake.",0
2356,"Wajumbe ni pamoja na Henri Barbet, Léon Talabot, Eugène Schneider na Jules Hochet.","Wajumbe walikuwa Eugène Schneider, Léon Talabot, Henri Barbet na Jules Hochet.",1
2358,Timu hiyo ilienda Australia mnamo 1953 na Asia mnamo Agosti 1959.,Timu hiyo ilitokea pia Asia mnamo 1953 na Australia mnamo Agosti 1959.,0
2361,Mabadiliko ya awamu kutoka kwa ferromagnet hadi paramagnet yanaendelea na ni agizo la pili.,Mabadiliko ya awamu kutoka kwa ferromagnet hadi paramagnet ni ya pili na ni ya utaratibu unaoendelea.,0
2363,Ni Kisiwa cha Offshore Baffin - Kisiwa kilichopo Cornelius Grinnell Bay.,Ni kisiwa cha Baffin kisiwa cha pwani kilichopo Cornelius Grinnell Bay.,1
2366,Mto wa Valea Lui Lambă au Mto wa șimon ni kijeshi cha Mto wa Lom huko Romania.,Mto Valea Lui Lambă au `` Unk '' Imon River ni kijeshi cha Mto wa Lom huko Romania.,0
2377,"Frank James alijiunga na kampuni ya kukiri iliyoajiriwa kwa jeshi la Drew Lobbs, na akapigana kwenye Vita vya Wilson's Creek mnamo Agosti 1861.","Frank James alijiunga na kampuni ya kukiri, iliyoajiriwa kwa jeshi la Drew Lobbs, na akapigana mnamo Agosti 1861 katika Vita vya Wilson's Creek.",1
2382,"Kuanzia 1958, Melkus alikuwa profesa wa violin, violin ya kihistoria, viola, na mazoezi ya utendaji wa Baroque katika Chuo cha Muziki cha Vienna.","Kuanzia 1958, Melkus alikuwa profesa wa violin, violin ya kihistoria, viola na utendaji wa Baroque katika Chuo cha Muziki cha Vienna.",1
2383,Mkurugenzi Hayao Miyazaki na mwenzake wa muda mrefu Isao Takahata waliruhusiwa kuunda studio yao wenyewe chini ya uongozi wa mhariri wa zamani wa `` animage '' Toshio Suzuki.,Pia iliruhusu mkurugenzi Hayao Miyazaki na mwenzake wa muda mrefu Isao Takahata kuunda studio yao wenyewe chini ya usimamizi wa mhariri wa zamani wa `` animage '' Toshio Suzuki.,1
2384,"Makatibu wa zamani ni pamoja na Alison Murison, Tom Mabbott, ambaye alipokea MBE kwa huduma kwa kilimo cha maua cha Scottish, John Maclennan, na Dk. John Mackay.","Makatibu wa zamani walikuwa John Mackay, ambaye alipokea MBE kwa huduma kwa kilimo cha maua cha Scottish, Alison Murison, Tom Mabbott, na Dk John Maclennan.",0
2394,"Jenasi hii kwa sasa imeainishwa katika familia ya mijusi, inayojulikana kama Iguanidae, subfamily Polychrotinae, na haijawekwa tena katika familia isiyo sahihi, Polychrotidae.","Spishi hii sasa iko katika familia ya mijusi, inayojulikana kama Iguanidae, subfamily Polychrotinae, na haijawekwa tena katika familia isiyo sahihi, Polychrotidae.",1
2395,"Mei 1976: `` Ni Lemon '', iliyoandikwa na kukusanywa na Bob Austin, iliyoongozwa na Bob Austin `` Colin Williams ''.","Mei 1976: `` ni Lemon '', iliyoandikwa na kukusanywa na Bob Austin & Colin Williams, iliyoongozwa na Bob Austin",0
2399,"Baada ya kuhamia Ogden Utah katika miaka ya 1920 na kisha kwa Salt Lake City, Robertson na familia yake walikaa Mapleton Utah mnamo 1937.","Baada ya kuhamia Salt Lake City mnamo 1920s na kisha kuanzisha Ogden Utah, Robertson na familia yake huko Mapleton Utah mnamo 1937.",0
2401,"Aliolewa na Marie Magdalene Schweigaard, binti ya Tellef Dahll Schweigaard, mjukuu wa mwanasiasa anayeongoza Anton Martin Schweigaard na shangazi wa Waziri Mkuu wa baadaye Christian Homann Schweigaard.","Aliolewa na Marie Magdalene Schweigaard, binti ya Tellef Dahll Schweigaard, mjukuu wa mwanasiasa anayeongoza Christian Homann Schweigaard na shangazi wa Waziri Mkuu wa baadaye Anton Martin Schweigaard.",0
2402,"Mmiliki wa Nexct alikuwa Steen Brahe, kaka wa mtaalam wa nyota Tyge Brahe.","Mmiliki wa Nexct alikuwa Steen Brahe, kaka wa mtaalam wa nyota Tyge Brahe.",1
2403,Mto Seghe `` ni kijeshi cha Mto wa Olt huko Romania.,Mto wa Olt ni huduma ya mto Seghes huko Romania.,0
2404,"Usafirishaji wa anga hutolewa ndani na ndege ndogo huko New Bedford, Berkley, na uwanja wa ndege wa mkoa huko Taunton Mashariki.","Usafirishaji wa anga hutolewa ndani na ndege ndogo huko New Bedford, Berkley, na uwanja wa ndege wa mkoa huko Taunton Mashariki.",1
2407,"Toleo la Dunia 2 la Connor Hawke katika 52 mpya linafanana na Roy Harper zaidi ya mwenzake wa kabla ya `` flashpoint '', na ngozi nyepesi na nywele nyekundu.","Toleo la Dunia 2 la Connor Hawke katika mpya 52 linafanana na Roy Harper zaidi ya mtangulizi wake `` Flashpoint '', na ngozi nyepesi na nywele nyekundu.",0
2409,Inatumikia eneo la Panchkula la Jiji la Chandimandir.,Inatumikia eneo la Panchkula la Chandimandir Cantonment City.,1
2410,Iliuzwa kwa Lord Cromwell mnamo 1605 na kufanywa kwa Sir Francis Blundell mnamo 1636.,Iliuzwa kwa Lord Cromwell mnamo 1605 na ilikabidhiwa kwa Sir Francis Blundell mnamo 1636.,1
2414,"Ubunifu uliotengenezwa na wanawake wa Irani hauzuiliwi na muziki wa kitamaduni wa Magharibi. Kwa mfano, Lily Afshar anafanya kazi kwenye mchanganyiko wa muziki wa Kiajemi na Uajemi.","Ubunifu uliotengenezwa na wanawake wa Irani sio tu kwa muziki wa kitamaduni wa Magharibi, kwa hivyo Lily Afshar anafanya kazi kwenye mchanganyiko wa muziki wa Kiajemi na Uajemi.",1
2420,"Fossils, zinazopatikana mara kwa mara huko St. Louis, ni pamoja na Bryozoan - matumbawe '' lithostrotion `` na '' lithostrotionla `` na rugosan '' Fenestrellina ``.",Fossils zinazopatikana mara kwa mara huko St. Louis ni pamoja na matumbawe ya rugosan '' lithostrotion `` na '' lithostrotionla `` na Bryozoan '' Fenestrellina` `.,0
2424,"Mwambie baba yake, Zac MacGuire (Charlie Clausen) na Evie mara moja.","Mwambie mara moja baba yake, Charlie Clausen (Zac Macguire) na Evie.",1
2430,Mto Seghe `` ni kijeshi cha Mto wa Olt huko Romania.,Mto wa Olt ni huduma ya Mto wa Seghes huko Romania.,0
2437,"Autism inazungumza wadhamini na kusambaza filamu fupi `` autism kila siku '', iliyotengenezwa na Lauren Thierry na Eric Solomon.","Autism inazungumza na kusambaza filamu fupi `` autism kila siku '', iliyotengenezwa na Lauren Thierry na Eric Solomon.",1
2454,Earl St Vincent alikuwa meli ya Uingereza ambayo ilitekwa mnamo 1803 na kuwa mtu wa biashara ya Ufaransa.,Earl St Vincent alikuwa meli ya Ufaransa ambayo ilitekwa na kuwa mfanyabiashara wa Uingereza mnamo 1803.,0
2457,"Uchaguzi wa Seneti ya Merika ya Merika ya 1962 ulifanyika Novemba 6, 1962 kuchagua Carolina Kusini.","Uchaguzi wa Seneti ya Merika ya 1962 ulifanyika Novemba 6, 1962 kuchagua Carolina Kusini.",1
2462,Toleo lililofuata liliundwa na kaka wa Ron Robert Fuller mnamo 1986.,Toleo lililofuata liliundwa mnamo 1986 na kaka wa Ron Robert Fuller.,1
2463,"Kikundi hiki kilikuwa cha sauti zaidi katika kufuata kwake Ligi ya Wafanyikazi wa Ujamaa, na kwa mstari ulioongozwa na Gerry Healy na Kamati ya Kimataifa ya Uingereza.",Kikundi hiki kilikuwa sahihi zaidi katika kuingia kwake kwa Kamati ya Kimataifa na kwa mstari ulioongozwa na Gerry Healy na Ligi ya Wafanyikazi wa Ujamaa wa Uingereza.,0
2465,"Michael Kelly Smith hapo awali alikuwa hadi kuachiliwa kwake katika toleo la mapema la bendi ya Philadelphia Cinderella, na baadaye Tony Destra pia alicheza nao.",Michael Kelly Smith hapo awali alikuwa katika toleo la mapema la bendi ya Philadelphia Tony Destra hadi kuachiliwa kwake na baadaye Cinderella pia alicheza nao.,0
2469,"Mfululizo huo ulitolewa na Daniel Petrie, Jack Donohue, na Richard Irving na kuongozwa na Donald Davis na mkewe Dorothy Matthews na Rene Williams.","Mfululizo huo ulielekezwa na Daniel Petrie, Jack Donohue na Richard Irving na walitengenezwa na Donald Davis na mkewe Dorothy Matthews na Rene Williams.",0
2474,Utangulizi wa kidini wa Itaituba ni utangulizi wa eneo katika mji wa Itaituba katika mkoa wa Kirumi - Katoliki wa Belém do Pará huko Brazil.,Utangulizi wa eneo la Itaituba ni utangulizi wa eneo la Roma Katoliki ulioko katika mji wa Itaituba katika mkoa wa kanisa la Belém do Pará huko Brazil.,0
2481,Alihamia Philadelphia mnamo 2009 na sasa anaishi New York City.,Mnamo 2009 alihamia New York City na anaishi leo huko Philadelphia.,0
2487,"Kabla ya uhuru wake, Ufini ilikuwa Grand Duchy ya uhuru ndani ya Imperial Urusi.",Ufini ilikuwa Grand Duchy ya uhuru wa Urusi ya Imperial kabla ya uhuru wake.,1
2489,"Alifanya kwanza kamili katika PFG na Botev Plovdiv kwenye mechi dhidi ya Spartak Varna mnamo Machi 1, 2008, akicheza rasmi dakika 90.","Deni lake rasmi katika PFG lilikuwa na Botev Plovdiv kwenye mechi dhidi ya Spartak Varna mnamo 1 Machi 2008, alicheza dakika 90 kamili.",0
2490,Mto uliopendekezwa wa Mto wa Mahadayi (Mto wa Mandovi) na mradi wa mmea wa umeme wa hyroelectric ungesababisha kuzamishwa kwa Gavali au wote.,Mto uliopendekezwa wa Mto wa Mandovi (Mahadayi River) na mradi wa mmea wa umeme wa hyroelectric utasababisha kuzamishwa kwa baadhi au Gavali yote.,1
2493,"Katika mienendo ya maji ya kompyuta, njia ya MacCormack ni mpango wa kawaida wa discretization kwa suluhisho la sehemu ya hyperbolic ya hesabu za hesabu.","Katika mienendo ya maji ya computational, njia ya MacCormack ni mpango wa discretization unaotumiwa sana kwa suluhisho la sehemu ya hyperbolic ya hesabu za hesabu.",1
2496,"Alicheza Tres ya Cuba badala ya gita la Uhispania, na akaendeleza mbinu yake mwenyewe kwa gita hili la Cuba.",Alicheza Tres ya Cuba badala ya gita la Cuba na akaendeleza mbinu yake mwenyewe kwa gita hili la Uhispania.,0
2497,"Podkriváň ni kijiji na manispaa wilayani Detva, katika mkoa wa Banská Bystrica wa Central Slovakia.","Podkriváň ni kijiji na manispaa katika mkoa wa Banská Bystrica, katika wilaya ya Detva ya Slovakia ya kati.",0
2498,"Ikiwa uchaguzi wa bunge mnamo 1983 ungekuwa uchaguzi wa eneo hilo, mwanajamaa wa kushoto angepokea viti 8 bungeni.","Ikiwa uchaguzi wa mitaa wa 1983 ungekuwa uchaguzi wa bunge, Ujamaa wa kushoto angepokea viti 8 bungeni.",0
2506,Malta ni bay kwenye pwani ya kaskazini mashariki ya Balluta Bay ndani ya St. Julian.,Malta ni bay kwenye pwani ya kaskazini mashariki ya Balluta Bay ndani ya St. Julian.,1
2508,"Baada ya masomo yake ya msingi na sekondari huko Isparta, alikamilisha Shule ya Upili ya Pertevniyal huko Istanbul.",Baada ya masomo yake ya msingi na sekondari huko İstanbul alimaliza Shule ya Upili ya Pertevniyal huko Isparta.,0
2509,Alikufa mnamo 6 Januari 1976 huko Alicante na akazikwa katika Kanisa la Kanisa la Madrid.,Alikufa mnamo 6 Januari 1976 huko Madrid na akazikwa katika Kanisa la Alicante.,0
2514,"Dave Tomar ndiye jina la Ed Dante, mhitimu wa Rutger, sasa mwandishi wa uhuru anayeishi Philadelphia.","Ed Dante ndiye jina la Dave Tomar, mhitimu wa Rutgers, ambaye sasa anaishi kama mwandishi wa uhuru huko Philadelphia.",0
2532,"Mnamo Mei 1983, safari ya Uingereza na mpiga gitaa wa moja kwa moja Robin George alianza kwa maonyesho ya ziada.","Mnamo Mei 1983, safari ya Uingereza na mpiga gita wa ziada Robin George alianza kwa maonyesho ya moja kwa moja.",0
2535,"Ubunifu huu uliongezea kiwango cha juu cha uwezo wa mfumo wa BRT hadi abiria 35,000 kwa saa.","Pamoja na uvumbuzi huu, uwezo wa juu wa mfumo wa BRT uliongezeka hadi abiria 35,000 kwa saa.",1
2536,"Historia yake ya postmodernist ya falsafa ya Australia, `` Kuharibu Vijana '' (2003), alisifu utamaduni wa kweli wa Australia katika falsafa na kushambulia mwenendo wa mashairi na wa kawaida.","Historia yake ya postmodernist ya falsafa ya Australia, `` Kuharibu Vijana '' (2003), alisifu utamaduni wa kweli wa Australia katika falsafa na kushambulia mikondo ya kitamaduni na ya uhusiano.",1
2539,"Duminda Silva, anayejulikana pia kama Arumadura Lawrence Romelo Duminda Silva na R. Dumindha Silva, ni mwanasiasa wa Sri Lankan na mbunge wa zamani wa Bunge.","Arumadura Lawrence Romelo Duminda Silva, anayejulikana pia kama Duminda Silva na R. Dumindha Silva, ni mwanasiasa kutoka Sri Lanka na mbunge wa zamani wa Bunge.",1
2540,"Kama sehemu ya Mawasiliano ya Shaw 'kuchukua vituo vya televisheni vya CanWest, Shaw aliahidi kuzindua habari za asubuhi kwenye vituo kadhaa vya ulimwengu, pamoja na CKMI.","Kama sehemu ya ofa ya Mawasiliano ya Shaw kuchukua mali ya televisheni ya Canwest, Shaw aliahidi kuzindua matangazo ya asubuhi kwenye vituo kadhaa vya ulimwengu, pamoja na CKMI.",1
2541,Mfululizo basi hubadilika karibu kila mahali.,Mfululizo hubadilika karibu kila mahali.,1
2551,"Mnamo 1963, Roy alijiunga na Chama cha Kikomunisti cha India na kusababisha harakati za umoja wa wafanyikazi huko Bansdroni huko Kolkata.","Mnamo 1963, Roy alijiunga na Chama cha Kikomunisti cha India na kusababisha harakati za umoja wa wafanyikazi huko Kolkata, eneo huko Bansdroni.",0
2561,"Rõuge Valgjärv ni ziwa katika kaunti ya kusini mashariki mwa Voru, karibu na mpaka na Estonia.","Rõuge Valgjärv ni ziwa katika kaunti ya kusini mashariki mwa Voru huko Estonia, karibu na mpaka na Latvia.",0
2563,Ilichapishwa na mkewe Stella Gemmell kufuatia kifo chake mnamo 28 Julai 2006 na kumaliza chini ya uandishi wa pamoja wa David na Stella Gemmell.,"Ilimalizika na mkewe Stella Gemmell baada ya kifo chake mnamo Julai 28, 2006 na kuchapishwa chini ya uandishi wa pamoja wa David na Stella Gemmell.",0
2565,"Jengo kuu la Houston (HMB) mapema jengo la Prudential lilikuwa skyscraper katika Kituo cha Matibabu cha Texas huko Houston, Texas.","Jengo la Prudential (HMB) ambalo zamani liliitwa Jengo kuu la Houston, lilikuwa skyscraper katika Kituo cha Matibabu cha Texas, Houston, Texas.",0
2569,"Cai Feng pia alikuwa na mtoto wa kiume, Cai Mao.","Pia Cai Mao alikuwa na mtoto wa kiume, Cai Feng.",0
2573,Kutumia hypotheses ya uchambuzi mtaalam wa lugha anaweza kuunda sentensi mpya na kuunda mwongozo wa tafsiri.,Mtaalam wa lugha anaweza kutumia hypotheses mpya kuunda sentensi za uchambuzi na kuunda mwongozo wa tafsiri.,0
2581,Sarah Paulson alisifu mfululizo huo na akaita picha ya Marcia Clark ya `` jambo la kushangaza. '',Sarah Paulson alisifu mfululizo huo na akaita uwasilishaji wa Marcia Clark wa `` uzushi ''.,1
2584,"Kulingana na Tobe na Gunnar Hansen, sababu iliyomfanya avae mask ni kwamba mask aliamua kweli tabia yake.","Kim alitoa maoni: `` Sababu alivaa mask, kulingana na Tobe na Gunnar Hansen, ilikuwa kwamba mask aliamua kweli utu wake ''.",1
2586,"Lang alizaliwa huko Australia, alihamia Israeli kama kijana na akakaa hapo mnamo 1961.","Lang alizaliwa huko Israeli, alihamia Australia kama kijana na akakaa hapo mnamo 1961.",0
2587,Kathy Kathy na mumewe Peter Dean (Pete Beale) ni thabiti kifedha.,Kathy na mumewe Peter Dean (Pete Beale) wako sawa kifedha.,1
2589,"ACVM iko katika Edinburgh na ina ofisi katika Glasgow, Aberdeen, Newcastle, Manchester na Milton Keynes.","ACVM imeelekezwa huko Edinburgh na ina ofisi katika Glasgow, Aberdeen, Newcastle, Manchester na Milton Keynes.",1
2594,"Na Terry kama Ophelia na Portia, alifufua `` Hamlet '' na akatengeneza `` Merchant of Venice '' (1879).",Na Terry kama Ophelia na Portia amefufua `` Hamlet '' na `` Merchant of Venice '' (1879).,1
2599,"Taa katika Louvre - uchoraji ni laini na inaonekana joto, lakini hii inaweza kuwa matokeo ya sauti ya varnish juu ya uso.","Taa katika uchoraji wa Louvre ni joto na inaonekana laini, lakini hii inaweza kuwa matokeo ya sauti ya varnish kwenye uso.",0
2602,"Kifuniko kiliondolewa tu na watazamaji wenye bahati, kwa hivyo picha hizi zinaweza kuwa za karibu zaidi.","Kifuniko kiliondolewa tu na watazamaji wa karibu, kwa hivyo picha hizi zinaweza kuwa na bahati nzuri.",0
2604,"Kama Opels zingine za wakati huo, lita 2 ilibuniwa na kuandaliwa na kampuni ya mzazi wa mtengenezaji, General Motors, Amerika Kaskazini kwa Opel.","Kama Opels zingine za kipindi cha lita 2 zilibuniwa na kuendelezwa kwa OPEL na kampuni ya mzazi wa mtengenezaji, General Motors, Amerika Kaskazini.",1
2608,"Abiria wa ndege walikuwa Kanali Luteni Donald Grant Millard, Kapteni Gerald K. Hannaford na Kapteni John F. Lorraine.","Wakaaji wa ndege hiyo walikuwa Luteni Kanali Gerald K. Hannaford, Kapteni Donald Grant Millard na Kapteni John F. Lorraine.",0
2609,"Halafu ikilinganishwa na mpango wa WB na njama kama hiyo, `` fanya zaidi ya '', `` ambayo mara nyingi '' ilifutwa baada ya vipindi viwili tu.","Basi ililinganishwa na mpango wa WB na njama kama hiyo `` fanya zaidi ya '', `` ambayo mara nyingi ilikuwa '' baada ya sehemu mbili tu.",1
2616,Mfululizo wa kwanza ulirekodiwa na wakosoaji bora kuliko wa pili.,Mfululizo wa kwanza ulipokelewa bora na wakosoaji kuliko wa pili.,1
2623,Jengo hilo lilianza nusu ya pili ya karne ya kwanza au angalau miaka hamsini baada ya msingi wa Kaisarodunum (Ziara).,"Ujenzi huo ulianza nusu ya pili ya karne ya kwanza, au angalau miaka hamsini baada ya kuanzishwa kwa Kaisarodunum (Ziara).",1
2626,"Mnamo tarehe 20 Februari 1959, Waziri Mkuu John Diefenbaker alikamilisha mradi huo na mishale mitano ilikamilishwa.","Mnamo Februari 20, 1959, Waziri Mkuu John Diefenbaker alisitisha mradi huo na mishale mitano iliyokamilishwa ilikamilishwa.",1
2628,"Baba yake alikufa wakati wa ujana wake, na mama yake, Samuel Adams, alifunga ndoa na Catherine A. Fagan mnamo 1842, ambaye baadaye alikua gavana wa Arkansas miaka miwili baadaye.","Baba yake alikufa wakati wa ujana wake na mama yake, Samuel Adams, mnamo 1842 alifunga ndoa na Catherine A. Fagan, ambaye alikua gavana wa Arkansas miaka miwili baadaye.",1
2639,Kama moja wapo ya vitengo vilivyofunzwa bora na vifaa vya jeshi la Italia Alpini Paracadutisti wamehudumu hivi karibuni nchini Afghanistan na kampuni moja inapelekwa Iraqi kila wakati.,"Kama moja wapo ya vitengo bora vya mafunzo na vifaa vya Jeshi la Italia, Alpini Paracadutisti hivi karibuni wamehudumu nchini Iraqi na kampuni inatumwa kila wakati nchini Afghanistan.",0
2640,"Timu ya kimataifa ya squash ya wanawake wa Uhispania inawakilisha Uhispania katika mashindano ya timu ya squash ya kitaifa, na inasimamiwa na Real Federación Española de squash.",Timu ya kitaifa ya wanawake wa Uhispania inawakilisha Uhispania katika mashindano ya timu ya kimataifa ya squash na inasimamiwa na Real Federación Española de squash.,0
2643,Ambapo `` g '' inaonyesha kiwango cha Newton na formula _ 4 ni hali ya mara kwa mara ya uwanja wa mambo.,Ambapo `` g '' Newton inaonyesha na formula 4 ni hali ya mara kwa mara ya uwanja wa nyenzo.,1
2647,"Mnamo Aprili 30, 1983, C-311 ambayo ilipewa Nas Jacksonville, Cuba, huko Nas Guantanamo Bay iligonga na kupoteza maisha 13.","Mnamo tarehe 30 Aprili 1983, C-131 alipewa Nas Jacksonville, Cuba ilianguka huko Nas Guantanamo Bay na kupotea kwa maisha 13.",1
2652,"Watetezi wa taji walikuwa Brian Gottfried na Raúl Ramirez na walishinda katika fainali na 6 - 3, 6 - 3 dhidi ya Tian Viljoen na Danie Visser.","Brian Gottfried na Raúl Ramirez walikuwa mabingwa watetezi na walishinda katika fainali 6 - 3, 6 - 3 dhidi ya Tian Viljoen na Danie Visser.",1
2656,Dharmendra Yadav wa RJD alishinda Poonam Devi anayewakilisha JDU mnamo 2000.,"2000 alishinda Dharmendra Yadav wa RJD Poonam Devi, anayewakilisha JDU.",0
2658,"Akawa mama wa Val, Boris na Rosalind Lorwin, binti yake alikuwa profesa wa saikolojia.","Akawa mama wa Val, Boris na Rosalind Lorwin. Binti yake alikuwa profesa wa saikolojia.",1
2669,"Albamu hiyo ilirekodiwa huko Los Angeles, California na Aníbal Kerpel. Iliyochanganywa katika masomo ya `` La Casa '' huko Los Angeles.","Albamu hii ilirekodiwa huko Los Angeles, California na Aníbal Kerpel, iliyochanganywa katika masomo ya `` La Casa '' huko Los Angeles.",1
2672,"Moja ilitolewa kwenye Radio Airplay huko Italia mnamo Oktoba 12, 2012, na ilisafirishwa ulimwenguni mnamo 3 Desemba 2012.",Moja ilitumwa kwa Radio Airplay mnamo 12 Oktoba 2012 huko Italia na kuchapishwa mnamo 3 Desemba 2012 ulimwenguni.,0
2677,"Jiji liko mwisho wa magharibi wa `` Horta de València '', kwenye benki ya kulia ya mto Turia.","Jiji liko katika benki ya kulia ya `` Horta de València '', kwenye pwani ya magharibi ya mto Turia.",0
2682,"Mnamo Septemba 22, 1918 ujumbe wa kwanza wa wireless wa wireless kwa Snowdonia ulitumwa kutoka Australia.","Mnamo Septemba 22, 1918, Snowdonia ilituma ujumbe wa kwanza wa telegraph kwa Australia.",0
2689,Martin Gould alishinda fainali 1 - 0 (104 - 0) dhidi ya Mark Allen.,Mark Allen alishinda 1: 0 (104: 0) fainali dhidi ya Martin Gould.,0
2690,"Mnamo 1982, ilihamisha shughuli zake kuu kwenda Chicago na Los Angeles mnamo 1995.","Mnamo 1982, ilihamisha shughuli zake kuu kwenda Chicago na mnamo 1995 kwenda Los Angeles.",1
2694,"Alikuwa mama wa Val, Boris na Rosalind Lorwin. Binti yake alikua profesa wa saikolojia.","Alikuwa mama wa Val, Boris na Rosalind Lorwin, binti yake alikua profesa wa saikolojia.",1
2696,"Alisafiri kutoka Galveston, Texas mnamo 12 Septemba 1943 na alifika Key West mnamo 16 Septemba.","Alisafiri kutoka Key West mnamo 12 Septemba 1943 na alifika mnamo 16 Septemba huko Galveston, Texas.",0
2700,"Aliuawa kwa uhalifu wake saa 9: 55 asubuhi mnamo 3 Mei 1947, dakika 24 baada ya Elisabeth Marschall, na Albert Pierrepoint katika Gereza la Hameln.","Aliuawa mnamo 3 Mei 1947, dakika 24 baada ya Elisabeth Marschall, na Albert Pierrepoint katika gereza la Hameln kwa uhalifu wake saa 9: 55.",1
2707,Yule `` Mfalme George '' inaweza kuwa meli ya kwanza kama moja au ya nne au zote mbili.,"Yule `` Mfalme George '' inaweza kuwa chombo cha kwanza kama moja au ya nne, au zote mbili, za hizo mbili.",1
2709,"Baada ya raundi ya kwanza ya duwa, Heine Totland aliwapiga Skanksters kukutana na Gaute Ormåsen katika mzunguko wa pili, ambaye alishinda Bjørn Johan Muri.","Baada ya raundi ya kwanza ya duels Bjørn Johan Muri alishinda Skanksters kukutana na Gaute Ormåsen, ambaye alimpiga Heine Totland, katika mzunguko wa pili.",0
2716,Merganser ya Brazil (`` Mergus octosetaceus '') ni bata katika genus ya kawaida ya Merganser.,Merganser ya Brazil (`` Mergus octosetaceus '') ni bata katika genus ya kawaida ya Merganian.,1
2718,Aamir Khan alikubali kuchukua hatua mara baada ya kusoma picha ya Mehra katika `` rang de basanti ''.,Mehra mara moja alikubali kufanya biashara katika `` rang de basanti '' baada ya kusoma hati ya Aamir Khan.,0
2726,"Adamsville imepakana na magharibi mwa Coleman, mashariki na Kata ya Ziwa, kaskazini mwa Wildwood na kusini na Sumterville.","Adamsville imepakana na magharibi na Coleman, mashariki mwa Sumterville, kaskazini mwa Wildwood na kusini na Kata ya Ziwa.",0
2727,"Katika mwendelezo wa kweli, Superman katika `` mwana wa mwisho '' hukutana na zod ya sasa kwa mara ya kwanza.","Katika mwendelezo wa sasa, Superman katika `` mwana wa mwisho '' hukutana na Zod ya kweli kwa mara ya kwanza.",0
2729,"Amri muhimu na sababu za kushikamana, ni:",Amri inayoshikamana na ushawishi ni mambo muhimu:,0
2734,Merganian wa kawaida (`` Mergus octosetaceus '') ni bata katika genus ya Brazil Merganser.,Merganser ya Brazil (`` Mergus octosetaceus '') ni bata katika genus ya kawaida ya Merganian.,0
2742,Tangu 1984 Blake ameolewa na Patricia Meyer na wana watoto wawili: Ryan (amezaliwa 1988) na Dale (amezaliwa 1992).,Dale ameolewa na Patricia Meyer tangu 1984 na kwa pamoja wana watoto wawili: Ryan (amezaliwa 1988) na Blake (amezaliwa 1992).,0
2743,Ilikuwa msimu wa tatu uliotangazwa zaidi ya miaka miwili baada ya toleo la familia na zaidi ya miaka mitatu baada ya toleo la kwanza la mtu Mashuhuri.,Ilikuwa msimu wa kwanza kutoa hewa zaidi ya miaka miwili baada ya toleo la familia na zaidi ya miaka mitatu baada ya toleo la tatu la mtu Mashuhuri.,0
2749,"Makatibu wa zamani walikuwa John Mackay, ambaye alipokea MBE kwa huduma kwa kilimo cha maua cha Scottish, Alison Murison, Tom Mabbott, na Dk John Maclennan.","Makatibu wa zamani ni pamoja na John Mackay, ambaye alipokea MBE kwa huduma kwa kilimo cha maua cha Scottish, Alison Murison, Tom Mabbott na Dk. John Maclennan.",1
2753,Sauti imeandikwa na kurekodi moja kwa moja kwa dijiti (kwa hivyo ubora wa sauti unadumishwa).,Sauti inadumishwa na kurekodi moja kwa moja kwa dijiti (kwa hivyo ubora wa sauti umeandikwa).,0
2755,Mto wa Bresnic ni kijeshi cha Mto wa Slatina huko Romania.,Mto Slatina ni kijeshi cha Mto wa Bresnic huko Romania.,0
2758,"Françoise Dürr alishinda Goolagong Evonne 6: 4, 6: 2","Evonne Goolagong alishinda Françoise Dürr na 6 - 4, 6 - 2.",0
2760,"Jiji la Dakota ni sehemu ya eneo la takwimu la Metropolitan la Jiji la Sioux, IA - NE, SD.","Jiji la Dakota ni sehemu ya eneo la NE - Sioux, IA - eneo la takwimu la Metropolitan.",0
2762,"Kuanzia 1863 hadi 1866, Dunedin na vitongoji kaskazini walikuwa wapiga kura wa bunge katika mji wa Dunedin, Otago, New Zealand, na alikuwa wapiga kura wa wanachama wengi.","Otago, New Zealand na vitongoji Kaskazini vilikuwa wapiga kura wa bunge katika mji wa Dunedin huko Dunedin kutoka 1863 hadi 1866. Ilikuwa wapiga kura wa wanachama wengi.",0
2765,Adhabu ya bibilia ni baraka hasi kwa maana yake rasmi.,"Hukumu ya bibilia, kwa maana yake rasmi, ni baraka hasi.",1
2773,"Mnamo mwaka wa 2011 alichapisha pia wasifu wa mwimbaji Madonna aliyeitwa `` Mad for Madonna. Malkia wa Pop '', aliandika Mchapishaji wa Castelvecchi.","Mnamo mwaka wa 2011 aliandika pia wasifu wa mwimbaji Madonna aliyeitwa `` Mad kwa Madonna the Malkia wa Pop '', iliyochapishwa na Mchapishaji wa Castelvecchi.",0
2776,Lito alichezea mpira wa Zingone Club.,Zingone alicheza mpira wa kilabu kwa Lito.,0
2777,"Kiti kilikuwa na jezi ya kijani na kola ya bluu, kaptula za bluu na soksi nyeupe.","Kiti kilikuwa na jezi ya kijani na kola nyeupe, kaptula za bluu na soksi za bluu.",0
2779,"Kifuniko kiliondolewa tu na watazamaji wenye bahati, kwa hivyo picha hizi zinaweza kuwa za karibu zaidi.","Kifuniko kiliondolewa tu kutoka kwa watazamaji wenye bahati, kwa hivyo picha hizi zinaweza kuwa za karibu zaidi.",1
2780,"Waliandaliwa na Namco Bandai na kuchapishwa na CyberConnect2, kuanzia na `` Naruto: Ultimate Ninja '' mnamo 2005.",Waliandaliwa na Namco Bandai na kuchapishwa na CyberConnect2 kuanzia na `` Naruto: Ultimate Ninja '' mnamo 2005.,1
2781,"Katiba ya kikabila ya kijiji ilikuwa 98.8 % nyeupe, 0.6 % Asia, 0.2 % Asili ya Amerika na 0.4 % ya jamii mbili au zaidi.","Ubunifu wa rangi ya kijiji ilikuwa 98.8 % nyeupe, 0.6 % Asia, 0.2 % Asili ya Amerika, na 0.4 % kutoka kwa jamii mbili au zaidi.",1
2790,Hali ya mkoa wa kusini wa Kurdufan wa Milima ya Nuba na Blue Nile ni wazi wazi kwani data ya kikabila ni ngumu zaidi.,"Hali ya mkoa wa Kordofan Kusini wa Nuba - Milima na Blue Nile ni wazi, kwani data ya kikabila ni ngumu zaidi.",1
2792,"Mfululizo huo ulijadiliwa Aprili 18, 2009 huko New Zealand kupitia Nickelodeon (Australia na New Zealand).","Mfululizo huo ulijadiliwa huko Australia mnamo Aprili 18, 2009 kupitia Nickelodeon (New Zealand na New Zealand).",0
2793,"Moja ilitangazwa mnamo Oktoba 31, 2015 na itatolewa Novemba 13, 2015.","Moja ilitangazwa mnamo 31 Oktoba 2015 na ilitolewa mnamo Novemba 13, 2015.",1
2798,"Angepanda usiku huo hadi kituo kilicho magharibi mwa Tecumseh, kisha akarudi Violet Springs na farasi mwingine kabla ya majirani zake kuwa na mashaka.","Angerudi kituo kuelekea magharibi mwa Tecumseh usiku huo, na kisha akapanda na farasi mwingine kwenda Violet Springs kabla ya majirani zake kuwa na mashaka.",0
2805,"Alexander Alexander alikuwa bingwa wa wimbo wa 1978 na 1992 katika mbio za kihistoria za Nashville International, sasa inajulikana kama Fairgrounds Speedway.","Alexander alikuwa bingwa wa wimbo wa 1978 na 1992 katika uwanja wa kihistoria wa Fairgrounds, ambao sasa unajulikana kama Nashville International Raceway.",0
2812,"McCall na Lesiuk waliacha bendi hiyo katika msimu wa joto wa 2007, na McCall ikibadilishwa na Steven Tosh kwenye ngoma na Jamie MacLeod alichukua kazi za bass.",McCall na Lesiuk waliacha bendi hiyo katika msimu wa joto wa 2007 na McCall ikibadilishwa na Jamie MacLeod kwenye ngoma na Steven Tosh akichukua majukumu ya bass.,0
2815,Wimbo wa `` astrud '' juu ya Gilberto; S 1987 Albamu `` Wakati na Tide '' ni zawadi kwa Basia Trzetrzelewska.,"Nyimbo ya `` astrud '' kwenye albamu ya Gilberto's 1987, `` Wakati na Tide '', ni zawadi kwa Basia Trzetrzelewska.",1
2820,Alexandra Coppinger alichukua jukumu la dada mdogo kabisa Hazel katika kipindi kipya cha Televisheni '' Dead Gorgeous ''.,Hazel alicheza jukumu la dada mdogo Alexandra Coppinger katika safu mpya ya Runinga '' Dead Gorgeous ''.,0
2824,"Propilidium Pelseneeri ni spishi ya konokono ya bahari, limpet ya kweli, mollusk ya kweli ya gastropod katika familia ya Lepetidae, moja ya familia za limpets za baharini.","Propilidium Pelseneeri ni spishi ya konokono ya bahari, limpet ya kweli, mollusk ya baharini katika familia ya Lepetidae, moja ya familia za limpets za kweli.",0
2827,"Bradd Crellin aliwakilisha Barla Cumbria kwenye ziara ya Australia na wachezaji wengine 6 wanaowakilisha Briteni, pia kwenye ziara ya Australia.",Bradd Crellin pia aliwakilisha Barla Great Britain kwenye ziara ya Australia kwenye ziara ya Australia na wachezaji wengine 6 wanaowakilisha Cumbria.,0
2833,Iliachiliwa mnamo 22 Desemba 2011 na ilitangazwa mnamo Februari 2012.,"Ilisajiliwa mnamo Desemba 22, 2011 na ilitolewa mnamo Februari 2012.",0
2834,"Tabia hiyo na utaftaji ilifunuliwa mnamo Novemba 20, wakati Fotiou alionekana kwenye video ya nyuma ya picha iliyotolewa na `` Majirani '' kwenye kituo chao cha YouTube.","Tabia hiyo na kutupwa ilifunuliwa mnamo Novemba 20, wakati Fotiou aliachiliwa kwenye kituo chake cha YouTube kwenye video iliyoonekana na `` Majirani '' nyuma ya pazia.",0
2850,"Wakati kutengwa kwa wachezaji weusi haikuwa sheria iliyoandikwa, tangu 1933 hakuna Kiafrika - Amerika ilikuwa imechezwa kwenye Ligi ya Soka ya Kitaifa.","Wakati kutengwa kwa wachezaji wa Kiafrika haikuwa sheria iliyoandikwa, tangu 1933 hakuna mweusi wa Amerika aliyecheza kwenye Ligi ya Soka ya Kitaifa.",0
2855,Timu ya asili ilitengenezwa na mwandishi Sal Buscema na msanii Roy Thomas katika `` The Avenger '' # 71 (Desemba 1969).,Timu ya asili iliundwa na mwandishi Roy Thomas na msanii Sal Buscema katika `` The Avenger '' # 71 (Desemba 1969).,0
2863,Kuna idadi ya tofauti za kisasa huunda jadi `` Suikinkutsu ''. Orodha hapa chini inaonyesha uwezekano wa kisasa `` Suikinkutsu ''.,Kuna tofauti kadhaa za kisasa ambazo zinaunda `` Suikinkutsu '': orodha ifuatayo inaonyesha uwezekano wa jadi `` Suikinkutsu ''.,0
2867,"Beddgelert ni ziwa karibu na Llyn Dinas, Gwynedd huko North Wales. Imeundwa na Mto Glaslyn.","Llyn Dinas ni ziwa karibu na Beddgelert, Gwynedd huko North Wales, na huundwa na Mto Glaslyn.",0
2871,Iliundwa na wasanifu Philip Johnson (alumnus wa Chuo Kikuu) na John Burgee mnamo 1983.,Iliundwa mnamo 1983 na wasanifu John Burgee (Chuo Kikuu cha Alumnus) na Philip Johnson.,0
2873,"Sehemu ya kwanza, kutoka Hokitika hadi Ruatapu, ilikamilishwa mnamo 9 Novemba 1906, na mnamo 1 Aprili 1909 mstari kamili ulifunguliwa kwa Ross.","Sehemu ya kwanza, kutoka Hokitika hadi Ruatapu, ilikamilishwa mnamo 9 Novemba 1906, na mstari kamili wa Ross ulifunguliwa mnamo 1 Aprili 1909.",1
2878,"Mnamo 1781, Illinois - Gavana Thomas Jefferson Clark alikuza Brigadier Mkuu na kumpa amri ya wanamgambo wote katika kaunti za Kentucky na Virginia.","Mnamo 1781, Gavana wa Virginia Thomas Jefferson alimkuza Clark kwa Brigadier General na akampa amri ya wanamgambo wote katika kaunti za Kentucky na Illinois.",0
2879,Alibaki Krzemieniec baada ya kustaafu na akafa hapo.,"Baada ya kustaafu, alibaki Krzemieniec na akafa hapo.",1
2882,Cabo Cassiporé ni ukuzaji mpana kuelekea mashariki mwa Mto wa Chini.,Cabo Cassiporé ni ukuzaji mkubwa juu ya mashariki mwa mlango wa chini wa mto.,0
2890,"Binti wa pili wa Octavius ​​Warre Malet, Alice Anna Catherine, alifunga ndoa na Thomas mnamo tarehe 24 Juni 1852 katika Ubalozi wa Uingereza, Cologne.","Alice Anna Catherine, binti wa pili wa Octavius ​​Warre Malet, alifunga ndoa na Thomas katika Ubalozi wa Uingereza huko Cologne mnamo Juni 24, 1852.",1
2891,"Lee amecheza kitaaluma huko Ugiriki, Urusi, Italia, Ufaransa, Puerto Rico, Ureno na Indonesia. Ameshinda ubingwa wa kitaifa huko Indonesia na Ugiriki.","Amecheza kitaaluma nchini Italia, Urusi, Ugiriki, Ufaransa, Indonesia, na Ugiriki, kushinda ubingwa wa kitaifa huko Puerto Rico, Ureno, na Indonesia.",0
2894,Huu ni mtindo rasmi wa kutumikia na kula chakula kinachofanywa katika mahekalu ya Zen.,Hii ndio njia rasmi ya kutumikia na kula chakula kinachofanywa katika Zen - mahekalu.,1
2900,"Yeye ni mpokeaji, na Martin Hansen (Lucas), wa kifahari cha Carnegie Scholarship kwa hisabati.",Na Martin Hansen (Lucas) yeye ni mwanzilishi mwenza wa kifahari cha Carnegie Scholarship kwa Hisabati.,1
2908,Mtaa wa Canal ulifunguliwa mnamo 1790 na barabara ilipewa jina la Mfereji wa Oxford wa 1870.,Mfereji wa Oxford ulifunguliwa mnamo 1790 na barabara iliitwa Canal Street karibu 1870.,0
2913,Huu ni mtindo rasmi wa kutumikia na kula chakula kinachofanywa katika mahekalu ya Zen.,Hii ndio mtindo wa kutumikia na kula unaofanywa katika mahekalu rasmi.,0
2917,"Mnamo mwaka wa 1999 na 2003 alikua bingwa wa ndani, na Jarno Jokihaara na Marko Ritola, mnamo 2003 alikua bingwa wa Kifini.","Alikua bingwa wa Kifini mnamo 1999 na 2003, akigombana na Jarno Jokihaara na Marko Ritola. Pia alikua bingwa wa ndani mnamo 2003.",0
2921,Mkurugenzi wa uandishi wa habari ni Héctor Cossio López na mkurugenzi msaidizi ni Iván Weissman.,Mkurugenzi wa uandishi wa habari ni Iván Weissman na yeye ndiye mkurugenzi msaidizi wa Héctor Cossio López.,0
2924,"Barabara hiyo ilifutwa mnamo Oktoba 18, 1954, wakati FM 1241 iliongezwa.","Barabara kuu iliongezwa Oktoba 18, 1954, wakati FM 1241 ilifutwa.",0
2928,Mistari miwili inafanya kazi kwenye Line ya Bonde la Dearne kila siku kwenda York na Sheffield.,Huduma mbili kila siku zinafanya kazi kwenye mstari wa Sheffield kwenda York na Dearne Valley.,0
2940,Tofauti iliyopewa kulingana na formula _ 7 kurudi kwa intraday hufafanuliwa na formula _ 8 ambapo kurudi kwa intraday kunaweza kupatikana na,"Tofauti inayopatikana kulingana na formula 7 intraday - kurudi hutolewa na Mfumo 8, na intraday - inarudishwa na",0
2943,"Wafanyabiashara wa Kirumi kutoka mkoa wa Nanjing, walitembelea Nanyue mnamo 166, Syria mnamo 226, na Luoyang mnamo 284.","Nanyue walitembelea wafanyabiashara wa Kirumi 166 kutoka mkoa wa Nanjing, 226 Syria na 284 Luoyang.",1
2948,Mahitaji kama hayo ya adhabu yalionyeshwa na mwanahistoria Nicolae Iorga na mwanasiasa na mwanasiasa wa Fascist Octavian Goga.,"Mahitaji kama hayo ya adhabu yalitolewa na mwanahistoria Octavian Goga, na na mwanasiasa wa mshairi na mwanasiasa Nicolae Iorga.",0
2952,"Katika Alcamo aya 12 zinabadilishwa kwa njia hii: moja imeimbwa, nyingine ilisema.","Katika Alcamo aya 12 zimebadilishwa kwa njia hii: moja imeimbwa, nyingine inasemekana.",1
2956,Taylor alibaki hai hadi kifo chake kama skauti kwa Chicago White Sox na Milwaukee na Atlanta Braves kwenye baseball.,Taylor alibaki hai katika baseball kama skauti kwa Chicago White Sox na Milwaukee na Atlanta Braves hadi kifo chake.,1
2958,"Ján Sokol (amezaliwa 9 Oktoba, 1933) ni Askofu wa zamani na Askofu Mkuu wa Slovak wa Trnava.","Ján Sokol (amezaliwa Oktoba 9, 1933) ni Askofu wa Kislovak na Askofu Mkuu wa zamani wa Trnava.",0
2963,Ligi ya Bara ilikuwa jaribio kubwa la mwisho la kuunda ligi mpya ya vilabu vikuu vya tatu.,Ligi ya Bara ilikuwa jaribio kubwa la mwisho la kuunda ligi kuu ya tatu yenye vilabu vipya.,0
2965,"Mnamo 1884, alifunga ndoa na Robert William Foster Welch, ambaye alihamia Southampton mnamo 1903 kabla ya kumuoa Philip Braham (daktari) mwaka mmoja baadaye.",Mnamo 1884 alioa Robert William Foster Welch. Alihamia Southampton mnamo 1903 kabla ya kumuoa Philip Braham (daktari) mwaka mmoja baadaye.,1
2967,"Páll Pálsson aliajiriwa huko Iceland mnamo 1867, na watoto wa viziwi wa Kiaislandi wanahudhuria shule huko Copenhagen.","Páll Pálsson, aliajiriwa huko Copenhagen mnamo 1867. Watoto wa viziwi wa Kiaislandi walihudhuria shule huko Iceland.",0
2971,"Nvidia Titan V ilitangazwa rasmi na Nvidia mnamo Desemba 7, 2017.","Mnamo tarehe 7 Desemba 2017, Nvidia ametangaza rasmi Nvidia Titan v.",1
2972,"Ni mdogo na mji wa Sheshequin kuelekea Mashariki, Jiji la Roma mashariki na kusini, mji wa Athene kusini na mji wa Windham magharibi.","Ni mdogo na Windham Township upande wa mashariki, mji wa Roma mashariki na kusini, mji wa Sheshequin kusini na mji wa Athene magharibi.",0
2974,"Mmiliki wa ardhi wakati huo alikuwa Bwana Leslie Vernon Calcutt, na alikubali kukodisha kwa miaka 99 na Bw Johnson.","Wakati huo, mmiliki wa nchi hiyo alikuwa Bwana Johnson, na alikubali kukodisha kwa miaka 99 na Bwana Leslie Vernon Calcutt.",0
2979,Mto wa Măgheruş ni kijeshi cha Mto Giuroc huko Romania.,Mto Giuroc ni huduma ya Mto Măgheru huko Romania.,0
2981,Binti wa Sumavalli anapendana na Gopalan.,Binti wa Nair Sumavalli anapenda Gopalan.,0
2984,"Mnamo Septemba 22, 1918 Ujumbe wa kwanza wa Telegraph ya Wireless kwenda Australia ulitumwa kutoka Snowdonia.","Mnamo Septemba 22, 1918, mawasiliano ya kwanza ya Telegraph ya Wireless yalitumwa kwa Snowdonia kutoka Australia.",0
2992,Rainbach Im Inngreis ni manispaa katika wilaya ya Schärding katika jimbo la Austria la Austria.,Rainbach Im Inngreis ni manispaa katika wilaya ya Schärding katika jimbo la Upper Austria.,1
2996,"Fusako Shigenobu ni mama wa Mei Shigenobu wa kitaifa wa Japani, mwandishi wa habari.","Fusako Shigenobu ni mama wa raia wa Japan Mei Shigenobu, mwandishi wa habari.",1
2997,"Saragyugh (pia aliinuliwa kama Saragyukh; zamani, Darakoy, Darakey, na Daragyukh) ni kijiji katika mkoa wa Shirak wa Armenia.","Saragyukh (pia inajulikana kama Saragyukh Kirumi; zamani Darakoy, Darakey na Daragyukh) ni kijiji katika mkoa wa Shirak wa Armenia.",1
3002,"Katika Catanduanes, Albay, majimbo ya Luzon, Sorsogon, Masbate, Kisiwa cha Burias na Kisiwa cha Ticao zimesasishwa hadi hapana.","Katika Catanduanes, Albay, majimbo ya Luzon, Sorsogon, Masbate, Kisiwa cha Burias, na Kisiwa cha Ticao ziliboreshwa hadi hapana.",1
3004,Yeye ndiye mjomba wa mwanamuziki Tal Bachman na baba wa Ryder Bachman.,Yeye ndiye mjomba wa mwanamuziki Tal Bachman na baba kwa Ryder Bachman.,1
3005,"Longo alizaliwa huko Jersey City, New Jersey, na alihudhuria Shule ya Upili ya Marist huko Bayonne, New Jersey, na katika Chuo Kikuu cha Rhode Island.","Longo, mzaliwa wa Bayonne, New Jersey, alitembelea Shule ya Upili ya Marist huko Jersey City, New Jersey na Chuo Kikuu cha Rhode Island.",0
3010,Alifanya pia pamoja na Billy Wilder katika mchezo wa kimapenzi wa William Holden `` Fedora '' 1978.,Alifanya pia pamoja na Billy Wilder katika mchezo wa kimapenzi wa William Holden 1978 `` Fedora ''.,1
3012,Hii ilikuwa ya tatu ya hoteli tatu za darasa la kwanza zilizojengwa katika Wilaya ya Biashara ya Kati.,Hii ilikuwa ya kwanza ya hoteli tatu za darasa la tatu kujengwa katika Wilaya ya Biashara ya Kati.,0
3013,Bwawa ni takriban mita 110 kwa urefu na ncha yake ni karibu mita 5 kwa upana.,Bwawa ni takriban mita 110 kwa urefu na juu yake ni karibu mita 5 kwa upana.,1
3017,Bi Glad alikuwa amefanya kazi huko Ovamboland mnamo 1901 - 1919 na 1926 - mnamo 1936 na alikuwepo kama mhakiki wa kwanza wa shule.,"Bi Glad alikuwa ametenda Ovamboland mnamo 1901 - 1919 na 1926 - 1936, na alikuwa akifanya kazi huko kama mhakiki wa kwanza wa shule.",0
3019,"Iliwekwa na Richard Creed, iliyojengwa na George Edward na iliyoundwa na Collins na Geoffrey wa Monmouth.","Ilijengwa na Richard Creed, George Edward na iliyoundwa na Collins na Geoffrey wa Monmouth.",0
3021,"Baadaye, wakati wa shambulio la Andrew, Hesabu ya Angoulême, Richard angekuwa askari wa Adhemar.","Baadaye, vikosi vya Andrew Richard vitakuwa wakati wa shambulio la Adhemar, Hesabu ya Angoulême.",0
3026,UIF iliundwa mnamo 2008 na kuunganishwa kati ya Ligi ya Soka ya Indoor (IFL) na Ligi ya Soka ya United.,IFL iliundwa mnamo 2008 kupitia kuunganishwa kati ya Ligi ya Soka kali na Ligi ya Soka ya United Indoor (UIF).,0
3028,"Mnamo 1781, Gavana wa Illinois Thomas Jefferson alimkuza Clark kwa Brigadier General na akampa amri ya wanamgambo wote katika kaunti za Kentucky na Virginia.","Mnamo 1781, Gavana wa Virginia Thomas Jefferson alimkuza Clark kwa Brigadier General na akampa maagizo ya wanamgambo wote katika kaunti za Kentucky na Illinois.",0
3032,Katika muktadha wa EIT ya kati `` taa iliyosimamishwa inahusu '' kushikamana `` maambukizi ya picha kwa mfumo wa quantum na nyuma.,"`` Kusimamishwa '' mwanga, katika muktadha wa kati ya EIT, inahusu `` quantum '' uhamishaji wa picha kwenye mfumo mzuri na kurudi tena.",0
3033,Ulimwenguni kote katika dakika 80 na Douglas Fairbanks ni filamu ya maandishi ya kabla ya 1931 ya Amerika iliyoongozwa na Douglas Fairbanks na Victor Fleming na kuandikwa na Robert E. Sherwood.,"Katika dakika 80 kote ulimwenguni na Douglas Fairbanks, hati ya kabla ya Amerika kutoka 1931 imeelekezwa na Douglas Fairbanks na Victor Fleming na Robert E. Sherwood.",1
3036,"Páll Pálsson, aliajiriwa huko Copenhagen mnamo 1867. Watoto wa viziwi wa Kiaislandi walihudhuria shule huko Iceland.","Páll Pálsson, aliyeajiriwa huko Iceland mnamo 1867, Viziwi vya Kiaislandi alihudhuria shule huko Copenhagen.",0
3040,"Njan Piranna Nattil ni filamu ya Kimalayalam ya India ya 1985, iliyotengenezwa na P Chandrakumar na kuongozwa na P Chandrakumar.","Njan Piranna Nattil ni filamu ya India ya Kimalayalam kutoka 1985, iliyotengenezwa na P Chandrakumar na kuongozwa na P Chandrakumar.",1
3042,"Mnamo Mei 8, 2015, Michel Soro Tapia alipoteza.","Mnamo Mei 8, 2015, Tapia alipoteza Michel Soro.",0
3045,"Wapiga kura walipiga kura Sevier kama gavana, mbunge mpya aliyechaguliwa alipiga kura kwa Blount na Andrew Jackson kama maseneta, na William Cocke kama mkutano.","Wapiga kura walichagua Sevier kama Gavana. Bunge lililochaguliwa hivi karibuni lilipiga kura kwa Blount na William Cocke kama maseneta, na Andrew Jackson kama Congressman.",0
3048,"Mnamo 1997, alionekana kama Sheila Dixon katika `` Coronation Street, na mnamo 1998 kama Naomi Russell.",Hardwick alionekana katika `` Coronation Street '' mnamo 1997 kama Sheila Dixon na mnamo 1998 kama Naomi Russell.,1
3052,"Ilichapishwa mnamo Desemba 22, 2011 na ilitangazwa mnamo Februari 2012.",Ilitangazwa mnamo 22 Desemba 2011 na iliachiliwa mnamo Februari 2012.,0
3060,Kwa maadili ya juu ya formula 2 wastani wa zamani ni muhimu zaidi.,Wastani wa zamani ni muhimu zaidi kwa maadili ya juu ya formula _ 2.,1
3064,"Hii ni orodha ya lugha za programu ambazo zimeboreshwa kwa utengenezaji wa sauti, muundo wa algorithmic, na muundo wa sauti.","Hii ni orodha ya lugha za programu ambazo zimeboreshwa kwa utengenezaji wa sauti, muundo wa sauti, na muundo wa algorithmic.",0
3069,"Kwa kuongezea, wanafanya kazi kikamilifu, huru kujifunza na hamu ya kuchunguza.","Kwa kuongezea, zinafanya kazi kwa mwili, huru kuchunguza na hamu ya kujifunza.",0
3075,"Mnamo mwaka wa 1933, Cattell aliandika ile ya jamii zote za Nordic, `` ilikuwa mbio ya Uropa katika akili na utulivu wa hali ya juu zaidi ''.","Mnamo mwaka wa 1933 Cattell aliandika kwamba, kati ya jamii zote za Nordic, `` mbio za Ulaya ndizo zilizotokea zaidi katika akili na utulivu wa hali ya joto ''.",1
3076,"Sammy Downs mwenyewe alizaliwa katika jamii ya asili ya mama yake ya Effie katika Parokia ya Avoyelles, kusini mwa Parokia ya Rapides.","Sammy Downs alizaliwa katika jamii ya asili ya Effie mama yake katika Parokia ya Avoyelles, kusini mwa Parokia ya Rapides.",1
3081,"Eugene D. Engley alizaliwa Aprili 5, 1851 huko Attleborough, Massachusetts, mtoto wa James Henry Engley na mkewe, Mary Kaley wa zamani.","James Henry Engley alizaliwa mnamo 5 Aprili 1851 huko Attleborough, Massachusetts, mtoto wa Eugene D. Engley na mkewe, Mary Kaley wa zamani.",0
3083,"McCarthy alizaliwa huko San Francisco, California, lakini alihamia na wazazi wake kwenda Auckland akiwa na umri wa miaka minne.","McCarthy alizaliwa huko San Francisco, California, lakini alihamia Auckland na wazazi wake akiwa na umri wa miaka nne.",1
3087,"Big Band Specials ni albamu ya 1962 ifikapo Juni Christy, na nyimbo zilizopangwa na Bill Holman, Shorty Rogers na mume Bob Cooper.","Big Band Specials ni albamu ya 1962 na Bob Cooper, ambaye nyimbo zake zilipangwa na Bill Holman, Shorty Rogers na mumewe Juni Christy.",0
3089,"Talfourd Ely alikuwa mjukuu wa John Towill Rutt, ambaye alikuwa rafiki wa mapema wa Crabb Robinson.","Talfourd Ely alikuwa mjukuu wa John Towill Rutt, ambaye alikuwa rafiki wa mapema wa Crabb Robinson.",1
3101,Mto wa Boia Mică ni kijeshi cha mto Valea Sterminoasă huko Romania.,Mto Valea Sterminoasă ni kijeshi wa Mto wa Boia Micăa huko Romania.,0
3103,"Jengo la Prudential (HMB) zamani lilikuwa jengo kuu la Houston, lilikuwa skyscraper katika Kituo cha Matibabu cha Texas, Houston, Texas.","Jengo kuu la Houston (HMB) mapema jengo la Prudential lilikuwa skyscraper katika Kituo cha Matibabu cha Texas huko Houston, Texas.",0
3108,"Jamii ya kwanza ni vitenzi vya monovalent, ambapo kuna hoja moja tu ya semantic na ina vitenzi visivyo vya kawaida na vitenzi visivyo vya kawaida.","Jamii ya kwanza ni vitenzi visivyo vya kawaida, ambapo kuna hoja moja tu isiyo na hesabu na ina vitenzi vya semantic na vitenzi vya monovalent.",0
3112,"Baada ya Sidb kufilisika mnamo 1985, Hobson na Canobbio waliacha mpango wa Computbox na kuanzisha Compubox Inc., baadaye Hobson alibadilisha kampuni hiyo mnamo 2002.","Baada ya Sidb kufilisika mnamo 1985, Hobson na Canobbio walibadilisha jina la mpango wa Computbox na walianzisha CompUbox Inc. Hobson baadaye waliacha kampuni hiyo mnamo 2002.",0
3118,"Mnamo 1974, kwa msaada wa Benki ya Dunia, Umoja wa Mataifa, na Benki ya Maendeleo ya Asia, Lao PDR walianzisha Mfuko wa II wa hatua.","Mnamo 1974, kwa msaada wa Umoja wa Mataifa, Benki ya Maendeleo ya Asia na Benki ya Dunia, Lao PDR ilianzisha mfuko wa hatua ya II.",1
3119,"Robert Vincent Goldsborough alizaliwa Oktoba 3, 1937, huko Chicago, mtoto wa mbunifu Robert Goldsborough na Wilma (Janak) Goldsborough.","Robert Goldsborough alizaliwa huko Chicago mnamo Oktoba 3, 1937, kama mtoto wa Robert Vincent Goldsborough na Mbuni wa Wilma (Janak) Goldsborough.",0
3126,Alihamia Connersville na kuishi Indiana na kuendelea na sheria.,Alihamia Connersville na akakaa Indiana na kuendelea na sheria yake.,1
3127,Aina hiyo ilielezewa kwanza na mtaalam wa mimea Stephan Endlicher mnamo 1846 kama sehemu ya kazi `` Irideae Plantae preissianae '' na Johann Georgia Christian Lehmann.,Aina hiyo ilielezewa kwanza na mtaalam wa mimea Johann Georgia Christian Lehmann mnamo 1846 kama sehemu ya kazi ya Stephan Endlicher `` Irideae. Plantae preissinae ''.,0
3129,"Walakini, ajali inamuacha Lucas na amnesia, ambayo Sami hutumia kwa faida yake.","Walakini, Sami anaacha ajali na amnesia, ambayo Lucas hutumia kwa faida yake.",0
3130,Wahusika walikuwa wa kiume kabisa na walikuwa na waigizaji sita wa Melbourne na muigizaji mmoja wa Sydney (Gordon Glenwright).,Wahusika walikuwa wa kiume wote na walikuwa na waigizaji sita wa Melbourne na muigizaji mmoja wa Sydney (Gordon Glenwright).,1
3133,Andesite ilikuwa mafic lava - aina na sampuli kadhaa ambazo zilikuwa kubwa ya kutosha kuainishwa kama basaltic andesite.,Andesite ilikuwa aina ya lava ya mafic na sampuli zingine kubwa za kutosha kuainishwa kama basaltic andesite.,1
3135,"Mnamo 1997, alionekana kama Naomi Russell katika `` Coronation Street '' na mnamo 1998 kama Sheila Dixon.",Hardwick alionekana katika `` Coronation Street '' mnamo 1997 kama Sheila Dixon na mnamo 1998 kama Naomi Russell.,0
3138,Toleo la tatu la redio lilitangazwa na BBC mnamo Mei 2008 na Wilton tena kama Beth na mwandishi akicheza Duff.,Toleo la tatu la redio lilitangazwa na BBC mnamo Mei 2008 na Wilton kama Duff na mwandishi ambaye anacheza Beth.,0
3139,"Mwishoni mwa miaka ya 1990, ilipatikana sana katika duka za urahisi na maduka makubwa huko Seattle na inapatikana katika mikahawa kadhaa huko Minneapolis.",Mwishoni mwa miaka ya 1990 ilienea sana katika duka za urahisi na maduka makubwa huko Seattle na inapatikana katika mikahawa kadhaa huko Minneapolis.,1
3149,"Bayezid II alifunga ndoa na Gülbahar Hatun, ambaye alikuwa mama wa mrithi wa Bayezid II, Selim I na mpwa wa Sitti Mükrime Hatun.","Bayezid II alifunga ndoa na Gülbahar Hatun, ambaye alikuwa mama wa Bayezid II. , Selim I, na mpwa wa Sitti Mükrime Hatun.",1
3153,"Bunting alikufa mnamo Septemba 19, 1891 huko Gallatin, Tennessee. Alipokea mazishi ya Masonic huko Gallatin.","Alikufa mnamo Septemba 19, 1891 huko Gallatin, Tennessee, na akapokea Masonic huko Gallatin.",1
3159,Mnamo tarehe 25 Juni 1866 aliteuliwa Askofu wa `` Nisa huko Lycia na Askofu wa Velletri wa Titular.,"Mnamo Juni 25, 1866, aliteuliwa kuwa Askofu wa Titular wa `` Nisa huko Lycia, na Askofu wa Velletri.",0
3160,"Mnamo 1997, alionekana kama Sheila Dixon katika `` Coronation Street, na mnamo 1998 kama Naomi Russell.",Hardwick alionekana katika `` Coronation Street '' mnamo 1997 kama Naomi Russell na mnamo 1998 kama Sheila Dixon.,0
3162,Njia nyingine ya kudhibiti idadi ya kulungu ni kudhibiti kiwango cha uzazi.,Njia nyingine ya kudhibiti idadi ya kulungu ni kudhibiti kiwango cha kuzaliwa.,1
3167,Vidonda vya mapema ni dhahiri kuwa tishu za kawaida ambazo zinaonekana kuwa zisizo za kawaida katika uchunguzi wa microscopic na ambayo saratani ina uwezekano mkubwa kuliko mwenzake wa kawaida wa morphologic.,Vidonda vya mapema ni tishu za kisaikolojia ambazo zinaonekana kuwa zisizo za kawaida katika uchunguzi wa microscopic na ambayo saratani inaweza kutokea kuliko mwenzake anayeonekana kuwa wa kawaida.,0
3170,"Alizaliwa Charles Wyndham amesimama huko Los Angeles, California na alikufa London, England.","Alizaliwa London, England, Charles Wyndham, na akafa huko Los Angeles, California.",0
3171,"Ilizunguka shimoni la zamani, ambalo lilijengwa mapema karne ya 16 na Aloisio mpya, ambaye alimwondoa Bely Gorod.",Ilizunguka moat mzee iliyojengwa na Aloisio mpya katika karne ya 16 ambayo ilimwondoa Bely Gorod.,1
3172,"Wasifu wa Mick Middles uliandikwa na mwandishi wa Manchester Chris Sievey, na ilichapishwa mnamo Novemba 2014.",Wasifu wa Chris Sievey uliandikwa na mwandishi wa Manchester Mick Middles na kuchapishwa mnamo Novemba 2014.,0
3173,"Ilipewa Henry Audeley na John Cordall mnamo 1544, ambao mara moja walipitisha kwa John Sone.","Ilipewa John Sone mnamo 1544, ambaye mara moja alipitisha kwa Henry Audeley na John Cordall.",0
3174,Ambapo `` e '' malipo ya umeme ya chembe na A ni uwezo wa vector wa uwanja wa umeme.,Wakati '' e` `malipo ya sumaku ya chembe na A ni uwezo wa vector wa umeme wa uwanja wa umeme.,0
3180,"Mnamo mwaka wa 2011, mbuga mpya ya pumbao inayoitwa CC Joyland ilifunguliwa huko Taihuwan karibu na Ziwa la Taihu huko Changzhou kusini mwa Wilaya ya Wujin.","Mnamo mwaka wa 2011, mbuga mpya ya pumbao inayoitwa CC Joyland ilifunguliwa huko Taihuwan, karibu na ziwa la Taihu wilayani Wujin kusini mwa Changzhou.",0
3187,Unyanyapaa wa reniform umeainishwa kwa manjano na nyeusi.,Unyanyapaa wa reniform ni ya manjano na nyeusi ilivyoainishwa.,1
3194,"Luteni John Gedge alimwagiza kwenda Bahari ya Kaskazini mnamo Mei 1805, na Lieutenant Robert Ramsey alichukua nafasi yake mnamo 1806.",Luteni Robert Ramsey alimwagiza Mei 1805 kwa Bahari ya Kaskazini. Luteni John Gedge alichukua nafasi yake mnamo 1806.,0
3203,Sepahua ni wilaya katika mkoa wa kusini wa Atalaya huko Peru.,Sepahua ni wilaya kusini mwa Peru katika Mkoa wa Atalaya.,0
3207,"Mnamo 1886, Miles alichukua nafasi ya Jenerali George Crook kama kamanda wa vikosi vya jeshi anayepigania Geronimo, kiongozi wa Chiricahua Apache, katika Idara ya Arizona.","Mnamo 1886, George Crook alichukua nafasi ya Jenerali Miles kama kamanda wa vikosi vya kupigana na Geronimo, kiongozi wa Chiricahua Apache, katika Idara ya Arizona.",0
3212,"Vincent Goldsborough alizaliwa mnamo Oktoba 3, 1937 huko Chicago, mtoto wa mbunifu Robert Goldsborough na Wilma (Janak) huko Goldsborough.","Robert Goldsborough alizaliwa Oktoba 3, 1937, huko Chicago, mtoto wa mbunifu Robert Vincent Goldsborough na Wilma (Janak) Goldsborough.",0
3214,"Kwa kuongezea, mechi ya vitisho vitatu kwa ubingwa wa Merika kati ya bingwa Jack Swagger, Miz na Kofi Kingston walikuwa.","Ifuatayo ilikuwa mechi ya vitisho vitatu kwa ubingwa wa Merika kati ya bingwa Jack Swagger, Miz na Kofi Kingston.",1
3216,"Ilielekezwa na Willard Mack na inategemea mchezo wa maonyesho ya 1917 `` Tiger Rose '', na George Fitzmaurice.","Kuongozwa na George Fitzmaurice, ni kwa msingi wa mchezo wa 1917 `` Tiger Rose '' na Willard Mack.",0
3221,Yeye ndiye mjane wa Bruce Paltrow na mama wa mwigizaji Gwyneth Paltrow na mkurugenzi Jake Paltrow.,Yeye ndiye mjane wa Jake Paltrow na mama kwa mwigizaji Gwyneth Paltrow na mkurugenzi Bruce Paltrow.,0
3222,Mnamo 2018 Farrell aliteuliwa kama Askofu mpya wa Ossory na Papa Francis.,"Mnamo mwaka wa 2018, Papa Francis aliteuliwa na Farrell kama Askofu mpya wa Ossory.",0
3225,"Billy Batson alionekana katika maswala manne ya kwanza ya `` Black Adam '', yaliyochapishwa kati ya mwishoni mwa 2008 na mapema 2009.","Billy Billy Batson alionekana katika maswala manne ya kwanza ya `` Black Adam '', yaliyochapishwa kati ya mwishoni mwa 2008 na mapema 2009.",1
3226,"Hadi Septemba 1942, Vulcans walikuwa wamechukua huduma hiyo na Midlands zilichapwa na kisha zikaondolewa.","Kufikia Septemba 1942, Vulcans walikuwa wamechukua kikamilifu huduma hiyo na Midlands zilichapwa na kisha zikaondolewa.",1
3227,"Phoebe na Nelson walisafiri na ng'ombe nne (Tom, Jerry na Holden - Berry na Buck) na ng'ombe mmoja.","Phoebe na Holden walisafiri na ng'ombe wanne (Tom, Jerry, na Nelson - berry na Buck) na ng'ombe.",0
3229,"Mnamo Mei 2011 aliandika, kuelekeza, na kutoa huduma yake ya kwanza.","Iliyotengenezwa mnamo Mei 2011, alielekeza na kuandika filamu yake ya kwanza.",1
3232,Washiriki wengine wa wafanyakazi waliuawa huko Golden Bay na hakukuwa na mawasiliano ya ndani na Māori mwingine.,Baadhi ya washiriki wa wafanyakazi waliuawa katika Golden Bay na hakukuwa na mawasiliano mengine na Māori wa eneo hilo.,0
3234,Hii ndio mtindo wa kutumikia na kula unaofanywa katika mahekalu rasmi.,Huu ni mtindo rasmi wa kutumikia na kula milo inayofanywa katika mahekalu ya Zen.,0
3236,Kaimu bosi - Rene Piccarreto - mwana wa Loren Piccarreto alikamatwa mnamo 1988 iliyotolewa mnamo 1994.,Kaimu bosi - Loren Piccarreto - mwana wa Rene Piccarreto; kukamatwa 1988; Iliyotolewa mnamo 1994,0
3241,Alichaguliwa na Philadelphia 76ers katika raundi ya 77 (7 ya jumla) ya NBA - Rasimu ya 1967.,Alichaguliwa na Philadelphia 76ers katika raundi ya 7 (77 ya jumla) ya Rasimu ya NBA ya 1967.,0
3244,Adhabu ya bibilia ni baraka rasmi kwa maana yake hasi.,"Hukumu ya bibilia, kwa maana yake hasi, ni baraka rasmi.",1
3246,Alibadilishwa na Olusegun Obasanjo (1975) na Murtala Mohammed (1976) katika mapinduzi mfululizo.,Alibadilishwa na Olusegun Obasanjo (mnamo 1975) na Murtala Mohammed (mnamo 1976) katika mapinduzi yanayofuata.,1
3251,Wazo la kisasa la mungu wa tatu ni msingi wa harakati mpya ya kidini ya Wicca.,Wazo la kisasa la mungu wa tatu ni msingi wa harakati mpya ya kidini ya Wicca.,1
3253,Kudawa ni kamati ya maendeleo ya vijiji na vijiji katika wilaya ya Bara katika eneo la Narayani la kusini-mashariki mwa Nepal.,Kudawa ni kamati ya maendeleo ya vijiji na vijiji katika ukanda wa Narayani katika Bara - Wilaya ya Kusini -Mashariki mwa Nepal.,1
3254,"1i Productions ni mchapishaji wa mchezo wa bodi ya Amerika. Ilianzishwa mnamo 2004 na Jenna, William na Colin Byrne.","1i Productions ni mchezo wa bodi ya Amerika. Ilianzishwa mnamo 2004 na Jenna, William na Colin Byrne.",1
3256,"Chandler alitambua kompyuta kama zana ya kujifunza, lakini alikataa Objectivism iliyopo ambayo ilizingatia data kama habari, na habari kama maarifa.","Chandler alitambua kompyuta kama zana ya kujifunza, lakini alikataa jambo la kawaida ambalo liliona data kama habari na habari kama maarifa.",1
3258,"Siku ya Jumapili, kuna huduma ya saa moja kwa Glasgow, lakini hakuna huduma kwa Edinburgh na Dunblane.","Siku ya Jumapili, kuna huduma ya saa moja kwa Glasgow, lakini hakuna huduma kwa Edinburgh na Dunblane.",1
3259,"Seiders alizaliwa huko Winchester, Massachusetts na alikulia Derry, New Hampshire.","Seiders alizaliwa huko Derry, New Hampshire. Alikua katika Winchester, Massachusetts.",0
3260,Mto wa Tabaci ni huduma ya mto Leurda huko Romania.,Mto wa Leurda ni huduma ya Mto wa Tabaci huko Romania.,0
3273,"Alikufa kwa saratani ya tumbo huko Claremore, Oklahoma, New York City mnamo Juni 30, 1954, na yuko nyumbani kwa Ukumbusho wa Lynn Riggs.","Alikufa mnamo Juni 30, 1954, wa saratani ya tumbo huko Claremore, Oklahoma. New York City ni nyumbani kwa Ukumbusho wa Lynn Riggs.",1
3275,"Mzaliwa wa Tiburon, California, alikufa huko Brooklyn, New York.","Alizaliwa huko Tiburon, California, na akafa huko Brooklyn, New York.",1
3278,Mabadiliko ya awamu kutoka kwa ferromagnet hadi paramagnet yanaendelea na ni agizo la pili.,Mabadiliko ya awamu kutoka kwa ferromagnet hadi paramagnet yanaendelea na ni ya utaratibu wa pili.,1
3288,"Alikufa na saratani ya tumbo huko New York mnamo Juni 30, 1954, na Claremore, Oklahoma ni nyumbani kwa Ukumbusho wa Lynn Riggs.","Alikufa kwa saratani ya tumbo huko Claremore, Oklahoma, New York City mnamo Juni 30, 1954, na yuko nyumbani kwa Ukumbusho wa Lynn Riggs.",0
3289,Wacheza wanaweza kucheza hadi wapinzani watatu katika michezo ya kawaida ya ushindani na ya kawaida juu ya Xbox Live.,Wacheza wanaweza kucheza katika michezo ya kawaida na ya nafasi ya ushindani juu ya Xbox Live dhidi ya wapinzani watatu.,0
3301,"Aliuawa kwa uhalifu wake saa 9: 55 asubuhi mnamo 3 Mei 1947, dakika 24 baada ya Albert Pierrepoint, na Elisabeth Marschall katika gereza la Hameln.","Aliuawa mnamo 3 Mei 1947, dakika 24 baada ya Elisabeth Marschall, na Albert Pierrepoint katika Gereza la Hameln kwa makosa yake.",0
3306,Timu ya asili ilitengenezwa na mwandishi Sal Buscema na msanii Roy Thomas katika `` The Avenger '' # 71 (Desemba 1969).,Timu ya asili iliundwa na mwandishi Sal Buscema na msanii Roy Thomas katika `` The Avenger '' # 71 (Desemba 1969).,1
3325,"Mnamo tarehe 30 Aprili 1983, C - 311 iliyopewa Nas Guantanamo Bay, Cuba, ilianguka huko Nas Jacksonville na upotezaji wa maisha 13 ya wanadamu.","Mnamo tarehe 30 Aprili 1983, C-131 alipewa Nas Guantanamo Bay, Cuba iligonga huko Nas Jacksonville na upotezaji wa maisha 13.",1
3327,Alianza kazi yake katika Ligi ya Soka na Scunthorpe United kabla ya kuhamia Sheffield United wa Idara ya Nne mnamo Juni 1961.,"Alianza kazi yake katika Ligi ya Soka na Sheffield United, kabla ya kujiunga na Scunthorpe United wa Idara ya Nne mnamo Juni 1961.",0
3328,Kampasi hiyo ilikuwa katika Wan Chai na mji wa Kennedy. Mnamo Agosti 2013 shule ilihamia kwenye tovuti yake mpya ya kudumu huko Sai Kung.,Chuo hicho kilikuwa katika Wan Chai na Kennedy Town na kilihamishwa kwenye tovuti yake mpya ya kudumu huko Sai Kung mnamo Agosti 2013.,1
3341,Multiverse ni mkusanyiko wa ulimwengu mbadala na asili sawa na uongozi wa ulimwengu.,"Multiverse ni mkusanyiko wa ulimwengu mbadala, na asili ya ulimwengu na uongozi sawa.",0
3343,"Hii ilirekodiwa katika maandishi mawili tofauti kutoka kwa Corpse Hill Medinet Habu, ambayo ni ya muda mrefu na kwa kiasi fulani tofauti na mwingine.","Hii ilirekodiwa katika maandishi mawili marefu kutoka kwa maiti yake ya Hort Medinet Habu, ambayo ni tofauti ya mwili na kwa kiasi fulani tofauti na mwingine.",0
3346,"Walakini, Sami anaacha ajali na amnesia, ambayo Lucas hutumia kwa faida yake.","Walakini, ajali inamuacha Sami na amnesia, ambayo Lucas hutumia kwa faida yake.",1
3355,"Kambi ya Azusa katika Chuo Kikuu cha Azusa Pacific iko katika San Gabriel Valley, kaskazini mashariki mwa Los Angeles.","Chuo Kikuu cha Azusa cha Chuo Kikuu cha Azusa cha Azusa iko katika Bonde la San Gabriel, lililoko kaskazini mashariki mwa Los Angeles.",1
3357,Mto wa Hudeasa ni kijeshi cha Mto wa Bradu huko Romania.,Mto Bradu ni kijeshi wa Mto Hudeasa huko Romania.,0
3359,Alikuwa ameolewa na Elisabeth Young (1854 - 1932) na alikuwa baba wa Usafirishaji wa Usafirishaji N. o. Vijana Fearnley na mmiliki wa ardhi Thomas Fearnley.,Alikuwa ameolewa na Elisabeth Young (1854 - 1932) na alikuwa baba wa Usafirishaji N. o. Vijana Fearnley na mmiliki wa ardhi Thomas Fearnley.,1
3364,"Talfourd Ely alikuwa mjukuu wa John Towill Rutt, ambaye alikuwa rafiki wa mapema wa Crabb Robinson.","Talfourd Ely alikuwa mjukuu wa John Towill Rutt, rafiki wa mapema wa Crabb Robinson.",1
3365,"Sehemu hiyo ilichapishwa mnamo 1631 chini ya kifungu kidogo cha ""Shule ya Kusaidia"" katika quarto iliyochapishwa na Elizabeth Allde kwa muuzaji wa vitabu Francis Constable.",Sehemu hiyo ilichapishwa mnamo 1631 chini ya subtitle `` Shule ya Kusaidia '' katika quarto iliyochapishwa na Elizabeth Allde kwa muuzaji wa vitabu Francis Constable.,0
3371,"Norman Melancton Geddes, mzaliwa wa Norman Bel Geddes (27 Aprili 1893 - 8 Mei 1958), alikuwa ukumbi wa michezo wa Amerika na mbuni wa viwanda.","Norman Bel Geddes, mzaliwa wa Norman Melancton Geddes (Aprili 27, 1893 - Mei 8, 1958), alikuwa mbuni wa maonyesho ya Amerika na wa viwandani.",0
3373,"Miaka miwili baadaye, mnamo 25 Julai 1947, 709 ilibadilishwa upya Kikosi kizito cha Bombardment, 709 sana.","Miaka miwili baadaye, mnamo 25 Julai 1947, 709 ilipewa jina la Bombardment Squadron, 709 sana.",1
3375,Nafasi zake bora katika mashindano zilikuwa katika kumi mnamo 1960 na 1968 katika nafasi ya nane.,Nafasi zake bora katika mashindano zilikuwa kumi mnamo 1960 na nane mnamo 1968.,1
3381,Painia wa Uswizi John Sutter (1803-1880) alifika Alta California na walowezi wengine wa Euro-Amerika mnamo Agosti 1839.,Painia wa Uswizi John Sutter (1803 - 1880) alikuwa mnamo Agosti 1839 na walowezi wengine wa Euro -Amerika huko Alta California.,1
3383,"David Cardinal Beaton alikuwa Lord Chancellor wa Scotland, Askofu Mkuu wa St Andrews na Kardinali Legate wa Scotland wakati wa kifo chake.","Wakati wa kifo chake, David Cardinal Beaton alikuwa Lord Chancellor wa Scotland, Askofu Mkuu wa St Andrews, na Kardinali Legate huko Scotland.",1
3388,Mto wa Dilcov ni huduma ya Mto wa Milcov huko Romania.,Mto wa Milcov ni mto wa mto wa Dilcov huko Romania.,0
3394,"Katika mpira wa miguu wa kitaalam, timu za Scottish zinafanya chini ya udhamini wa Scottish katika ngazi zote, na timu nyingi chini ya ubingwa wa Scottish kuwa wa kitaalam.","Katika Soka la Scottish, timu za wataalamu wa nusu katika ngazi zote zinaonekana chini ya udhamini wa Scottish, na timu nyingi chini ya ubingwa wa Scottish kuwa wa kitaalam.",0
3398,"Westlake ni mji huko Louisiana, United States, katika Parokia ya Magharibi ya Calcasieu, na ni sehemu ya eneo la takwimu la Ziwa Charles Metropolitan.","Westlake ni mji katika Parokia ya Calcasieu, ulioko magharibi mwa Louisiana, USA, na ni sehemu ya eneo la takwimu la Metropolitan.",0
3403,"Mnamo mwaka wa 2012, Adrian Belew `` Treehouse '' alitoa rekodi yake ya sita ya solo, iliyotengenezwa huko Nashville Tennessee na mwanamuziki Ned Evett.","Mnamo mwaka wa 2012, Ned Evett aliachilia `` Treehouse '', rekodi yake ya sita ya solo, iliyotengenezwa huko Nashville Tennessee na mwanamuziki Adrian Belew.",0
3418,"Kwa mfano, 32W000 katika Kaunti ya DuPage ni maili 32 kaskazini mwa Jimbo la St., 38000 katika Kata ya Ziwa itakuwa maili 38 magharibi mwa Mtaa wa Madison.","Kwa mfano, 32W000 katika Kaunti ya DuPage ni maili 32 kuelekea magharibi mwa Jimbo la St., 38000 katika Kata ya Ziwa itakuwa maili 38 kaskazini mwa Mtaa wa Madison.",0
3420,Barabara ya Kaunti 540 ni maili chache kusini mwa Jimbo la Jimbo 540 katika Jiji la Nyanda za Juu na inaendesha magharibi kutoka Amerika 98 hadi Barabara ya Kaunti 37B.,Barabara ya County 540 ni maili chache tu kusini mwa Jimbo la Jimbo 540 katika Jiji la Nyanda za Juu na inaendesha magharibi kutoka Amerika 98 hadi Barabara ya Kaunti 37B.,1
3427,Mwaka wa ukame zaidi ulikuwa 1983 na mwaka wa Wettest ulikuwa 1976 na.,Mwaka ulio na nguvu ulikuwa 1983 na mwaka kavu zaidi ulikuwa na 1976.,0
3430,"Mshahara wa wastani wa maprofesa wasaidizi huko Caltech ni $ 111,300, profesa msaidizi $ 121,300 na maprofesa kamili $ 172,800.","Mshahara wa wastani wa maprofesa msaidizi huko Caltech ni $ 111,300, maprofesa washirika $ 121,300, na maprofesa kamili $ 172,800.",1
3432,"Kusudi la lugha ya Mesa ni kupigana na sera kuu ya Chama cha Watu wa Galicia, haswa kupitia harakati za Queremos Galego.","Lengo la lugha ya Mesa ni kupigania sera kuu ya Chama cha Watu wa Galicia, haswa kupitia harakati za Queremos Galego.",1
3439,"Vipindi vya nadharia za mfumo zinaweza kuonekana katika Marcel Mauss '`` Tofauti ya Msimu ya Eskimo' ', iliongezeka baadaye katika kazi ya Julian Steward.","Vipindi vya nadharia za mfumo zinaweza kuonekana katika mabadiliko ya msimu wa Julian Steward '' ya Eskimo ``, ambayo baadaye yalirudiwa katika kazi ya Marcel Mauss '.",0
3440,"Mraba wa Sayuni umeelezewa kama '' kila wakati umejaa, kila wakati ni wazimu ``.","Mraba wa Sayuni umeelezewa kama `` kila wakati hujaa, kila wakati wazimu ''.",1
3443,"1i Productions ni mchezo wa bodi ya Amerika, iliyoanzishwa na Jenna, William na Colin Byrne mnamo 2004.","Ilianzishwa mnamo 2004 na Colin Byrne, William na Jenna na ni mchapishaji wa mchezo wa bodi ya Amerika.",0
3452,Wala ushiriki wa Dostoyevsky wa zamani wa Dostoyevsky wala tofauti za kisiasa za Anna na Jaclards zilizuia mawasiliano ya kawaida na ya kawaida kati yao.,Wala ushiriki wa Dostoyevsky wa zamani na Dostoyevsky wala tofauti za kisiasa za Anna na Jaclards zilizuia mawasiliano ya joto na ya kawaida kati yao.,1
3463,Alihama kutoka Ufini kwenda Estonia na wazazi wake akiwa na umri wa miaka 3 na kwa sasa anakaa Helsinki.,Alihamia Estonia kutoka Ufini na wazazi wake akiwa na umri wa miaka 3 na kwa sasa anaishi Helsinki.,1
3470,"Ukumbi uliofuata wa mji ulijengwa kwa mtindo wa Baroque mnamo 1627 na uliharibiwa mnamo 1650, 1653, 1735 na 1779.","Ukumbi uliofuata wa mji uliojengwa mnamo 1627, kwa mtindo wa usanifu wa Baroque, na uliharibiwa mnamo 1650, 1653, 1735, na 1779.",1
3472,"Mnamo tarehe 20 Februari 1959, Waziri Mkuu John Diefenbaker alikamilisha mradi huo na mishale mitano iliyomalizika ilibomolewa.","Mnamo tarehe 20 Februari 1959, Waziri Mkuu John Diefenbaker alikamilisha mradi huo na mishale mitano ilikamilishwa.",0
3474,"Zedtwitz alikuwa rais wa Ligi ya Daraja la Amerika mnamo 1932, moja ya mashirika ambayo Merger ilianzisha Ligi ya Bridge ya Amerika mnamo 1937.","Von Zedtwitz alikuwa Rais wa 1932 wa Shirikisho la Daraja la Amerika, moja ya mashirika ambayo kuunganishwa kwake kulianzisha Ligi ya Bridge ya Amerika mnamo 1937.",1
3475,"Alizaliwa Charles Wyndham amesimama London, England na alikufa huko Los Angeles, California.","Alizaliwa London, England, Charles Wyndham, na akafa huko Los Angeles, California.",1
3478,Wornell alioa Mildred Rideout; Wanandoa walikuwa na binti mmoja.,Wornell alioa Mildred Rideout na wenzi hao walikuwa na binti mmoja.,1
3480,"Jengo kuu la Houston (HMB) mapema jengo la Prudential lilikuwa skyscraper katika Kituo cha Matibabu cha Texas huko Houston, Texas.","Jengo la Prudential (HMB), ambalo zamani lilikuwa jengo kuu la Houston, lilikuwa skyscraper katika Kituo cha Matibabu cha Texas, Houston, Texas.",0
3482,"Mwambie mara moja baba yake, Zac MacGuire (Charlie Clausen), na Evie.","Hunter mara moja anamwambia baba yake, Charlie Clausen (Zac MacGuire), na Evie.",1
3485,Woodwork ya classical inaonyesha kugusa kwa muundo wa Rococo wa mtindo.,Mtindo wa mbao wa Rococo unaonyesha kugusa muundo wa classical.,0
3487,Mimea ya shamba na mimea ya mizizi kwa ujumla haikupandwa na ilikusanywa kwa msimu wakati walikua porini.,"Mimea ya shamba na mimea ya mizizi kwa ujumla haikupandwa na, wakati walikuwa jangwani, ilikua msimu.",0
3490,Chanjo mbili za rotavirus dhidi ya rotavirus maambukizi ni salama na yenye ufanisi kwa watoto: Rotarix na GlaxoSmithKline na Rotateq kutoka Merck.,Chanjo mbili za rotavirus dhidi ya rotavirus maambukizi ni salama na yenye ufanisi kwa watoto: Rotarix na Merck na Rotateq na GlaxoSmithKline.,0
3495,Ufuatiliaji wa hivi karibuni `` kila asubuhi '' ni toleo la gitaa la wimbo wa kwanza `` Morning ''.,"Ufuatiliaji wa kwanza, `` kila asubuhi '', ni toleo la acoustic la toleo la mwisho la gita la `` asubuhi ''.",0
3496,Njia ya Pennsylvania 268 inaongoza kutoka mwisho wa magharibi wa daraja kusini hadi Parker na kaskazini hadi Emlenton.,"Kutoka mwisho wa magharibi wa daraja, Pennsylvania Route 268 inaongoza kaskazini kuelekea Parker na kusini kuelekea Emlenton.",0
3500,Mojawapo ya vimbunga hivi vilisafiri katika sehemu za kaskazini za Kata ya Johnson na sehemu za kusini za kaunti ya Brown.,Mojawapo ya vimbunga hivi vilisafiri juu ya sehemu za kaskazini za Kata ya Johnson na sehemu za kusini za kaunti ya Brown.,1
3505,Karibu na Sami ni lugha ya Sami inayozungumzwa huko Uswidi na (zamani) huko Norway.,Ume Sami ni lugha ya Sami inayozungumzwa huko Norway na (zamani) huko Uswidi.,0
3507,Wazo jipya la kidini la mungu wa tatu ni muhimu sana kwa harakati za kisasa za Wicca.,Wazo la kisasa la mungu wa tatu ni msingi wa harakati mpya ya kidini ya Wicca.,0
3508,Kombe la UEFA 1973 - 74 lilishindwa na Tottenham Hotspur juu ya Feyenoord Rotterdam 4: 2.,Kombe la UEFA 1973 - 74 lilishindwa na Feyenoord Rotterdam kwenye Tottenham Hotspur 4: 2.,0
3510,Peri ambaye nguvu yake iko kwenye nywele zake inaonekana katika riwaya ya Elizabeth Ann Scarborough `` The Harem of Aman Akbar '' ya 1984.,"Peri ambaye nguvu yake inaonekana katika nywele zake iko katika riwaya ya Elizabeth Ann Scarborough ya 1984, `` Harem of Aman Akbar ''.",0
3511,"Alihamia Stockholm akiwa na umri wa miaka 19, na alihamia New York mnamo 2011.","Katika umri wa miaka 19 alihamia Stockholm, 2011 kwenda New York.",1
3514,"Kwa mazoezi ni mesquite `` moduli '' Java - madarasa, kawaida hupunguza vifungu vya ufafanuzi wa darasa la saruji.","Kwa mazoezi, mesquite `` moduli '' ni madarasa ya Java, kawaida darasa ndogo za ufafanuzi wa darasa la saruji.",1
3516,"Katika unajimu wa mapema, umaarufu wake ni kwa sababu ya kuanzishwa kwa ulimwengu wa hisabati na michango yake ya angani katika kuelewa harakati za sayari.","Katika unajimu wa kihesabu, umaarufu wake ni kwa sababu ya kuanzishwa kwa ulimwengu wa angani, na michango yake ya mapema ya kuelewa harakati za sayari.",0
3519,"Vipeperushi vya vitengo vyake kadhaa, moiras au brigades, zinapaswa pia kuwa na rangi yao wenyewe.","Pia viboreshaji vya vitengo vyake vya karibu, moiras kadhaa au brigade, zinapaswa kuwa na rangi yake mwenyewe.",0
3521,"Polynesia niau ni atoll huko Ufaransa, anayeitwa Aleksey Greig kwa Greig.","Atoll huko Ufaransa, Polynesia niau inaitwa Aleksey Greig baada ya Greig.",1
3531,"Binti wa nne, Leonora, alikuwa mama wa kambo wa nyota wa nyota na mtaalam wa nyota Cecilia Payne-Gaposchkin.","Binti wa nne, Leonora, alikuwa mama wa kambo wa mtaalam wa nyota na mtaalam wa nyota Cecilia Payne-Gaposchkin.",0
3532,"Ruth Marie Brinkmeyer alioa Joe wa Indianapolis mnamo Oktoba 15, 1914.",Ruth Marie Brinkmeyer alifunga ndoa na Joe von Indianapolis mnamo 15 Oktoba 1914.,1
3534,Vempati Chinna Satyam (15 Oktoba 1929 - 29 Julai 2012) alikuwa densi wa India na mkuu wa fomu ya densi ya Kuchipudi.,"Vempati Chinna Satyam (Oktoba 15, 1929 - Julai 29, 2012) alikuwa dancer wa Kuchipudi na mkuu wa fomu ya densi ya India.",0
3537,Ilithibitishwa kwa mara ya kwanza katika miaka ya 1240 na ilifutwa wakati wa Matengenezo mnamo 1524.,"Ilithibitishwa kwanza katika miaka ya 1240 na ilifutwa wakati wa Matengenezo, mnamo 1524.",1
3547,"Hii ilirekodiwa katika maandishi mawili tofauti kutoka kwa Corpse Hill Medinet Habu, ambayo ni ya muda mrefu na kwa kiasi fulani tofauti na mwingine.","Hii ilirekodiwa katika maandishi mawili marefu kutoka kwa mwili wake Horde Medinet Habu, ambayo ni tofauti ya mwili na tofauti fulani kutoka kwa mwingine.",0
3549,Wala kujitolea kwa Dostoyevsky kwa Dostoyevsky wala tofauti za kisiasa za Anna na Jaclards kuzuia mawasiliano ya kawaida na ya kawaida kati yao.,Wala ushiriki wa zamani wa Anna kwa Dostoyevsky au Dostoyevsky tofauti za kisiasa na Jaclards zilizuia mawasiliano ya kawaida na ya kawaida kati yao.,0
3550,"Khap ni ukoo au kikundi cha koo zinazohusiana, haswa chini ya Jats ya magharibi mwa Uttar Pradesh na Haryana ya Mashariki.","Khap ni ukoo, au kikundi cha koo zinazohusiana, haswa kati ya Jats ya Mashariki ya Uttar Pradesh na Haryana Magharibi.",0
3556,"Kwa mfano, Cerberus inaonyeshwa katika amphibians katika endoderm ya visceral ya nje, na katika panya huonyeshwa kwenye endoderm ya nje ya dorsal.","Kwa mfano, katika amphibians Cerberus imeonyeshwa kwenye endoderm ya nje ya dorsal na katika panya huonyeshwa kwenye endoderm ya visceral ya nje.",0
3561,"Wakati wa mchakato huu, alihisi Emily Blunt na akamkuta kuwa Tamsin bora.","Wakati wa mchakato huu, mwishowe alihisi Emily Blunt, na akamkuta kuwa Tamsin bora.",1
3564,"Mji mkuu ni Abidjan tangu 1983, lakini Yamoussoukro bado ni kituo cha utawala.","Mji mkuu tangu 1983 ni Abidjan; Walakini, Yamoussoukro inabaki kuwa kituo cha kiutawala.",1
3566,"`` 2 '' Benjamin Hough aliolewa mnamo 29 Agosti 1806 na Stephen Ford, Jaji wa Amani, katika Kaunti ya Jefferson na Elizabeth Core.","Stephen Stephen aliolewa mnamo Agosti 29, 1806 katika Kaunti ya Jefferson, Elizabeth Core, na Benjamin Hough, Justice of Amani.",0
3568,"Huyghe alizaliwa mnamo 1962 huko Paris, anaishi na kufanya kazi huko Chile na New York.",Huyghe alizaliwa Chile na New York mnamo 1962. Huyghe anaishi na anafanya kazi huko Paris.,0
3574,"Norman Melancton Geddes, mzaliwa wa Norman Bel Geddes, (Aprili 27, 1893 - Mei 8, 1958) alikuwa mbuni wa maonyesho ya Amerika na wa viwandani.","Norman Bel Geddes, mzaliwa wa Norman Melancton Geddes (Aprili 27, 1893 - Mei 8, 1958), alikuwa mbuni wa maonyesho ya Amerika na wa viwandani.",0
3579,Timu ya kitaifa ya wanawake wa Uhispania inawakilisha Uhispania katika mashindano ya timu ya kimataifa ya squash na inasimamiwa na Real Federación Española de squash.,"Timu ya kitaifa ya squash ya wanawake ya Uhispania inawakilisha Uhispania katika mashindano ya timu ya kimataifa ya squash, na inasimamiwa na Real Federación Española de squash.",1
3584,"Katika mwisho wa kusini, Bwawa la Cook, ambalo pia lilikuwa linajulikana kama South Watuppa Pond, liko mashariki mwa Ziwa la Laurel na magharibi mwa Mto wa Taunton.","Bwawa la Cook, ambalo pia lilijulikana kama Laurel Lake, liko mwisho wa kusini wa Mto wa Taunton na magharibi mwa Bwawa la Watuppa Kusini.",0
3587,"Watoto wake walikuwa Marvin Eisenstadt, aliyeolewa na Barbara, Gladys Eisenstadt, Ira Eisenstadt, ambaye alifunga ndoa na Deirdre Howley, na Ellen Eisenstadt, ambaye alifunga ndoa na Herbert Cohen.","Watoto wao walikuwa Barbara, ambaye alifunga ndoa na Deirdre Howley, Gladys Eisenstadt, Ira Eisenstadt, ambaye alifunga ndoa na Herbert Cohen na Ellen Eisenstadt, waliolewa na Marvin Eisenstadt.",0
3590,"Usafirishaji wa anga hutolewa ndani kupitia ndege ndogo huko Taunton Mashariki, Berkley, na uwanja wa ndege wa mkoa huko New Bedford.","Usafirishaji wa anga hutolewa ndani na ndege ndogo huko Taunton Mashariki, Berkley, na uwanja wa ndege wa mkoa huko New Bedford.",1
3591,Aamir Khan amekubali kucheza mara baada ya kusoma maandishi ya Mehra katika `` rang de basanti ''.,"Mara tu baada ya kusoma maandishi ya Aamir Khan, Mehra alikubali kucheza katika `` Rang de Basanti ''.",0
3597,Kituo hicho kilitolewa mnamo 1947 na Uchunguzi wa Utegemezi wa Visiwa vya Briteni vya Uingereza kama Kituo F au `` Kisiwa cha Baridi '' kwenye Visiwa vya Argentina.,"Kituo hicho kilianzishwa na Utafiti wa Utegemezi wa Visiwa vya Uingereza kama Kituo F, au `` Visiwa vya Argentina '', kwenye Kisiwa cha Baridi mnamo 1947.",0
3602,Chombo kipya cha Masi (NME) kina dawa ambayo ni dhihaka inayofanya kazi ambayo haijawahi kupitishwa na FDA au kuuzwa huko Amerika.,Chombo kipya cha Masi (NME) ni dawa ambayo ina sehemu inayofanya kazi ambayo haijawahi kupitishwa na FDA au kuuzwa huko Amerika.,0
3605,"Ushuhuda usio wa moja kwa moja kwa jambo la giza hutoka kwa ushawishi wake wa mvuto juu ya jambo la giza, kwani hakuna chembe zingine ambazo zimezingatiwa katika maabara.","Ushuhuda wa moja kwa moja wa jambo la giza hutoka kwa ushawishi wake wa mvuto juu ya jambo la giza, kwani hakuna chembe zingine za jambo ambazo zimezingatiwa katika maabara.",1
3609,"Karibu ni Mto wa Wallowa, kijeshi cha Mto wa Lostine, mashariki mwa Milima ya Wallowa kaskazini mashariki mwa Oregon.","Karibu ni Mto wa Lostine, kijeshi cha Mto wa Wallowa, mashariki mwa Milima ya Wallowa ya kaskazini mashariki mwa Oregon.",0
3615,"Ya kwanza, au `` nyembamba '', mfumo una mistari nyekundu ya (o iii) na vitu vingine vya ionized kwenye mabadiliko ya z = 0.712.","Mfumo wa kwanza au `` nyembamba '' una mistari nyekundu ya (o iii) na vitu vingine vya ionized kwenye mabadiliko ya z = 0,712.",1
3617,"Mwanzoni mwa Julai, Steve Whitley, baba wa jinai wa Harper Whitley na Garrett Whitley, na kaka wa Benny Cameron.",Garrett Whitley alionekana mapema mapema Julai. Yeye ndiye baba wa jinai wa Harper Whitley na Steve Whitley na kaka wa Benny Cameron.,0
3619,"Imehamasishwa na Karatasi ya Nisbett na Wilson, Petter Johansson na wenzake walichunguza ufahamu wa masomo juu ya upendeleo wao wenyewe kwa kutumia mbinu mpya.","Petter Johansson na wenzake, waliochochewa na Nisbett na Wilson Karatasi, walichunguza ufahamu wa masomo juu ya upendeleo wao wenyewe kwa kutumia mbinu mpya.",1
3620,Albamu hiyo ina remix ya nyenzo ambayo hapo awali ilichanganywa na muuguzi na jeraha na ilitolewa mnamo 2007 kama iliyokataliwa.,Albamu hiyo ina remixes ya nyenzo ambayo ilitolewa hapo awali na muuguzi na jeraha na ilichanganywa kama imekataliwa mnamo 2007.,0
3621,"Scherer alikuwa mwekezaji katika Hoteli ya Thunderbird, Klabu ya Las Vegas na Hoteli ya Sahara.","Scherer alikuwa mwekezaji katika Hoteli ya Thunderbird, Klabu ya Las Vegas na Hoteli ya Sahara.",1
3624,"Mapendekezo kutoka Met hadi kupanuka kutoka Paddington kwenda Kensington Kusini na Kusini kutoka Moorgate hadi Mnara wa Mnara hadi Kusini yalikubaliwa na kupokea idhini ya kifalme mnamo Julai 29, 1864.",Mapendekezo kutoka kwa Met ili kupanua kusini kutoka Paddington hadi Kensington Kusini na mashariki kutoka Moorgate hadi Mnara wa Mnara yalikubaliwa na kupokea ridhaa ya kifalme mnamo 29 Julai 1864.,0
3629,"Upigaji upinde katika muktadha huu pia hujulikana kama moja ya sanaa ya `` isiyo na usawa '', jamii ambayo wakati mwingine inajumuisha kutupa kisu na risasi - maandamano.","Upigaji upinde katika muktadha huu pia hujulikana kama moja ya sanaa ya `` isiyo na usawa '', jamii ambayo wakati mwingine inajumuisha maandamano ya kutupa kisu na maandamano ya sharpshooting.",1
3630,Marejesho ya giza ni mahali pa pekee pa mafungo katika nafasi ambayo haina mwanga kabisa.,Marejesho ya giza ni mafungo ya solo katika nafasi ambayo haipo kabisa mwanga.,1
3647,"Mwanzoni mwa miaka ya 1950, Fiaminghi alianza kuunda kazi ambazo zilikuwa sanaa ya kufikirika na kuingiza vitu vya sanaa yenye kujenga.","Mwanzoni mwa miaka ya 1950, Fiaminghi alianza kuunda kazi ambazo zilikuwa sanaa ya kujenga, ikijumuisha mambo ya sanaa ya kufikirika.",0
3651,Ligi ya Bara ilikuwa jaribio kubwa la mwisho la kuunda ligi mpya iliyo na vilabu kuu vya tatu.,Ligi ya Bara ilikuwa jaribio kubwa la mwisho la kuunda ligi mpya ya vilabu vikuu vya tatu.,1
3652,Ilikuwa toleo la sita la mashindano na kituo cha tatu cha Mfululizo wa Dunia wa 2013 - 14 IRB Sevens.,Ilikuwa toleo la sita la mashindano na kituo cha tatu cha Mfululizo wa Dunia wa 2013 - 14 IRB Sevens.,1
3657,Kituo hiki ni sehemu ya Metra ya Wilaya ya Rock Island ambayo inaendesha kati ya Kituo cha Mtaa wa Joliet na LaSalle katika kitanzi cha Chicago.,Kituo hiki ni sehemu ya Metra ya Kituo cha Mtaa wa LaSalle ambayo inaendesha kati ya Joliet na Wilaya ya Rock Island wilayani Chicago.,0
3662,Mfumo wa nafasi ya vector ya 13 inaitwa `` kitu cha kuanza '' au `` muundo wa awali kwa heshima na data uliyopewa.,Mfumo wa nafasi ya kwanza ya vector 13 inaitwa kitu cha awali `` au '' muundo wa kitolojia kwa heshima na data uliyopewa.,0
3666,Ni mjane wa Bruce Paltrow na mama wa mwigizaji Gwyneth Paltrow na mkurugenzi Jake Paltrow.,Yeye ndiye mjane wa Bruce Paltrow na mama wa mwigizaji Gwyneth Paltrow na mkurugenzi Jake Paltrow.,1
3675,Diboll na Owen wa New Orleans walikuwa wasanifu na G. A. Chamblin wa Simu alikuwa mkandarasi.,"Wasanifu walikuwa Diboll na Owen wa New Orleans, na G. A. Chamblin kutoka Simu alikuwa mkandarasi.",1
3678,Mto wa Breaza ni kijeshi cha Mto wa Geamărtălui huko Romania.,Mto Breaza ni kijeshi cha Mto Geamărtălui huko Romania.,1
3682,"Mhariri wa pili ni Herbert Wessels (tangu 2009), mhariri mkuu ni Markus Ermert (tangu 2002).","Mhariri mkuu ni Herbert Wessels (tangu 2009), mhariri wa pili ni Markus Ermert (tangu 2002).",0
3690,"Mnamo tarehe 17 Agosti 1865, Mjitolea wa 3 wa New York - Cavalry na Cavalry wa 16 wa kujitolea wa New York aliunganishwa katika 13 New York Cavalry.","Mnamo Agosti 17, 1865, Cavalry ya 13 ya kujitolea ya New York iliunganishwa na wapanda farasi wa 16 wa kujitolea wa New York kuunda Cavalry ya 3 ya New York.",0
3694,"Leo, wengi wao wanaishi Bulgaria, wengine bado huko Ugiriki.","Wengi wao wanaishi leo huko Ugiriki, wengine bado huko Bulgaria.",0
3699,"Mnamo 1937, Gerald Heard alihamia Hollywood na mkewe Maria, mtoto Huxley, na rafiki Matthew Huxley.","Mnamo 1937, Gerald Heard alihamia na mkewe, Maria, mtoto Huxley, na rafiki Matthew Huxley kwenda Hollywood.",1
3705,Katika msimu wa joto wa 1924 alikwenda Kata ya Muungano kusini mwa Arkansas kufanya kazi katika ofisi huko Norphlet karibu na Smackover katika boom ya mafuta.,"Katika msimu wa joto wa 1924, alikwenda katika Kata ya Union huko Arkansas Kusini kufanya kazi katika boom ya mafuta katika ofisi huko Norphlet karibu na Smackover.",1
3706,"Yamato Colony, California ilikuwa jamii ya kilimo ya Japan huko Livingston, California.","California ilikuwa jamii ya Kijapani ya Kijapani huko Livingston, Yamato Colony, California.",0
3707,"Soto alizaliwa huko Fort Worth, lakini alihamia katika umri wa mwaka mmoja kwenda Monterrey huko Mexico.","Soto alizaliwa huko Monterrey, Mexico, lakini alihamia Fort Worth, akiwa na umri wa miaka moja.",0
3713,"Mnamo Novemba 1989, Delaney alikuwa mwanachama wa Soko la Hisa la New York na akawa Mkurugenzi Mkuu wa Henderson Brothers, Inc., na Bear Wagner.","Mnamo Novemba 1989, Delaney alikua mwanachama wa Soko la Hisa la New York na akawa Mkurugenzi Mkuu wa Henderson Brothers, Inc., na Bear Wagner.",1
3716,Katika nakala zingine ilipongeza maoni ya kiuchumi yaliyowekwa msingi wa mpango wa Schuman na kusifu upanuzi wa soko la kawaida la Ulaya.,"Katika nakala zingine, ilisifu maoni ya kiuchumi yaliyowekwa msingi wa mpango wa Schuman na kupongeza upanuzi wa soko la kawaida la Ulaya.",1
3717,Aliongeza kuwa ubakaji huo ulitokea muda mfupi baada ya tukio hilo.,Aliongeza kuwa ubakaji huo ulitokea muda mfupi baada ya tukio hilo kutokea.,1
3719,"Mashindano mengine rasmi ya ulimwengu yalianza kama ifuatavyo: Rasimu za Brazil, mnamo 1985; Rasimu za Urusi, mnamo 1993; Rasimu za Kituruki, mnamo 2014.","Mashindano mengine rasmi ya ulimwengu yalianza kama ifuatavyo: mnamo 1985 Brazil, mnamo 1993 Kituruki, mnamo 2014 Kirusi.",0
3720,Mkutano huo unaingiliwa na kuwasili kwa wajumbe wengi kutoka kwa Mardukans wenye nguvu au wenye ushawishi katika jiji na mialiko mbali mbali ya chakula cha jioni kwa mkuu.,Mkutano huo unaingiliwa na kuwasili kwa wajumbe mbali mbali kutoka kwa Mardukans wenye nguvu au wenye ushawishi katika jiji hilo na mialiko mingi ya chakula cha jioni kwa Prince.,1
3723,Wilhelm Keppler alijiunga na Cuno mnamo 1932 kushauriana na Adolf Hitler kiuchumi.,"Mnamo 1932, Cuno alijiunga na Wilhelm Keppler kushauri Adolf Hitler kiuchumi.",0
3729,"Ngoma hiyo ilikuwa moja ya msukumo wa wimbo wa Kutoka `` The Fabulous Waltz '', kutoka kwa albamu yao ya 1989 `` Toxic Maafa ''.",Ngoma hiyo ilikuwa moja ya msukumo wa Kutoka - Wimbo `` Toxic Waltz '' kutoka kwa albamu yake `` Fabulous Maafa '' kutoka 1989.,0
3730,"Idadi ya moto ulioripotiwa mapema Februari ulikuwa saa 73 na 26 nje ya udhibiti, na wakati uliotarajiwa kuwa kudhibiti mwezi mwingine wa moto.",Idadi ya moto ulioripotiwa mwanzoni mwa Februari ulikuwa 73 na 26 nje ya udhibiti na inatarajiwa kuwa wakati wa kudhibiti mwezi mwingine wa moto.,1
3733,Mto wa Valea Lui Lambă au Mto wa Lom ni kijeshi cha Mto wa șimon huko Romania.,Mto Valea Lui Lambă au Mto wa Lom ni kijeshi cha mto `` unk '' Imon huko Romania.,1
3734,"Mnamo mwaka wa 2015, Idara ya elimu ya Florida ilitangaza Kamishna Pam Stewart uteuzi wa Madeline Pumariega kama Chancellor wa Mfumo wa Chuo cha Florida.","Mnamo mwaka wa 2015, Kamishna wa Idara ya elimu ya Florida Pam Stewart alitangaza kuteuliwa kwa Madeline Pumariega kama Chancellor wa Mfumo wa Chuo cha Florida.",1
3745,"Mnamo 1993, wakati Platzer alifungua mgahawa wake wa pili huko Allentown, alibadilisha jina hilo kuwa P. J. Whelihan kumheshimu babu yake Peter Joseph Whelihan.","Mnamo 1993, wakati Peter Joseph Whelihan alifungua mgahawa wake wa pili huko Allentown, alibadilisha jina hilo kuwa P. J. Whelihan kwa heshima ya babu yake, Platzer.",0
3750,"Kufuatia vita vya Bahari ya Coral, `` Barnett '' walisafirisha waathirika 1,360 kutoka USS Lexington (CV-2) kutoka Nouméa hadi San Diego.","Baada ya Vita vya Bahari ya Coral, `` Barnett alisafirisha waathirika 1,360 kutoka USS Lexington (CV-2) kutoka Nouméa hadi San Diego.",1
3752,Maandalizi hayo yalipewa hati miliki na Dk. Patrick Ukurasa na timu yake na zuliwa na Genkyotex mnamo 2007.,"Kiwanja hicho kilianzishwa na Dk. Patrick Ukurasa na timu yake, na kilipewa hati miliki mnamo 2007 na Genkyotex.",0
3754,Fossils zinazopatikana kawaida katika St. Louis ni pamoja na matumbawe ya Bryozoan `` lithostrotion '' na `` lithostrotionla '' na rugosan `` Fenestrellina ''.,Fossils zinazopatikana mara kwa mara huko St. Louis ni pamoja na matumbawe ya rugosan '' lithostrotion `` na '' lithostrotionla `` na Bryozoan '' Fenestrellina` `.,0
3755,"Propilidium Pelseneeri ni spishi ya konokono ya bahari, limpet ya kweli, mollusk ya baharini katika familia ya Lepetidae, moja ya familia za limpets za kweli.","Propilidium Pelseneeri ni spishi ya konokono ya bahari, limpet ya kweli, mollusk inayofaa ya gastropod katika familia ya Lepetidae, moja ya familia za limpets za baharini.",0
3757,"Spectrum aeronautical ni msanidi programu wa ndege anayeishi Carlsbad, California, na kituo cha maendeleo huko Uhispania Fork, Utah.","Spectrum aeronautical ni msanidi programu wa ndege anayeishi Carlsbad, California na kituo chake cha maendeleo kilichopo Uhispania Fork, Utah.",1
3774,"Mzaliwa wa Tiburon, California, alikufa huko Brooklyn, New York.","Alizaliwa huko Brooklyn, New York, alikufa huko Tiburon, California.",0
3775,"Mchezo huo ulichapishwa mnamo 1631 chini ya subtitle yake, `` Shule ya Kusaidia '', katika quarto iliyochapishwa na Elizabeth Allde kwa muuzaji wa vitabu Francis Constable.",Sehemu hiyo ilichapishwa mnamo 1631 chini ya subtitle yake `` Shule ya Kusaidia '' katika quarto iliyochapishwa na Elizabeth Allde kwa muuzaji wa vitabu Francis Constable.,0
3782,"Cape Don alipewa jina baada yake mnamo 1818 na George Don kama pongezi kwa Jenerali Sir Phillip Parker King, mjumbe wa Gibraltar.","Cape Don alipewa jina mnamo 1818 na Phillip Parker King kama pongezi kwa Jenerali Sir George Don, Gavana wa Luteni wa Gibraltar.",0
3795,"Alisafiri kutoka Galveston, Texas mnamo 12 Septemba 1943 na alifika Key West mnamo 16 Septemba.","Alisafiri kutoka Key West mnamo Septemba 12, 1943, na akafika Septemba 16 huko Galveston, Texas.",0
3797,"Inaendeshwa na Chemins de Fer Luxembourgeois, kampuni ya reli inayomilikiwa na serikali.","Inamilikiwa na Chemins de Fer Luxembourgeois, kampuni ya reli inayomilikiwa na serikali.",0
3799,"Mason alifanya muonekano wake wa kwanza wa skrini kama Glockner wakati wa matangazo ya sehemu hiyo mnamo tarehe 22 Februari, 2013.","Muonekano wake wa kwanza wa skrini kama Glockner wakati wa sehemu hiyo ulitangazwa mnamo Februari 22, 2013.",1
3807,"Baada ya kuhamia Salt Lake City mnamo 1920s na kisha Ogden Utah, Robertson na familia yake walikaa Mapleton Utah mnamo 1937.","Baada ya kuhamia Ogden Utah katika miaka ya 1920 na kisha kwa Salt Lake City, Robertson na familia yake walikaa Mapleton Utah mnamo 1937.",0
3815,"Mnamo Septemba 29, 1874, Annette alifunga ndoa na Amelia Crum Bryant, binti ya Samuel Crum, na walikuwa na binti.","Annette Amelia Crum alifunga ndoa na Bryant, binti ya Samuel Crum, mnamo Septemba 29, 1874. Walikuwa na binti mmoja.",0
3822,"Jiji liko mwisho wa kulia wa `` Horta de València '', kwenye benki ya magharibi ya mto Turia.","Jiji liko katika benki ya kulia ya `` Horta de València '', kwenye pwani ya magharibi ya mto Turia.",1
3824,"Ubunifu huu ulipata kiwango cha juu cha uwezo wa mfumo wa BRT hadi abiria 35,000 kwa saa.","Pamoja na uvumbuzi huu, uwezo wa juu wa mfumo wa BRT uliongezeka hadi abiria 35,000 kwa saa.",0
3825,"Ukumbi uliofuata wa mji ulijengwa kwa mtindo wa Baroque mnamo 1627 na uliharibiwa mnamo 1650, 1653, 1735 na 1779.","Jumba lililofuata la mji liliharibiwa kwa mtindo wa Baroque mnamo 1627 na kujengwa mnamo 1650, 1653, 1735 na 1779.",0
3830,Sehemu hiyo iliandikwa na Chuck Tatham na kuongozwa na Fred Savage.,Matokeo yake yameandikwa na Fred Savage na kuelekezwa na Chuck Tatham.,0
3831,Mto Hudeasa ni kijeshi wa Mto wa Bradu huko Romania.,Mto wa Hudeasa ni huduma ya Mto wa Bradu huko Romania.,1
3832,Israeli ni albamu ya Waamerika wa Jazz Trombonists Kai Winding na J. J. Johnson wakishirikiana na maonyesho yaliyorekodiwa mnamo 1968 na kutolewa kwenye lebo ya CTI.,Israeli ni albamu ya Waandishi wa habari wa Jazz wa Amerika Kai Winding na J. J. Johnson na maonyesho yaliyochapishwa mnamo 1968 na kurekodiwa kwenye c.,0
3837,"Nvidia alitangaza rasmi Nvidia Titan V mnamo Desemba 7, 2017.","Nvidia Titan V ilitangazwa rasmi na Nvidia mnamo Desemba 7, 2017.",1
3839,Mwanahistoria wa zamani wa Uigiriki Thucydides aliandika kwamba kabila la Thracian la Agrianes linaishi katika Terme ya Pernik.,Mwanahistoria wa zamani wa Uigiriki Thucydides aliandika kwamba katika Therritory of Pernik anaishi kabila la Thracian la Agrianes.,1
3840,"Joshua Pim alimpiga Wilfred Baddeley, 6 - 4, 1 - 6, 7 - 5, 6 - 0.","Wilfred Baddeley alishinda Joshua Pim, 6 - 4, 1 - 6, 7 - 5, 6 - 0",0
3843,"Bahrawal ni kijiji katika wilaya ya Bhopal ya Madhya Pradesh, India. Iko katika Berasia Tehsil.","Bahrawal ni kijiji katika wilaya ya Bhopal ya Madhya Pradesh, India. Iko katika berasia tehsil.",1
3849,"Kwa joto la juu na shinikizo kubwa la hidrojeni, hidrojeni inaweza kugawanyika ndani ya aloi za kaboni.","Na joto la juu na shinikizo kubwa la hydrogen, haidrojeni inaweza kutengana ndani ya aloi za kaboni.",1
3857,Mto wa Jiul de Vest ni kijeshi cha Mto wa Jidanul huko Romania.,Mto Jiul de Vest ni kijeshi cha Mto wa Jidanul huko Romania.,1
3860,Mabaki ya makanisa mawili yaliyohifadhiwa bado ya Armenia yaliharibiwa sehemu mwishoni mwa kipindi cha Soviet.,Mabaki ya makanisa mawili ambayo bado yaliyohifadhiwa ya Armenia yaliharibiwa kwa sehemu mwishoni mwa kipindi cha Soviet.,1
3861,"Wimbo huo ulionyeshwa katika promo ya pili kwa msimu wa sita wa `` Wana wa Anarchy '', safu ya runinga ya mtandao wa FX.","Wimbo huo uliwasilishwa katika promo ya sita kwa msimu wa pili wa `` Wana wa Anarchy '', mtandao wa runinga wa FX.",0
3867,"Marshall Scott III ni msimamizi tangu Juni 1, 2017, afisa mkuu wa taaluma ni Lisa Moya, Afisa Mkuu wa Teknolojia, Josh Solis","Dk. Marshall Scott III amekuwa msimamizi tangu Juni 1, 2017. Afisa mkuu wa masomo ni Lisa Moya. Afisa Mkuu wa Teknolojia ni Josh Solis.",1
3872,Michael Liebel Sr. alikuwa na umri wa miaka 14 wakati wazazi wake walikuja Ujerumani kutoka Erie kwenda Pennsylvania.,Michael Michael Liebel Sen alikuwa na umri wa miaka 14 wakati wazazi wake walitoka Erie kwenda Pennsylvania kwenda Ujerumani.,1
3882,Papa alipendekeza mnamo 1980 suluhisho ambalo lilikubaliwa na Chile na kukataliwa na Argentina.,"Mnamo 1980, Papa alipendekeza suluhisho ambalo lilikataliwa na Chile na kukubaliwa na Argentina.",0
3888,"Kutoka kwa kuunganishwa kwa Baraza la Mito Nne na Baraza la Audubon, Baraza la Trails la Shawnee lilizaliwa.",Baraza la Audubon liliundwa kutoka kwa Chama cha Baraza la Trails la Shawnee na Baraza la Mito nne.,0
3892,"Katika mazoezi ni mesquite `` moduli '' Java - madarasa, kawaida vijidudu vya saruji ya ufafanuzi wa darasa la kawaida.","Kwa mazoezi ni mesquite `` moduli '' Java - madarasa, kawaida hupunguza vifungu vya ufafanuzi wa darasa la saruji.",0
3896,Ngazi ya mali ni neno linalotumika sana nchini Uingereza kuelezea tofauti za jamaa katika hali ya mara kwa mara kutoka kwa bei rahisi hadi nyumba ghali zaidi.,Meneja wa mali ni neno linalotumika sana nchini Uingereza kuelezea tofauti za jamaa katika hali ya kila wakati kutoka kwa bei rahisi hadi nyumba ghali zaidi.,1
3903,Wenceslaus hakufurahiya ushindi wake kwa muda mrefu. Alikufa mnamo 23 Septemba 1253 na Ottokar II alifanikiwa.,"Wenceslaus hakufurahia ushindi wake, alikufa mnamo 23 Septemba 1253 na Ottokar II.",0
3908,"Santa Cruz Sky Park ilikuwa uwanja wa ndege katika Bonde la Scotts, California, ndani ya Kaunti ya Santa Cruz.","Kaunti ya Santa Cruz ilikuwa uwanja wa ndege katika Bonde la Scotts, California, ndani ya Santa Cruz Sky Park.",0
3909,Fishman anashikilia digrii ya bachelor kutoka Chuo Kikuu cha Columbia na digrii ya Master kutoka Chuo Kikuu cha Brown katika Uchumi.,Fishman anashikilia digrii ya bachelor kutoka Chuo Kikuu cha Brown na digrii ya Master katika Uchumi kutoka Chuo Kikuu cha Columbia.,0
3910,"Baada ya Vita vya Bahari ya Coral, `` Barnett alisafirisha waathirika 1,360 kutoka USS Lexington (CV-2) kutoka Nouméa hadi San Diego.","Kufuatia vita vya Bahari ya Coral, `` Barnett '' walisafirisha waathirika 1,360 kutoka USS Lexington (CV-2) kutoka San Diego kwenda Nouméa.",0
3913,"Rastogi alikuwa katibu mkuu wa 9 wa zamani wa Lok Sabha na 10 Lok Sabha na Sekretarieti ya Lok Sabha, Bunge la India.","Rastogi alikuwa katibu mkuu wa 9 wa zamani wa Lok Sabha na 10 Lok Sabha na Sekretarieti ya Lok Sabha, Bunge la India.",1
3915,"Muziki wao unazingatiwa na wengi kama chuma cha viwandani na chuma cha rap na ushawishi mbadala wa chuma. Kulingana na mahojiano ya zamani, wanajiona `` mwamba wa mauaji ''.","Muziki wao unazingatiwa na wengi kama chuma cha viwandani na chuma cha rap na ushawishi mbadala wa chuma, kulingana na mahojiano ya zamani wanajiona kuwa '' mauaji - mwamba ``.",1
3930,"Leo, wengi wao wanaishi Bulgaria, wengine bado huko Ugiriki.","Wengi wao wanaishi Bulgaria leo, wengine bado wako Ugiriki.",1
3931,"Thornwood Common ni kijiji kwenye Barabara ya B1393, katika manispaa ya Epping Msitu na Wilaya ya Weald Bassett ya Essex, England.","Thornwood Common ni kijiji kwenye barabara ya B1393, katika parokia ya kiraia ya Weald Bassett na Wilaya ya Epping ya Essex, England.",0
3933,"Finale ni mji nchini Afrika Kusini, ulioko katika mkoa wa Manispaa ya Wilaya ya Limpopo Mopani.",Finale ni mji nchini Afrika Kusini katika Mkoa wa Limpopo wa Manispaa ya Wilaya ya Mopani.,1
3941,Njia nyingine ya kudhibiti idadi ya kulungu ni kudhibiti kiwango cha uzazi.,Njia nyingine ya kudhibiti idadi ya kulungu ni kudhibiti kiwango cha kuzaliwa.,1
3953,Ni kituo cha kusherehekea cha Hija kilichopo kilomita 78 kutoka Belgaum na kilomita 37 kutoka Dharwad.,Ni kituo cha kusherehekea cha Hija kilichopo kilomita 78 kutoka Dharwad na kilomita 37 kutoka Belgaum.,0
3957,"Mnamo 1966, nyumba yake ya sanaa ilianza katika Mtaa wa Cork wa London, Alex Bernstein alikuwa na msaada wa Leslie Waddington, mwanachama wa nasaba ya vyombo vya habari ya Granada.","Mnamo 1966, alianza nyumba yake ya sanaa huko Cork Street huko London, Leslie Waddington alikuwa na msaada wa Alex Bernstein, mwanachama wa nasaba ya vyombo vya habari Granada.",0
3961,"Alihamia San Diego, California mnamo 1876, na kwa Dallas, Texas mnamo 1887.","Alihamia Dallas, Texas mnamo 1876, na mnamo 1887 kwenda San Diego, California.",0
3962,Mhimili huo ulichorwa na alley iliyosimamishwa kwenye jani la Trivaux.,Mhimili ulitolewa na alley kwenye jangwa la Trivaux.,1
3964,"Mnamo Novemba 1989, Delaney alikuwa mwanachama wa Soko la Hisa la New York na akawa Mkurugenzi Mkuu wa Henderson Brothers, Inc., na Bear Wagner.","Mnamo Novemba 1989, Delaney alikua mwanachama wa Soko la Hisa la New York na alikuwa Mkurugenzi Mkuu anayesimamia Henderson Brothers, Inc., na Bear Wagner.",0
3971,LUSAGHBYUR (pia ni ya Kirumi kama Lusakhpyur; zamani Svanverdi na Svan) ni kijiji katika mkoa wa Shirak wa Armenia.,"Lusaghbyur (zamani wa Kirumi kama Lusakhpyur; pia, Svanverdi na Svan) ni kijiji katika mkoa wa Shirak wa Armenia.",0
3974,Bwawa ni karibu mita 110 na juu yake ni karibu mita 5 kwa upana.,Bwawa ni takriban mita 110 kwa urefu na juu yake ni karibu mita 5 kwa upana.,1
3978,"Baada ya kuhamia Salt Lake City mnamo 1920 na kisha Ogden Utah, Robertson na familia yake walikaa Mapleton Utah mnamo 1937.","Baada ya kuhamia Ogden Utah miaka ya 1920 na kisha Salt Lake City, Robertson na familia yake walikaa Mapleton Utah mnamo 1937.",0
3979,Xenophanes alikuwa mshairi wa kifalsafa ambaye maoni yake ya umoja wa fumbo yalikuwa yanahusiana na dini.,Xenophanes alikuwa mshairi wa kifalsafa ambaye maoni yake ya umoja wa fumbo yalikuwa yanahusiana na dini.,1
3980,"Hali ya kisiasa ya Alsace imeathiriwa sana na maamuzi ya kihistoria, vita, na siasa za kimkakati.","Hali ya kihistoria ya Alsace ilisukumwa sana na maamuzi ya kimkakati, vita, na siasa za kisiasa.",0
3993,"Hata kuna isobars tatu tofauti za beta, ambazo zinajulikana kwa majaribio, kwa mfano, na zote ni za beta.","Kwa maana hata, kuna isobars tatu tofauti za beta zinazojulikana; Kwa mfano ,,, na yote ni ya beta.",1
3995,"Monroe Meadows, katika Bridalveil Falls karibu na Bonde la Yosemite, pia ametajwa kwa George Monroe.","Monroe Meadows, katika Bonde la Yosemite karibu na Bridalveil Falls, pia ametajwa baada ya George Monroe.",0
3997,"Mfumo wa kwanza au `` nyembamba '' una mistari nyekundu ya (o iii) na vitu vingine vya ionized kwenye mabadiliko ya z = 0,712.",Mfumo wa kwanza au `` nyekundu '' una mistari nyembamba ya (o iii) na vitu vingine vya ionized na mabadiliko ya z = 0.712.,0
4002,Lito alichezea mpira wa Zingone Club.,Zingone alichezea mpira wa kilabu wa Lito.,0
4005,"`` Kila kitu lakini wewe '' ni wimbo wa 1945, ulioundwa na Duke Ellington na Harry James ulioandikwa na maandishi na Don George.","`` Kila kitu lakini wewe '' ni wimbo wa 1945, ulioundwa na Don George, ulioandikwa na Duke Ellington na Harry James.",0
4007,Alifundishwa na John Velazquez na kupandishwa na Jockey Dale Romans katika mbio zake muhimu zaidi.,Alifundishwa na Dale Roma na alikuwa amepandishwa na jockey John Velazquez katika mbio zake muhimu zaidi.,0
4013,"Waaminifu walipiga kambi upande wa magharibi wa Catawba River, wakati jeshi la Jenerali Charles Cornwallis lilipiga kambi upande wa mashariki.",Waaminifu walipiga kambi upande wa magharibi wa Mto wa Catawba wakati Jeshi la Jenerali Charles Cornwallis 'lilikuwa limepiga kambi upande wa mashariki.,1
4014,"Jamaa mkubwa - wazi - gene iko kwenye moja ya chromosomes nyingine, na hakuna uhusiano unaojulikana wa jeni hili na mabadiliko ya autosomal.",Jeni kubwa la wazi liko kwenye moja ya chromosomes zingine. Hakuna uhusiano unaojulikana wa jeni hii na mabadiliko yoyote ya autosomal.,1
4020,"Katika mchezo wake wa kwanza kwa LSU, alichukua marudio 32 dhidi ya Chuo Kikuu cha Tulane.","Katika mchezo wake wa kwanza kwa LSU, alichukua marudio 32 dhidi ya Chuo Kikuu cha Tulane.",1
4023,"Mnamo 1911 Jumba la Town lilijengwa tena, liliharibiwa kwa sehemu mnamo 1945 na kurejeshwa katika miaka ya 1960.","Mnamo 1911 Jumba la Town liliharibiwa, likarejeshwa kwa sehemu mnamo 1945 na kujengwa tena miaka ya 1960.",0
4026,Manga ina videogame ya Hifadhi ya Sega Mega na jina moja huko Japan na Asia.,Manga ina mchezo wa video kwa Hifadhi ya Sega Mega huko Asia na Japan na jina moja.,1
4030,Tangu 1984 Patricia Dale ameolewa na Patricia Meyer na kwa pamoja wana watoto wawili: Ryan (amezaliwa 1988) na Blake (amezaliwa mnamo 1992).,"Tangu 1984, Blake ameolewa na Patricia Meyer na ana watoto wawili: Ryan (amezaliwa 1988) na Dale (amezaliwa 1992).",0
4031,"Ubora wa waendeshaji wa hesabu umekosolewa, kwa kweli na 'ni waendeshaji wenye busara kama na +.","Utangulizi wa waendeshaji mantiki wa busara umekosolewa. Kwa kweli, na na ni waendeshaji wa hesabu kama na +.",0
4034,"Katika sehemu ya 1985 ya `` The Tonight Show inayoonyesha Johnny Carson '', Johnny anataja hadithi hiyo na kumwambia Sidekick Ed McMahon njama.",Katika sehemu ya 1985 ya `` The Tonight Show na Johnny Carson '' Johnny anataja hadithi hiyo na kumwambia njama ya Ed McMahon.,1
4038,Scapes ni fupi sana au haipo.,Scapes ni fupi sana au hazipo.,1
4039,Katika umri wa miaka kumi na tisa alihamia New York na mnamo 2011 kwenda Stockholm.,"Katika umri wa miaka 19 alihamia Stockholm, ambapo alihamia New York mnamo 2011.",0
4040,Mto Neajlovel ni kijeshi cha mto Neajlov huko Romania.,Mto wa Neajlovel ni kijeshi cha Mto wa Neajlov huko Romania.,1
4048,Mwanawe Aloka Liyanage ameolewa na binti ya muigizaji Saumya Liyanage na Indrachapa Liyanage na baba ya Jackson Anthony.,Mwanawe Aloka Liyanage ameolewa na binti ya muigizaji Jackson Anthony. Yeye pia ni baba wa Saumya Liyanage na Indrachapa Liyanage.,0
4049,Aina hiyo ilielezewa kwanza na mtaalam wa mimea Stephan Endlicher mnamo 1846 kama sehemu ya kazi ya Johann Georgia Christian Lehmann `` Irideae. Plantae preissinae ''.,Aina hiyo ilielezewa rasmi mnamo 1846 na mtaalam wa botanist Johann Georgia Christian Lehmann ndani ya mfumo wa kazi ya Stephan Endlicher `` Irideae Plantae preissianae ''.,0
4050,Toleo lililofuata lilitolewa mnamo 1986 na kaka wa Robert Fuller Ron.,Toleo lililofuata liliundwa mnamo 1986 na kaka wa Ron Robert Fuller.,0
4052,"Mchezo huo ulichapishwa mnamo 1631 chini ya subtitle yake, `` Shule ya Kusaidia '', katika quarto iliyochapishwa na Elizabeth Allde kwa muuzaji wa vitabu Francis Constable.",Sehemu hiyo ilichapishwa mnamo 1631 chini ya subtitle `` Shule ya Kusaidia '' katika quarto iliyochapishwa na Elizabeth Allde kwa muuzaji wa vitabu Francis Constable.,0
4054,"Somers alikuwa mtoto wa Richard Eliot, 1 Baron Somers na Charles Cocks, binti ya Elizabeth.","Somers alikuwa mtoto wa Charles Cocks, 1 Baron Somers, na Elizabeth, binti ya Richard Eliot.",0
4055,"Shule ya Upili ya Slough ilikuwa shule ya kuchagua kwa wasichana huko Berkshire, sasa Slough, Buckinghamshire.","Shule ya Upili ya Slough ilikuwa Shule ya Sarufi ya Wasichana huko Berkshire, sasa Slough, Buckinghamshire.",1
4056,"Mnamo Novemba 13, 2016, David Machado alimuua Dennis Wallace huko Fox Grove Park karibu na mji wa Hughson.","Mnamo Novemba 13, 2016, David Machado aliuawa katika Fox Grove Park karibu na mji wa Hughson na Dennis Wallace.",0
4059,"Abies Lasiocarpa, inayojulikana kama Mti wa Magharibi mwa Amerika ya Kaskazini au Rocky Mountain Fir Fir, ni mti wa subalpine.","Abies Lasiocarpa, kwa ujumla huitwa Subalpine Fir au Rocky Mountain Fir Fir, ni magharibi mwa Amerika ya Kaskazini.",0
4060,Michael Liebel Sr. alikuwa na umri wa miaka 14 wakati wazazi wake walikuja Ujerumani kutoka Erie kwenda Pennsylvania.,"Michael Liebel Sr. alikuwa na umri wa miaka 14 wakati wazazi wake walikuja kutoka Ujerumani kwenda Erie, Pennsylvania.",0
4064,"Ajali ya ndege ya aerosucre 4544 ilikuwa tukio la kwanza la anga lililohusisha aerosucre, ya pili ikiwa ni ajali ya Boeing 727 nyingine mnamo Novemba 18, 2006.","Ajali ya ndege ya aerosucre 4544 ilikuwa tukio la pili la anga na Aerosucre, ya kwanza kuwa ajali ya Boeing 727 nyingine mnamo Novemba 18, 2006.",0
4065,"Mama wa Acheson Alice alikuwa mchoraji, na babu yake mama alikuwa Jane C. Stanley, wakili wa reli na Louis Stanley, alikuwa mtu wa majini.","Mama wa Acheson Alice alikuwa mchoraji, na babu yake mama alikuwa Jane C. Stanley, wakili wa reli na Louis Stanley, alikuwa mtu wa maji.",1
4083,"Jumba lililofuata la mji liliharibiwa kwa mtindo wa Baroque mnamo 1627 na kujengwa mnamo 1650, 1653, 1735 na 1779.","Ukumbi uliofuata wa mji uliojengwa mnamo 1627, kwa mtindo wa usanifu wa Baroque, na uliharibiwa mnamo 1650, 1653, 1735, na 1779.",0
4088,"Shule ya Upili ya Slough ilikuwa shule ya kuchagua kwa wasichana huko Berkshire, sasa Slough, Buckinghamshire.","Shule ya Upili ya Slough ilikuwa shule ya kuchagua kwa wasichana huko Slough, Buckinghamshire, sasa Berkshire.",0
4096,Wimbo huu uliandikwa na kutengenezwa na gala iliyoundwa na Filippo Andrea Carmeni na Maurizio Molella.,Wimbo huo uliandikwa na kutungwa na Gala na Filippo Andrea Carmeni na Maurizio Molella.,0
4099,"Saragyugh (zamani wa Kirumi kama Saragyukh; pia Darakoy, Darakey na Daragyukh) ni kijiji katika mkoa wa Shirak wa Armenia.","Saragyugh (zamani wa Kirumi kama Saragyukh; pia, Darakoy, Darakey, na Daragyukh) ni kijiji katika mkoa wa Shirak wa Armenia.",1
4101,Fusako Shigenobu ni mama wa mwandishi wa habari wa Japani Mei Shigenobu.,"Fusako Shigenobu ni mama wa Mei Shigenobu wa kitaifa wa Japani, mwandishi wa habari.",1
4110,"Aliendelea na uhusiano wake na ESPN kugeuza filamu zingine mbili kwa mtandao, `` Wendell Scott '' na `` Herschel ''.","Aliendelea na uhusiano wake na ESPN akielekeza filamu zingine mbili kwa mtandao, `` Herschel '' na `` Wendell Scott ''.",1
4111,Iyer baadaye alionekana kwenye filamu ya Kannada `` Jaggu Dada '' na muigizaji Darshan.,Ifuatayo Iyer alionekana katika Kannada - sinema `` darshan '' na muigizaji Jaggu Dada.,0
4112,Kikosi hicho kiliacha Philadelphia mnamo Oktoba 1777 ili kujiunga na jeshi kuu la Jenerali George Washington nje ya Boston.,Kikosi hicho kiliacha Philadelphia mnamo Oktoba 1777 ili kujiunga na jeshi kuu la Jenerali George Washington nje ya Boston.,1
4114,Alibadilishwa katika mapinduzi ya mfululizo na Murtala Mohammed (1975) na Olusegun Obasanjo (1976).,Alibadilishwa na Olusegun Obasanjo (mnamo 1975) na Murtala Mohammed (mnamo 1976) katika mapinduzi yanayofuata.,0
4116,"Kati ya treni maarufu zaidi ni: Simanta Express na Rupsha Express kwa Dhaka, Titumir Express kwa Dhaka, Nilsagar Express kwa Rajshahi na Lalmoni Express kwa Khulna.","Kati ya treni maarufu zaidi ni: Simanta Express na Rupsha Express kwa Dhaka, Titumir Express kwa Dhaka, Nilsagar Express kwa Rajshahi na Lalmoni Express kwa Khulna.",1
4143,"Mnamo 1937, Huxley alihamia Hollywood na mkewe Maria, mtoto Matthew Huxley, na rafiki Gerald Heard.","Mnamo 1937, Huxley alihamia Hollywood na mkewe Maria, mtoto Matthew Huxley, na mpenzi wa Gerald Heard.",1
4148,Aina hiyo ilielezewa kwanza na mtaalam wa mimea Stephan Endlicher mnamo 1846 kama sehemu ya kazi ya Johann Georgia Christian Lehmann `` Irideae. Plantae preissinae ''.,Spishi hiyo ilielezewa kwanza mnamo 1846 na mtaalam wa botanist Johann Georgia Christian Lehmann katika muktadha wa kazi ya Stephan Endlicher `` Irideae Plantae preissianae ''.,0
4160,Mkurugenzi Hayao Miyazaki na mwenzake wa muda mrefu Isao Takahata waliruhusiwa kuunda studio yao wenyewe chini ya uongozi wa mhariri wa zamani wa `` animage '' Toshio Suzuki.,Pia iliruhusu mkurugenzi Hayao Miyazaki na mwenzake wa muda mrefu Toshio Suzuki kuunda studio yao wenyewe chini ya uongozi wa mhariri wa zamani wa `` animage '' Isao Takahata.,0
4163,Mwanawe alioa Mary O. Kennedy (kutoka California) na alikufa mnamo 1883 huko San Francisco.,Mwanawe alioa Mary O. Kennedy (wa California) na alikufa huko San Francisco mnamo 1883.,1
4165,"Mashindano ya Hockey ya Ice Hockey ya 1932 yalishinda msimu wa 11 wa Mashindano ya Hockey ya Ice Hockey, Mashindano ya Kitaifa ya Uswidi. Hammarby ikiwa ilikuwa ubingwa.","Mashindano ya Hockey ya Ice Hockey ya Uswidi ya 1932 yalishinda msimu wa 11 wa Mashindano ya Hockey ya Uswidi, Mashindano ya Kitaifa ya Uswidi, Hammarby ikiwa ndio ubingwa.",1
4167,"Mnamo mwaka wa 2011 aliandika pia wasifu wa mwimbaji Madonna aliyeitwa `` Mad kwa Madonna Malkia wa Pop '', Mchapishaji wa Castelvecchi alichapishwa.","Mnamo mwaka wa 2011 alichapisha pia wasifu wa mwimbaji Madonna aliyeitwa `` Mad for Madonna. Malkia wa Pop '', aliandika Mchapishaji wa Castelvecchi.",0
4169,"Dimeric phenanthrenoid 8,8 '- bidehydrojuncusol na monomeric juncusol na dehydrojuncusol inaweza kutengwa na `` J. Acutus' '.","Dimer phenanthrenoid 8,8 '; - Bidehydrojuncusol na monomeric juncusol na dehydrojuncusol zinaweza kutengwa na `` J. Acutus ''.",1
4172,"Mnamo Desemba 1969, Idara ya Jeshi la 49 ikawa Idara ya Jeshi la 29.",Mnamo Desemba 1969 ikawa Jeshi la 29 - Idara ya 49 ya Jeshi - Idara.,0
4173,"Alizaliwa huko Hempstead, Norfolk na alikufa huko Weston, Bath, Somerset.","Alizaliwa huko Hempstead, Norfolk, na alikufa huko Weston, Bath, Somerset.",1
4174,Mmea huo unaweza kuwa na mali ya dawa na umetumika katika dawa za jadi huko Asia Kusini na dawa ya jadi ya Wachina.,Mmea huo unaweza kuwa na sifa za matibabu na umetumika katika dawa za jadi za Wachina huko Asia Kusini na dawa za jadi.,0
4175,"Wasifu sasa umechapishwa huko Great Britain, USA (St. Martin 2013), Hungary (Swiat Ksiazki, 2013), Poland na Uchina.","Wasifu sasa umechapishwa huko Great Britain, USA (St Martins 2013), Poland (Swiat Ksiazki, 2013), Hungary na Uchina.",0
4176,Timu ya asili iliundwa na mwandishi Roy Thomas na msanii Sal Buscema katika `` The Avenger '' # 71 (Desemba 1969).,Timu ya asili iliundwa na mwandishi Sal Buscema na msanii Roy Thomas katika `` The Avenger '' # 71 (Desemba 1969).,0
4182,Albamu hiyo ina remixes ya nyenzo ambayo hapo awali ilichanganywa na muuguzi na jeraha na kuchapishwa mnamo 2007 kama imekataliwa.,Albamu hiyo ina remixes ya nyenzo ambayo ilitolewa hapo awali na muuguzi na jeraha na ilichanganywa kama imekataliwa mnamo 2007.,0
4183,Tindi ni lugha ya Kaskazini mashariki mwa Caucasian inayozungumzwa katika Jamhuri ya Urusi ya Dagestan.,Tindi ni lugha ya kaskazini mashariki mwa Kirusi inayozungumzwa katika Jamhuri ya Caucasian ya Dagestan.,0
4184,Msimu ulianza tarehe 6 Januari 1984 huko Falun (Sweden) na kumalizika huko Lygna (Norway) mnamo 11 Machi 1984.,"Msimu ulianza tarehe 6 Januari 1984 huko Falun, Norway, na kumalizika huko Lygna, Sweden mnamo 11 Machi 1984.",0
4187,Ilikuwa msimu wa kwanza kutoa hewa zaidi ya miaka miwili baada ya toleo la familia na zaidi ya miaka mitatu baada ya toleo la tatu la mtu Mashuhuri.,Ilikuwa msimu wa kwanza kutangazwa zaidi ya miaka miwili baada ya toleo la familia na zaidi ya miaka mitatu baada ya toleo la tatu la mtu Mashuhuri.,1
4196,Sirohi ni mji kusini mwa India katika jimbo la magharibi la Rajasthan.,Sirohi ni mji katika jimbo la kusini mwa Rajasthan magharibi mwa India.,0
4198,Hifadhi ya Kitaifa ya Petkeljärvi ni mbuga ya kitaifa katika mkoa wa Ilomantsi kaskazini mwa Karelia huko Ufini.,Hifadhi ya Kitaifa ya Petkeljärvi ni mbuga ya kitaifa nchini Ufini katika mkoa wa Ilomantsi wa Karelia Kaskazini.,1
4203,"Hafla ya dada ilifanyika katika Ziwa la Albert Park, Melbourne, Australia na kufadhiliwa na Fox FM (Melbourne).","Hafla ya dada ilifanyika katika Ziwa la Albert Park huko Melbourne na kufadhiliwa na Fox FM (Melbourne, Australia).",1
4207,J. Chlorine Bure - klorini kali katika anga pia humenyuka na methane.,J. Chlor - Radical - klorini ya bure katika anga pia humenyuka na methane.,0
4213,"Wilfred Baddeley alishinda Joshua Pim, 6 - 4, 1 - 6, 7 - 5, 6 - - 0","Joshua Pim alishinda Wilfred Baddeley, 6 - 4, 1 - 6, 7 - 5, 6 - 0.",0
4214,Mnamo 1920 na 1921 huko Venice Waitaliano walishinda - mnamo 1920 hakuna taifa lingine lililoingia na mnamo 1921 kuingia kwa Ufaransa hakuanza.,"Mnamo 1920 na 1921 huko Venice, Waitaliano walijiunga - hakuna taifa lingine lililoshinda mnamo 1920, na mnamo 1921 kuingia kwa Ufaransa hakuanza.",0
4220,Nyimbo hizo zilitolewa na Tommy Lee na na Michael Beinhorn kwenye ngoma.,"Nyimbo hizo zilitolewa na Michael Beinhorn, na zinaonyesha Tommy Lee kwenye ngoma.",0
4222,Mnamo mwaka wa 2016 `` Forbes '' nafasi ya California Maritime Academy kama Chuo Kikuu cha 516 Bora katika Taifa na 95 Magharibi.,"Mnamo mwaka wa 2016, `` Forbes '' California Maritime Academy iko kama Chuo Kikuu cha 95 bora katika taifa na 516 huko Magharibi.",0
4226,"Kikundi kiliachilia kikao cha `` iTunes - EP '' mnamo Agosti 23, kilicho na nyimbo nne mbadala na toleo la sauti la `` Piga mikono ya mtoto wako ''.","Mnamo Agosti 23, kikundi kilitoa kikao cha `` iTunes - EP '' na nyimbo mbadala nne na toleo la sauti la `` Piga mikono ya mtoto wako ''.",1
4238,Jalada hilo lilibuniwa na msanii wa heraldic Andrew Stewart Jamieson. Monkey moja ya `` chuma '' ina kifuniko iliyoundwa na mkurugenzi wa sanaa John Pasche.,Jalada hilo lilibuniwa na msanii wa Heraldic John Pasche na mtu wa `` Steel Monkey '' ameandaa kifuniko cha mkurugenzi wa sanaa Andrew Stewart Jamieson.,0
4243,"Aman anaamua kujiunga na darasa la Aman, na Jarnail anampenda mwishowe.","Aman anaamua kujiunga na darasa la Aman, na Jarnail hatimaye anampenda.",1
4247,Henry Wrixon alikuwa rais wa baraza; Frederick Brown alikuwa mwenyekiti wa kamati.,"Rais wa baraza hilo alikuwa Henry Henry Wrixon, mwenyekiti wa kamati hizo alikuwa Frederick Brown.",1
4248,"Aliolewa ni Mercedes Martinez, ambaye ni Cuba - Mexico, na ambaye ana mtoto wa kiume, Sebastian Weitz na binti mmoja, Athena Weitz.","Kuolewa ni Sebastian Weitz, ambaye ni Cuba - Mexico na ambaye ana mtoto wa kiume, Mercedes Martinez na binti mmoja, Athena Weitz.",0
4251,Liu Xuan alikuwa na wana wawili: Liu Yin na Liu Ji. Mwana wa Liu Cheng alikuwa Liu Yong. Mjukuu wa Liu Li alikuwa Liu Yin.,"Liu Li alikuwa na wana wawili: Liu Yin na Liu Ji, mtoto wa Liu Yin alikuwa Liu Cheng na mjukuu wa Liu Yong alikuwa Liu Xuan.",0
4252,"Kwa upande wake, faida `` katika jumla '' inaweza kuhamishwa au vinginevyo kupewa na mmiliki wake.","Kwa kulinganisha, faida `` jumla '' inaweza kuhamishiwa na mmiliki wake au vinginevyo.",1
4255,"Mnamo Novemba 1989, Delaney alikua mwanachama wa Soko la Hisa la New York na alikuwa Mkurugenzi Mkuu anayesimamia Henderson Brothers, Inc., na Bear Wagner.","Mnamo Novemba 1989, Delaney alikuwa mwanachama wa Soko la Hisa la New York na alikua Mkurugenzi Mkuu wa Henderson Brothers, Inc. na Bear Wagner.",0
4256,Porte de Vincennes iko ambapo kona ya kaskazini-mashariki ya mpangilio wa 12 hukutana na kona ya kusini mashariki ya mpangilio wa 20 wa Paris.,Porte de Vincennes iko ambapo kona ya kaskazini mashariki ya mpangilio wa 12 hukutana na kona ya kusini mashariki ya mpangilio wa 20 wa Paris.,1
4260,Gabrielle alikiri upendo wake kwa Chris na wawili hao walishikwa na uchumba.,Gabrielle alikiri upendo wake kwa Chris na wawili hao walishikwa na uchumba.,1
4267,Siku 10 tu baadaye aliuzwa na Aaron Heilman kwa Ronny Cedeño kwa Seattle Mariners.,"Siku 10 tu baadaye, aliuzwa pamoja na Aaron Heilman kwa Seattle Mariners kwa Ronny Cedeño.",1
4271,"Sanamu zake kubwa zinaweza kuonekana katika nafasi za umma huko Wanaka, kutoka New Zealand hadi Kaitaia na maeneo mengi kati.","Sanamu zake kubwa zinaweza kuonekana katika nafasi za umma huko Wanaka, kutoka New Zealand hadi Kaitaia na maeneo mengi kati.",1
4272,Ni fupi na nyepesi zaidi kwa urefu - paramu muhimu ya kubuni iliyopewa uwekaji wake katika magari ya kompakt.,Ni fupi na nyepesi zaidi kwa urefu - parameta ya kubuni muhimu kuzingatia uwekaji wake katika magari ya kompakt.,1
4280,Mto Boia Mică ni kijeshi wa mto Valea Sterminoasă huko Romania.,Mto wa Boia Mică ni kijeshi cha mto wa Valea Sterminoasă huko Romania.,1
4283,"Vita vya vita ni ya wavuti iliyoandikwa na kuonyeshwa na Mike Norton, iliyochorwa na Allen Passalaqua, na iliyoandaliwa na Chris Crank.","Vita vya vita ni wavuti ya Mike Norton, iliyoandikwa na Allen Passalaqua, iliyoandikwa na Chris Crank na Illustrated.",0
4285,"Mnamo 1914, Bwana Todoroff alianzisha Kisiwa cha Coney Kisiwa na kuunda mapishi yake ya Sauce ya Kisiwa cha Jackson Coney.","Mnamo 1914, Bwana Todoroff alianzisha Mkahawa wa Jackson Coney Island na kuunda mapishi yake ya Sauce ya Kisiwa cha Coney.",0
4286,"Pia alisaidia kuanzisha vituo vya kutafakari kote Ulaya na vile vile Kaskazini, Kati na Amerika Kusini.","Pia alisaidia kuanzisha vituo vya kutafakari kote Ulaya na vile vile Kaskazini, Kati na Amerika Kusini.",1
4293,"Joe R. Campa Jr. ni Sailor wa zamani wa Jeshi la Merika la Merika, ambaye aliwahi kuwa afisa mkuu wa 11 wa Jeshi la Jeshi la Merika la Merika.",Joe R. Campa Jr. ni Matrose wa zamani wa Jeshi la Merika wa Merika ambaye alikuwa afisa mkuu wa 11 wa Jeshi la Merika la Merika.,1
4297,Inawakilishwa katika nusu ya mashariki ya kaunti za Norfolk na Suffolk na fursa huko Essex na Hertfordshire.,"Inapatikana katika nusu ya mashariki ya kaunti za Norfolk na Suffolk, na pia inawakilishwa katika Essex na Hertfordshire.",0
4298,"Limousine ilizinduliwa Ulaya mnamo Julai 5, 2003 na Amerika ya Kaskazini mnamo Oktoba 2003, na mali hiyo ilianzishwa mwishoni mwa 2004.","Sedan ilizinduliwa mnamo Julai 5, 2003 huko Uropa na Oktoba 2003 huko Amerika Kaskazini. Mwishowe 2004, mali ilianzishwa.",1
4301,Smartass ni filamu ya Jena Serbu na Joey King.,Smartass ni filamu iliyoongozwa na Joey King na nyota Jena Serbu.,0
4305,Tiba ya Soma (au SOMA) iliundwa katika miaka ya 1970 na Freire kama tiba ya kikundi kulingana na utafiti wa psychoanalyst Wilhelm Reich.,"Somatherapy (au SOMA) ilianzishwa katika miaka ya 1970 kama tiba ya kikundi na Wilhelm Reich, kwa msingi wa utafiti wa Freire ya Psychoanalyst.",0
4308,"Ukumbi uliofuata wa mji uliojengwa mnamo 1627, kwa mtindo wa usanifu wa Baroque, na uliharibiwa mnamo 1650, 1653, 1735, na 1779.","Jumba lililofuata la mji liliharibiwa kwa mtindo wa Baroque mnamo 1627 na lilijengwa mnamo 1650, 1653, 1735 na 1779.",0
4311,"Moja ilitolewa mnamo 31 Oktoba 2015 na ilitangazwa mnamo Novemba 13, 2015.","Moja ilichapishwa mnamo Oktoba 31, 2015 na ilitangazwa Novemba 13, 2015.",1
4312,"Kazi yake ya baadaye katika kilimo ilikuwa hasa huko Norfolk, lakini pia alipendekeza matundu ya kina huko Lincolnshire, ambayo yalifanywa kwa mafanikio.","Kazi yake ya baadaye katika kilimo ilikuwa hasa huko Norfolk, lakini pia alipendekeza embe kubwa huko Lincolnshire, ambazo zilifanywa kwa mafanikio.",1
4315,Mwaka wa ukame zaidi ulikuwa 1983 na mwaka wa Wettest ulikuwa 1976.,Mwaka wa ukame zaidi ulikuwa 1983 na mwaka wa Wettest ulikuwa 1976 na.,1
4327,"Katika muziki wa Brazil, hali ya Dorian kutoka kwa modi ya mchanganyiko huundwa na kupungua kwa zamani na kwa hivyo ni toleo ndogo la tatu.","Katika muziki wa Brazil, hali ya Dorian imeundwa kutoka kwa modi ya mchanganyiko, na kupungua kwa tatu, na hivyo kuwa toleo dogo la zamani.",0
4328,"Alionekana mnamo Julai 2016 kama Joseph Conrad katika `` Wakala wa Siri '', kwa msingi wa riwaya hiyo hiyo na Winnie Verloc.","Mnamo Julai 2016, alionekana kama Joseph Conrad katika `` Wakala wa Siri '', kwa msingi wa riwaya isiyojulikana ya Winnie Verloc.",1
4334,"Wright alihamia kutoka New York kwenda Chapel Hill, NC.","Wright alihama kutoka Chapel Hill, NC kwenda New York City.",0
4335,Kukutana mapema na mabwana wa kikoloni kulibadilisha sana jamii ya jadi.,Mkutano wa jadi na mabwana wa wakoloni ulibadilisha jamii ya mapema sana.,0
4338,Lango lilipangwa wakati wa utawala wa Az-Zahir Ghazi na kujengwa na mtoto wake Mohammed kama Bab al-Qanat (lango la Aqueduct).,Lango lilijengwa wakati wa utawala wa Az-Zahir Ghazi na lilipangwa na mtoto wake Mohammed kama Bab al-Qanat (lango la Aqueduct).,0
4340,"Wazazi wa William Heyer ni William J. na Merlyn M. Heyer, alienda Chuo Kikuu cha California Kilutheri na kisha Chuo cha Moorpark.","Wazazi wa Heyer ni William J. na Merlyn M. Heyer. Alienda Chuo cha Moorpark, na kisha Chuo Kikuu cha California Kilutheri.",0
4349,Peri ambaye nguvu yake iko kwenye nywele zake inaonekana katika riwaya ya Elizabeth Ann Scarborough `` The Harem of Aman Akbar '' ya 1984.,"Peri ambaye nguvu yake inaonekana katika nywele zake ziko katika riwaya ya Elizabeth Ann Scarborough kutoka 1984, `` Harem of Aman Akbar ''.",0
4350,Ilikuwa msimu wa tatu kutoa hewa zaidi ya miaka miwili baada ya toleo la familia na zaidi ya miaka mitatu baada ya toleo la kwanza la mtu Mashuhuri.,Ilikuwa msimu wa kwanza kutangazwa zaidi ya miaka miwili baada ya toleo la familia na zaidi ya miaka mitatu baada ya toleo la tatu la mtu Mashuhuri.,0
4358,"Frank James alijiunga na kampuni ya eneo hilo aliyeajiriwa kwa jeshi la Drew Drew Jeshi la Lobbs, na akapigana kwenye Vita vya Wilson's Creek mnamo Agosti 1861.",Frank James alijiunga na jamii ya wenyeji walioajiriwa kwa ajili ya kutetea jeshi la Lobbs na kupigana kwenye Vita vya Wilson's Creek mnamo Agosti 1861.,1
4362,Chuo cha Kiungu cha Urdaneta kilifungua idara yake ya kwanza mnamo 2003 na idara yake ya msingi mnamo 2005.,Chuo cha Kiungu cha Urdaneta kilifungua idara yake ya maandalizi mnamo 2003 na mnamo 2005 idara yake ya msingi.,1
4371,"Junius alizaliwa huko Driggs, Idaho, mnamo 1907 kwa Don Carlos Driggs ambaye alianzisha mji huo, na Mei Jerusha Robison.","Junius alizaliwa mnamo 1907 huko Driggs, Idaho, kuunda Don Carlos Driggs, ambaye alianzisha jiji, na Mei Jerussha Robison.",1
4372,"Audi V8 ilishindana na Mercedes ndogo na nyepesi 190, BMW M3 na Opel Omega 3000 ndogo wakati wa uwepo wake wa DTM.","Audi V8 ilishindana na Mercedes ndogo na ndogo 190, BMW M3 na nyepesi kidogo Opel Omega 3000 wakati wa uwepo wake katika DTM.",0
4376,"Nyota za filamu Oscar Nunez, Rob Huebel, Timothée Chalamet, Lily Rabe, Anthony Quintal na Lili Reinhart.","Nyota za filamu Lily Rabe, Timothée Chalamet, Lili Reinhart, Anthony Quintal, Oscar Nunez na Rob Huebel.",1
4378,Bwawa ni takriban mita 110 kwa urefu na juu yake ni karibu mita 5 kwa upana.,Bwawa ni takriban mita 110 kwa urefu na ncha yake ni karibu mita 5 kwa upana.,1
4379,"Kampuni hiyo ilianzishwa mnamo 2007 na David Tisch, mjukuu wa mjasiriamali Laurence A. Tisch, na Adam Rothenberg.","Kampuni hiyo ilianzishwa mnamo 2007 na Laurence A. Tisch na Adam Rothenberg, mjukuu wa mjasiriamali David Tisch.",0
4384,"Pennmakkal ni filamu ya India ya Kimalayalam kutoka 1966, iliyotengenezwa na J. Sasikumar na kuongozwa na KP Kottarakkara.","Pennmakkal ni filamu ya Kimalayalam ya India ya 1966, iliyoongozwa na J. Sasikumar na iliyotengenezwa na KP Kottarakkara.",0
4385,"Baada ya Mitchell kurudi kwenye kambi kuu, Finch alifika na habari mbaya.","Baada ya Finch kurudi kwenye kambi kuu, Mitchell alifika na habari mbaya.",0
4386,Luteni John Gedge alimwagiza Mei 1805 kwa Bahari ya Kaskazini. Luteni Robert Ramsey alichukua nafasi yake mnamo 1806.,"Luteni John Gedge alimwagiza kwenda Bahari ya Kaskazini mnamo Mei 1805, na Lieutenant Robert Ramsey alichukua nafasi yake mnamo 1806.",1
4387,"Ilifutwa kwanza katika miaka ya 1240 na ilithibitishwa wakati wa Matengenezo, mnamo 1524.",Ilithibitishwa kwa mara ya kwanza katika miaka ya 1240 na ilifutwa wakati wa Matengenezo mnamo 1524.,0
4390,Madiun iko kwenye barabara kuu ya Yogyakarta na Jakarta.,Yogyakarta na Jakarta wako kwenye barabara kuu ya Madiun.,0
4392,"Lloyd alipanua biashara yake ili kuanza kuuza vinyago na zawadi, na alianzisha na kuelekeza nyumba ya Lloyd, iliyokuwa huko Grandview, Missouri, wakati biashara ya zawadi ilipokua.","Lloyd alianzisha na kuiongoza biashara yake kuanza kuuza vinyago na zawadi, na akapanua nyumba ya Lloyd, iliyokuwa huko Grandview, Missouri, wakati biashara ya zawadi ilikua.",0
4393,"Matoleo mengi ya albamu hiyo nje ya Amerika ya Kaskazini yalikuwa na yaliyomo sawa, lakini ilitoa alama za wimbo tofauti kulingana na ni lebo gani iliyoko CD.","Matoleo mengi ya albamu hiyo nje ya Amerika ya Kaskazini yalikuwa na maudhui sawa ya sauti, lakini alama za wimbo zilipatikana kulingana na ni ipi CD iliyotolewa.",0
4399,"Mnamo Machi 5, 2011, MTV Hive alituma kiunga cha utiririshaji kwa Rihanna, akifanya Anni Rossi `` kijana wa kijeshi ''.","Mnamo Machi 5, 2011, MTV Hive aliweka kiunga cha kutiririka kwa Rihanna akiigiza Anni Rossi's `` Rude Boy ''.",1
4401,"Ikiwa wanakijiji hawakubali poon - Choi - karamu, hii inamaanisha, kwa mfano, kwamba kijiji haikubali au kushikilia ndoa fulani.","Ikiwa wanakijiji hawafanyi karamu ya poon Choi, inamaanisha, kwa mfano, kwamba kijiji haikubali au kukubali ndoa fulani.",0
4410,Sparrow alikuwa mchezaji wa mkono wa kulia na alicheza 4 innings katika mechi 2 za darasa la kwanza na wastani wa 18.75 na kiwango cha juu cha 64.,Sparrow alikuwa batsman wa kwanza wa kulia na alicheza 4 innings katika mechi 2 za darasa na wastani wa 18.75 na alama ya juu ya 64.,0
4414,"Kuna Wakatoliki wapatao 90,000 huko Guyana - karibu 12 % ya jumla ya idadi ya watu, chini kabisa ya taifa lolote la Amerika Kusini.","Kuna karibu Wakatoliki 90,000 huko Guyana-karibu 12 % ya jumla ya idadi ya watu, chini kabisa ya taifa lolote la Amerika Kusini.",1
4421,Bakuli la mpira wa rangi lilitumiwa na Mlinzi wa Kitaifa wa Merika kama msingi wakati wa ghasia za kihistoria za Wooster Avenue za 1968.,Bakuli la mpira wa rangi lilitumiwa na Mlinzi wa Kitaifa wa Merika kama msingi wakati wa ghasia za kihistoria za Wooster Avenue za 1968.,1
4424,"Mnamo 29 Novemba 1171, Gonzalo alisaini kwa mara ya kwanza cheti kama Gonzalo Ruiz de Bureba ``.","Mnamo Novemba 29, 1171, Gonzalo Ruiz de Bureba alisaini cheti kwa mara ya kwanza kama '' Gonzalo.",0
4428,Alihamia New York City mnamo 2009 na sasa anaishi Philadelphia.,Mnamo 2009 alihamia New York City na leo anaishi Philadelphia.,1
4429,"Wachache sana, labda 20, kati ya 75s walitengenezwa kabla ya wimbo kufutwa.","Wachache sana, labda 20, kati ya 75s walitengenezwa kabla ya safu kufutwa.",1
4441,"Mwana wake John alikuwa baba ya Samuel Provoost (1742 - 1815), Askofu wa kwanza wa Askofu wa Kiprotestanti wa New York.","Mwana wake John alikuwa baba ya Samuel Provoost (1742 - 1815), Askofu wa kwanza wa Kiprotestanti wa New York.",1
4447,"Anajifunza kuwa mwili wake hubeba Shinra Banshou, kitabu ambacho kinashikilia sanaa ya siri zaidi katika ulimwengu wa Ninja wa Nabari.","Anajifunza kuwa mwili wake unashikilia Shinra Banshou, kitabu ambacho kina sanaa ya siri zaidi katika ulimwengu wa Ninja wa Nabari.",1
4448,"Mei Shigenobu ndiye mama wa Japani wa kitaifa Fusako Shigenobu, mwandishi wa habari.","Fusako Shigenobu ni mama wa Mei Shigenobu wa kitaifa wa Japani, mwandishi wa habari.",0
4450,"Mke wa kwanza wa Roger Mortimer alikuwa Joan Mortimer, binti ya James 2nd Baron Audley.","Mke wa kwanza wa Baron Audley alikuwa Joan Mortimer, binti ya Roger Mortimer.",0
4465,"Bala anasimama juu ya tambarare kubwa na ya theluji, msimu wa joto ni moto, msimu wa baridi ni baridi.","Bala anasimama juu ya tambarare kubwa na ya theluji, majira ya joto ni moto, msimu wa baridi ni baridi.",1
4466,"Aliendelea na uhusiano wake na ESPN kugeuza filamu zingine mbili kwa mtandao, `` Wendell Scott '' na `` Herschel ''.","Aliendelea na uhusiano wake na ESPN kuongoza filamu zingine mbili kwa mtandao, `` Herschel '' na `` Wendell Scott ''.",1
4469,"Ilipewa Henry Audeley na John Cordall mnamo 1544, ambao mara moja walipitisha kwa John Sone.",Ilipewa mnamo 1544 kwa John Sone ambaye mara moja alipitisha kwa Henry Audeley na John Cordall.,0
4471,Filamu hiyo ilipigwa picha na A. Sreekar Prasad na kuhaririwa na Rajiv Menon.,Sinema hiyo ilipigwa picha na Rajiv Menon na kuhaririwa na A. Sreekar Prasad.,0
4474,"Ni mdogo na mji wa Sheshequin kuelekea Mashariki, Jiji la Roma mashariki na kusini, mji wa Athene kusini na mji wa Windham magharibi.","Imepakana na Jiji la Windham kuelekea Mashariki, Jiji la Roma mashariki na kusini, mji wa Sheshequin kuelekea kusini na mji wa Athene magharibi.",0
4480,"Sergei Prokofiev aliandika `` Fantasia juu ya Scheherazade '' kwa piano, ambayo alirekodi kwenye piano Roll.","Sergei Prokofiev aliandika `` Fantasia juu ya Scheherazade '' kwa piano, ambayo alirekodi juu ya jukumu la piano.",0
4482,"Mhariri mkuu ni Herbert Wessels (tangu 2009), mhariri wa pili ni Markus Ermert (tangu 2002).","Mhariri wa pili ni Herbert Wessels (tangu 2009), mhariri mkuu ni Markus Ermert (tangu 2002).",0
4490,Mto wa Arieşul Mare ni kijeshi wa mto Vâlcea huko Romania.,Mto wa Vălcea ni kijeshi cha mto Arieşul Mare huko Romania.,0
4493,"Kwa formula ya kazi inayoweza kupimika _ 18, formula _ 19 ni kutofautishwa kwa bahati nasibu na formula ya maana _ 20 na formula ya kutofautisha _ 21.","Kwa formula ya kazi inayoweza kupimika 18, formula 19 ni tofauti ya nasibu na formula ya kati 20 na formula ya tofauti 21.",1
4499,Timu ilijibu mabadiliko katika mchezo huo ambao ulifanyika jioni ya Februari.,Timu ilijibu mabadiliko katika mchezo uliofuata jioni hiyo hiyo mnamo Februari 19.,0
4500,Wimbo huo uliandikwa na kutungwa na Gala iliyotengenezwa na Filippo Andrea Carmeni na Maurizio Molella.,Wimbo huu uliandikwa na kutungwa na gala iliyotengenezwa na Filippo Andrea Carmeni na Maurizio Molella.,1
4504,"Katika `` kugundua ukomo '', riwaya ya siri iliyoandikwa na Georgette Heyer, takwimu inalinganishwa na Armstrong.","Katika `` kugundua ukomo '', riwaya ya siri iliyoandikwa na Georgette Heyer, mhusika hulinganishwa na Armstrong.",1
4505,"Kwa Jukwaa la Windows, dyalog APL inatoa ujumuishaji thabiti na .NET, pamoja na ujumuishaji mdogo na Jukwaa la Maendeleo la Studio la Microsoft.","Kwa Jukwaa la Windows, dyalog APL inatoa ujumuishaji wa karibu na .NET na ujumuishaji mdogo na Jukwaa la Maendeleo Microsoft Visual Studio.",1
4506,"Michael Michael Liebel mwandamizi alikuwa na umri wa miaka 14 wakati wazazi wake walikuja kutoka Ujerumani kwenda Erie, Pennsylvania.",Michael Michael Liebel Sr. alikuwa na umri wa miaka 14 wakati wazazi wake walitoka Erie kwenda Pennsylvania huko Ujerumani.,0
4517,Taylor alibaki hai katika baseball kama skauti kwa Atlanta Braves na Milwaukee na Chicago White Sox hadi kifo chake.,Taylor alibaki hai katika baseball hadi kifo chake kama skauti kwa Atlanta Braves na Milwaukee na Chicago White Sox.,1
4520,"Iko mashariki mwa Nanuet, kusini mwa Chestnut Ridge, magharibi mwa Blauvelt, New York, na kaskazini mwa Montvale na Old Tappan, New Jersey.","Iko mashariki mwa Chestnut Ridge, kusini mwa Nanuet, magharibi mwa Blauvelt, New York, na kaskazini mwa Montvale na Old Tappan, New Jersey.",0
4523,"Alifanikiwa kwa usawa katika Admiralty, lakini hakuwa na bahati nzuri, baada ya kuwa katibu wa serikali kwa Idara ya Kusini mnamo Februari 1748.","Alifanikiwa sana katika Admiralty, lakini hakufurahii sawa baada ya kuwa Katibu wa Jimbo la Idara ya Kusini mnamo Februari 1748.",0
4527,"Vermont Kusini imepakana na kaskazini mwa Mitcham, magharibi na Nunawading na Forest Hill, kusini na Vermont na mashariki na Wantirna na Ringwood.","Vermont imepakana kaskazini mwa Mitcham, magharibi na Nunawading na Forest Hill, kusini na Vermont na mashariki na Wantirna na Ringwood.",0
4531,"Walakini, katika mwendelezo wa sasa, Superman hukutana na Zod ya kweli kwa mara ya kwanza katika `` Mwana wa Mwisho ''.","Katika mwendelezo wa sasa, Superman katika `` mwana wa mwisho '' hukutana na Zod ya kweli kwa mara ya kwanza.",1
4534,"Alihamia Dallas, Texas mnamo 1876, na mnamo 1887 kwenda San Diego, California.","Alihamia Dallas, Texas mnamo 1876, na San Diego, California mnamo 1887.",1
4537,"33.7 % walizaliwa huko Maryland, ambayo imeainishwa kama sehemu ya Amerika ya Kusini pamoja na jirani ya Virginia na Washington, D.C. na Ofisi ya sensa.","33.7 % walizaliwa huko Maryland, ambayo imeainishwa kama sehemu ya Amerika ya Kusini pamoja na jirani ya Virginia na Washington, D.C. kutoka Ofisi ya sensa.",1
4539,Mto wa Cugir ni huduma ya Mto wa Ghiaag huko Romania.,Mto wa Cugir ni huduma ya Mto wa Ghișag huko Romania.,1
4541,"Akawa Chiyonofuji, kisha `` Makuuchi '' wrestler, kwa `` Yokozuna '', ambayo aliinua.","Akawa Chiyonofuji, kisha `` Makuuchi '' wrestler, kwa `` Yokozuna '' aliinua.",1
4545,Peri ambaye nguvu yake iko kwenye nywele zake inaonekana katika riwaya ya Elizabeth Ann Scarborough `` The Harem of Aman Akbar '' ya 1984.,"Peri, ambaye nguvu yake inaonekana katika nywele zake, iko katika riwaya ya 1984 ya Elizabeth Ann Scarborough, `` Harem of Aman Akbar ''.",0
4547,"Mnamo 284 KK, Mfalme Qi alikutana na Mfalme Zhao wa Qin magharibi mwa Zhou kuunda muungano dhidi ya Xi.","Mnamo 284 KK, Mfalme Xi alikutana na Mfalme Zhao wa Qin huko Magharibi - Zhou kuunda muungano dhidi ya Qi.",0
4550,Ukweli huu unaonekana kuwa sehemu ya mpango wa `` '' wa silinda ambazo koloni za mseto zilizo na kizazi kipya cha watu zinataka kurudisha tena.,Ukweli huu unaonekana kuwa sehemu ya mpango wa `` '' wa Cylons ambao wanataka kurudisha koloni za wanadamu na kizazi kipya cha viumbe vya mseto.,0
4552,Maua ni ya manjano na matangazo ya hudhurungi.,Maua ni kahawia na matangazo ya manjano.,0
4553,"Tim Henman alishinda katika fainali 6 - 7, 6 - 4, 7 - 6 dhidi ya Pete Sampras.","Pete Sampras alishinda 6 - 7, 6 - 4, 7 - 6 dhidi ya Tim Henman kwenye Fainali.",0
4562,"Filamu hii ni kuhusu Rafael, mwimbaji wa Kimalayalam katika tasnia mpya ya filamu.","Filamu hiyo ni kuhusu Rafael, mwimbaji mpya katika tasnia ya filamu huko Kimalayalam.",0
4563,"Martins Pena alizaliwa huko Rio de Janeiro, kwa João Martins Pena na Francisca de Paula Julieta Pena.",João Martins Pena na Francisca de Paula Julieta Pena alizaliwa huko Rio de Janeiro kwa Pena Martins.,0
4567,"Ya nne ilikuwa katika kusababishwa na kujiuzulu kwa Joseph Hemphill wakati fulani baada ya Mei, 1826, kujazwa na Thomas Kittera.","Ya nne ilisababishwa na kujiuzulu kwa Thomas Kittera wakati fulani baada ya Mei 1826, ambayo ilijazwa na Joseph Hemphill.",0
4569,"Ligi ya Meiji Yasuda J3 ya 2016 ni msimu wa 20 wa tier ya tatu katika mpira wa miguu wa Japan, na msimu wa 3 wa Ligi ya J3 ya kitaalam.",Ligi ya Meiji Yasuda J3 ya 2016 ni msimu wa 20 wa hatua ya 3 katika mpira wa miguu na msimu wa tatu wa Ligi ya J3 ya Japan.,0
4571,Bay ya pembeni ya Navaranga ni mraba mkubwa kuliko wa kati nane karibu nayo.,Bahari kuu ya Navaranga ni mraba mkubwa kuliko wa pembeni nane karibu nayo.,0
4574,Zingone alicheza kilabu cha mpira wa miguu kwa Lito.,Zingone alicheza mpira wa kilabu kwa Lito.,1
4578,Hali ya hewa ni ya joto na ya mvua wakati wa msimu wa joto na baridi wakati wa msimu wa msimu wa baridi.,Hali ya hewa yake ni ya joto na ya mvua wakati wa msimu wa joto na baridi wakati wa msimu wa baridi.,1
4582,"Khap ni ukoo au kikundi cha koo zinazohusiana, haswa chini ya Jats ya Uttar Pradesh ya Mashariki na Haryana Magharibi.","Khap ni ukoo au kikundi cha koo zinazohusiana, haswa chini ya magharibi mwa Uttar Pradesh na Mashariki ya Haryana Jats.",0
4585,"Anderson alizaliwa mnamo 1943 huko Redondo Beach, California na ni kutoka Oakland, California.","Mnamo 1943, Anderson alizaliwa huko Redondo Beach, California, na anatoka Oakland, California.",1
4587,"Mnamo 1783, baba yake alitajwa katika hafla zilizozunguka kesi ya Mahakama ya Charles Bourne na Sir James Wallace.",Mnamo 1783 baba yake ametajwa katika hafla zinazozunguka kesi ya korti iliyohusisha Charles Bourne na Sir James Wallace.,1
4589,Alicheza mnamo 1993 na Cougars ya Kaunti ya Kane ya Kane na Mbwa wa Bahari ya AA Portland.,Alicheza na Mbwa wa Bahari ya A -Level Portland na Cougars ya Kaunti ya AA Kane mnamo 1993.,0
4592,Mto Vălcea ni kijeshi cha mto Arieşul Mare huko Romania.,Mto wa Vâlcea ni kijeshi cha Mto wa Arieşul Mare huko Romania.,1
4603,"Familia hiyo ilihamia Camp Hill mnamo 1972, ambapo alihudhuria Shule ya Upili ya Utatu huko Harrisburg, Pennsylvania.","Familia hiyo ilihamia mnamo 1972 kwenda Harrisburg, Pennsylvania, ambapo alitembelea Shule ya Upili ya Utatu huko Camp Hill.",0
4607,"`` Gravitywall '' ilitumika kama mada ya kwanza ya ufunguzi wa safu ya televisheni ya anime ``, wakati `` Sh0ut '' ilitumika kama mada ya ufunguzi wa pili.","`` Gravitywall '' ilitumika kama mada ya kwanza ya ufunguzi wa anime - mfululizo wa TV '', wakati `` Sh0ut '' ilitumika kama mada ya ufunguzi wa pili.",1
4608,"Mnamo 1963, Roy alijiunga na Chama cha Kikomunisti cha India na kusababisha harakati za umoja wa wafanyikazi huko Bansdroni huko Kolkata.",Roy alijiunga na Chama cha Kikomunisti cha India mnamo 1963 na kusababisha harakati za umoja wa wafanyikazi katika eneo la Kolkata la Bansdroni.,0
4618,"Wakati Edward nilifaulu baba yake, Edward II, mnamo Julai 7, 1307, mtazamo wa raia wake kwa ujumla ulikuwa moja ya nia nzuri kwa mfalme wake mpya.","Wakati Edward nilifaulu baba yake Edward II mnamo 7 Julai 1307, mtazamo wa raia wake kwa ujumla ulikuwa wa nia njema kwa mfalme wao mpya.",1
4632,"Filamu hiyo ilipokea ukosoaji hasi, lakini baada ya kuachiliwa kwa VHS na DVD, ikawa ibada - ya kupendwa na maoni mazuri juu ya Amazon na IMDB.","Filamu ilipokea hakiki hasi, lakini baada ya kutolewa kwa VHS na DVD, ikawa ibada ya kupendeza na maoni mazuri juu ya Amazon na IMDB.",1
4642,"Dave Tomar ndiye jina la Ed Dante, mhitimu wa Rutger, sasa mwandishi wa uhuru huko Philadelphia.","Ed Dante ndiye jina la Dave Tomar, mhitimu wa Rutgers sasa mwandishi wa uhuru anayeishi Philadelphia.",0
4645,"Madonna, Prince na Michael Jackson, hata hivyo, walikuwa na ushawishi kwenye albamu.","Walakini, Madonna, Prince, na Michael Jackson walikuwa ushawishi kwenye albamu.",1
4661,"Alizaliwa mnamo Desemba 21, 1965 huko New Haven, Connecticut, na akatembelea Shule ya Upili ya Oxon Hill huko Oxon Hill, Maryland.","Alizaliwa mnamo Desemba 21, 1965 huko Oxon Hill, Maryland, na alihudhuria Shule ya Upili ya Oxon Hill huko New Haven, Connecticut.",0
4663,"Ikiwa katika sentensi kuna aina kadhaa za kisarufi, ni wingi tu ndio alama ya kwanza. Ex. :","Ikiwa kuna vikundi kadhaa vya kisarufi katika sentensi moja, tu ya wingi hubeba alama ya kwanza.",1
4669,"Kufuatia uvamizi wa Poland na Nazi - Ujerumani na Umoja wa Soviet mnamo 1939, Osterwa alifanya kazi katika elimu ya chini ya ardhi, lakini pia alikuwa mgonjwa.","Baada ya uvamizi wa Poland na Nazi - Ujerumani na Umoja wa Soviet mnamo 1939, Osterwa alikuwa akifanya kazi katika elimu ya chini ya ardhi, lakini pia aliugua.",0
4673,"Peter Duconge (1903 - 1967) alikuwa jazba ya mapema - Reedist, akifanya kazi katika eneo la Amerika la New Orleans Jazz.","Peter Duconge (1903? -1967?) Alikuwa Reedist wa Jazz wa Amerika, alikuwa akifanya kazi katika eneo la mapema la New Orleans jazz.",0
4676,"Wakati huo huo, Papa Francis aliuliza Tong abaki Askofu wa Hong Kong kwa miaka mitatu zaidi.","Wakati huo huo, Papa Francis Tong, aliuliza kwa miaka mitatu kubaki Askofu wa Hong Kong.",0
4680,Ukweli kwamba hii ilikuwa tafsiri ya kwanza inamaanisha kuwa kutokuelewana kwa kiwango kidogo hakuwezekani.,Ukweli kwamba hii ilikuwa tafsiri ndogo inamaanisha kuwa kutokuelewana kwa kwanza hakuweza kuepukika.,0
4681,"Kutoka kwa ndoa yake ya pili na mfanyabiashara Babis Lazaridis ana mtoto wa kiume, Vasilis.","Kutoka kwa ndoa yake ya pili na mfanyabiashara Vasilis ana mtoto wa kiume, Babis Lazaridis.",0
4682,"Fedha za kuanza zilitoka kwa Bill & Melinda Gates Foundation, mfadhili George Soros, na mjasiriamali wa teknolojia Edward W. Scott.","Fedha hizo zilitoka kwa Bill Melinda Gates Foundation, mfadhili Edward W. Scott, na mjasiriamali wa teknolojia George Soros.",0
4683,"Bidhaa za jibini na jibini (haswa Bryndza, Korbáčik, Oštiepok, Parenica, na jibini la tvaroh), Žinčica ni utaalam wa jadi wa Kislovak.","Bidhaa za jibini na jibini (haswa Tvaroh, Korbáčik, Oštiepok, Parenica na Bryndza), Žinčica ni utaalam wa jadi wa Kislovak.",1
4688,"Norman Melancton Geddes, mzaliwa wa Norman Bel Geddes (27 Aprili 1893 - 8 Mei 1958), alikuwa ukumbi wa michezo wa Amerika na mbuni wa viwanda.","Norman Melancton Geddes, mzaliwa wa Norman Bel Geddes, (Aprili 27, 1893 - Mei 8, 1958) alikuwa mbuni wa maonyesho ya Amerika na wa viwandani.",1
4689,Merganser ya kawaida (`` Mergus octosetaceus '') ni bata katika jenasi ya Merganser ya Brazil.,Merganser ya Brazil (`` Mergus octosetaceus '') ni bata katika genus ya kawaida ya Merganian.,0
4690,"Walakini, katika mwendelezo wa sasa, Superman hukutana na Zod ya kweli kwa mara ya kwanza katika `` Mwana wa Mwisho ''.","Katika mwendelezo wa sasa, Superman hukutana na zod ya kweli katika `` mwana wa mwisho '' kwa mara ya kwanza.",1
4691,"Hawker (Postcode: 2614) ni kitongoji cha wilaya ya Belconnen ya Canberra, iliyoko ndani ya eneo la mji mkuu wa Australia, Australia.","Hawker (PLZ: 2614) ni kitongoji cha Wilaya ya Belconnen ya Canberra, iliyoko ndani ya eneo la mji mkuu wa Australia, Australia.",1
4693,Lobethal Bierhaus ni pombe ya mkoa na ushawishi wa Wajerumani kwenye mtindo.,Lobethal Bierhaus ni pombe ya Ujerumani na mvuto wa kikanda wa mtindo.,0
4705,"Nashua Silver Knights, sehemu ya ligi ya sasa ya majira ya joto, ni timu ya pamoja ya jiji.","Nashua Silver Knights, sehemu ya ligi ya sasa ya majira ya joto, ni timu ya pamoja ya jiji.",1
4708,Ni nyepesi na kwa urefu mfupi zaidi - paramu muhimu ya kubuni iliyopewa uwekaji wake katika magari ya kompakt.,Ni fupi na nyepesi zaidi kwa urefu - paramu muhimu ya kubuni iliyopewa uwekaji wake katika magari ya kompakt.,0
4710,"Pia walichapisha wimbo wa pili kwenye albamu, `` Matukio '', kama ile ya 5 kutoka kwa albamu mnamo Juni 13.","Pia waliachilia wimbo wa 5 kwenye albamu, `` Matukio '', kama moja ya pili ya albamu hiyo Juni 13.",0
4712,Barabara kuu ya Wyoming 330 ni barabara fupi ya Mashariki ya Magharibi-Magharibi mwa Jimbo lililoko katikati mwa Kaunti ya Sheridan ambayo hutumikia sehemu ya kaskazini magharibi mwa Sheridan.,Barabara kuu ya Wyoming 330 ni Barabara fupi ya Mashariki - West Wyoming State katika kaunti ya Sheridan kaskazini ambayo hutumikia sehemu kuu ya Sheridan.,0
4714,"Marko Knowles na Max Mirnyi walishinda dhidi ya O ', Brien na Palmer katika mwisho wa 6 - 3, 6 - 4.","O'Brien na Palmer walishinda katika fainali 6 - 3, 6 - 4, dhidi ya Mark Knowles na Max Mirnyi.",0
4715,"Wakati idadi kubwa ya IEs tofauti inahitajika, hii asili husababisha shida zaidi za upangaji wa uwezo na mara nyingi husababisha kutokuwa na utoaji wa IP.","Wakati idadi kubwa ya IEs tofauti inahitajika, hii mara nyingi husababisha shida zaidi za upangaji wa uwezo na asili husababisha kutokuwa na utoaji wa IP.",0
4716,"Madonna, Prince na Michael Jackson, hata hivyo, walikuwa na ushawishi kwenye albamu.","Michael Jackson, Prince na Madonna, hata hivyo, walishawishiwa kwenye albamu hiyo.",1
4718,"Waliweza kuanzisha serikali za mitaa, taasisi za kitaasisi zinazofanya kazi na za bure za Kikurdi, na kusimamia Bunge la Kikurdi.","Waliweza kusimamia serikali za mitaa, kuanzisha vyama vya siasa vya bure na vya kazi vya Kikurdi, na kuweka taasisi Bunge la Kikurdi.",0
4719,"Katika makadirio hapa chini, kiwango cha chini kabisa cha onyesho kitakuwa nyekundu, na kiwango cha juu zaidi cha onyesho kitakuwa kwenye sehemu ya bluu.","Katika hakiki hapa chini itakuwa tathmini ya juu zaidi kwa onyesho kwa nyekundu, na kiwango cha chini kabisa cha onyesho kitakuwa kwenye sehemu ya bluu.",0
4728,Gita hilo lilifanywa na Bettencourt na Chris Gehringer walicheza katika Sterling Sound Studios huko New York City.,Bettencourt alicheza gita na Chris Gehringer aliifanya katika Sterling Sauti Studios huko New York City.,0
4729,`` Ras '' Abbi Addi aliendelea na Kassa na alijiunga na '' Ras '' Seyoum katikati.,`` Ras '' Kassa aliendelea kwa Abbi Addi na akajiunga na` `Ras '' Seyoum katikati.,0
4732,"Mnamo 1974, kwa msaada wa Umoja wa Mataifa, Benki ya Maendeleo ya Asia na Benki ya Dunia, Lao PDR ilianzisha mfuko wa hatua ya II.","Mnamo 1974 Lao PDR ilianzisha mfuko wa hatua ya II kwa msaada wa Benki ya Dunia, Umoja wa Mataifa, na Benki ya Maendeleo ya Asia.",1
4743,"Sehemu hiyo iliahirishwa baadaye, lakini iliruka kwa mpangilio wa mzunguko na mwishowe ikasimama.","Sehemu hiyo iliahirishwa baadaye, lakini iliruka kwa mpangilio wa mzunguko na mwishowe ikakoma.",1
4747,Oaklyn iko katika wilaya ya 1 ya mkutano na ni sehemu ya Wilaya ya 6 ya Jimbo la New Jersey.,Oaklyn iko katika wilaya ya 1 ya mkutano na ni sehemu ya jimbo la sita la Wilaya ya Sheria ya New Jersey.,1
4748,"Mnamo Julai 2017, Nate DiMeo alikuwa mada ya sehemu ya `` Jumba la kumbukumbu '' na Elmer McCurdy.","Mnamo Julai 2017, Elmer McCurdy alikuwa mada ya sehemu ya `` Jumba la kumbukumbu '' na Nate DiMeo.",0
4749,Idadi ya moto ulioripotiwa mwanzoni mwa Februari ulikuwa 73 na 26 nje ya udhibiti na inatarajiwa kuwa wakati wa kudhibiti mwezi mwingine wa moto.,Idadi ya moto ulioripotiwa mwanzoni mwa Februari ulikuwa 73 na 26 nje ya udhibiti na wakati uliotarajiwa kudhibiti ili kuwa mwezi mwingine wa moto.,1
4752,"Kutumia njia tofauti za vigezo, suluhisho la ziada huundwa kwa kuzidisha suluhisho fulani na kazi isiyojulikana C (x):",Suluhisho inayosaidia huundwa kwa kutumia mabadiliko ya utaratibu wa vigezo kwa kuzidisha suluhisho fulani na kazi isiyojulikana C (x):,1
4753,"Miongoni mwao ni Sylvia Rexach, mtunzi wa Boleros, Marie Teresa Rios, mwandishi, na Julita Ross, mwimbaji.","Kati yao ni Marie Teresa Rios, mtunzi wa Boleros, Julita Ross, mwandishi, na Sylvia Rexach, mwimbaji.",0
4758,Dotty alizaliwa mnamo 1923 huko Gloucester na alikufa huko Boston mnamo 2014.,Dotty alizaliwa mnamo 1923 huko Boston na alikufa huko Gloucester mnamo 2014.,0
4760,"Mnamo 1994, Rodrigo Leão aliacha bendi kuanza kazi ya solo, iliyobadilishwa na Carlos Maria Trindade (kibodi synthesizer).","Mnamo 1994, Carlos Maria Trindade aliacha bendi kuanza kazi ya solo, ikibadilishwa na Rodrigo Leão (kibodi synthesizer).",0
4761,"Massé alizaliwa katika Kata ya Westchester, New York, alikulia Holland, Michigan, na aliishi wakati wa ujana wake huko Uropa.","Massé alizaliwa huko Holland, Michigan, alikulia katika Kata ya Westchester, New York, na aliishi Ulaya wakati wa ujana wake.",0
4762,"Jaribio hili lingethibitisha kuwa la mbele, kwani idadi ya watu wa Bonde la Silicon ililipuka, na boom katika Tri-Valley ingeongeza sana bei ya ardhi.",Jaribio hili lingethibitisha kuwa la kitaalam kwani idadi ya watu wa Bonde la Silicon ililipuka na kuongezeka kwa Tri-Valley kungeongeza sana bei ya ardhi.,0
4764,"Longo alizaliwa huko Jersey City, New Jersey, na alihudhuria Shule ya Upili ya Marist huko Bayonne, New Jersey, na katika Chuo Kikuu cha Rhode Island.","Mzaliwa wa Jersey City, New Jersey, Longo alihudhuria Shule ya Upili ya Marist huko Bayonne, New Jersey na Chuo Kikuu cha Rhode Island.",1
4766,"Katika mpira wa miguu wa kitaalam, timu za Scottish zinafanya chini ya udhamini wa Scottish katika ngazi zote, na timu nyingi chini ya ubingwa wa Scottish kuwa wa kitaalam.","Katika mpira wa miguu wa Scottish, timu za kitaalam zinashindana katika ngazi zote chini ya udhamini wa Scottish, na timu nyingi chini ya ubingwa wa Scottish kuwa wa kitaalam.",0
4768,"Filamu ilipokea hakiki nzuri, lakini baada ya kutolewa kwa VHS na DVD, ikawa ibada ya kupendeza na maoni hasi juu ya Amazon na IMDB.","Filamu hiyo ilipokea ukosoaji hasi, lakini baada ya kuachiliwa kwa VHS na DVD, ikawa ibada - ya kupendwa na maoni mazuri juu ya Amazon na IMDB.",0
4771,"Kusifiwa na Richard Gibson na mchoraji wa korti Joan Carlile, anachukuliwa kuwa amefanikiwa kama Peter Lely.","Alisifiwa na Richard Gibson na mchoraji wa korti Peter Lely, anachukuliwa kuwa amefanikiwa kama Joan Carlile.",0
4772,"Kutoka mwisho wa magharibi wa daraja, Pennsylvania Route 268 inaongoza kaskazini kuelekea Parker na kusini kuelekea Emlenton.",Njia ya Pennsylvania 268 inaongoza kutoka mwisho wa magharibi wa daraja kaskazini hadi Parker na kusini hadi Emlenton.,1
4778,"Valtteri Bottas na Lewis Hamilton walikuwa haraka sana, mbele ya Williams 'Nico Rosberg.","Haraka zaidi alikuwa Nico Rosberg, mbele ya Williams '; Valtteri Bottas na Lewis Hamilton.",0
4779,"Kisha alifundisha shule huko Toledo, OH na alikuwa msimamizi wa shule huko Cleveland kutoka 1856-1859.","Kisha alifundisha shule huko Toledo, OH, na alikuwa msimamizi wa shule za Cleveland kutoka 1856-1859.",1
4787,"Mnamo Aprili 1942, Montagu Slater alirudi Uingereza na, muda mfupi baada ya kurudi, alimuuliza Britten kuwa mwandishi wake wa `` Peter Grimes ''.","Mnamo Aprili 1942, Britten alirudi Uingereza, na mara baada ya kurudi aliuliza Montagu Slater kuwa mwandishi wake wa Peter Grimes.",0
4788,"Huko Sri Lanka, jina la mhasibu (ca Sri Lanka) linaweza kutumiwa tu na washiriki wa Taasisi ya Wahasibu huko Sri Lanka.","Katika CA, jina la mhasibu aliye na chati (Sri Lanka Sri Lanka) linaweza kutumiwa tu na washiriki wa Taasisi ya Wahasibu wa Sri Lankan.",0
4789,"Marko Knowles na Max Mirnyi walishinda katika fainali 6 - 3, 6 - 4, dhidi ya O'Brien na Palmer.","Marko Knowles na Max Mirnyi walishinda dhidi ya O ', Brien na Palmer katika mwisho wa 6 - 3, 6 - 4.",1
4793,"David Allan Coe alijiunga na bendi ya Warren Haynes ya utalii na kurekodi mnamo 1980, wakati alikuwa na umri wa miaka 20.","Mnamo 1980, alipokuwa na umri wa miaka 20, David Allan Coe alijiunga na safari ya Warren Haynes na bendi ya kurekodi.",1
4800,"Alichangia pia dola za Kimarekani 34,000 kwa Mitt Romney na $ 7,000 kwa Ted Cruz, pamoja na kampeni yake ya urais mnamo 2016.","Alichangia pia $ 34,000 kwa Ted Cruz na Dola 7,000 za Amerika kwa Mitt Romney, pamoja na kampeni yake ya urais ya 2016.",0
4801,"Kuanzia 1830, Arthur Tappan alishawishiwa na kukomesha kwa wanachama wengine wa Jumuiya ya Ukoloni ya Amerika (ACS) na maandishi na James.",Arthur Tappan alishawishiwa kutoka 1830 na kukomesha kwa wanachama wengine wa Jumuiya ya Ukoloni ya Amerika (ACS) na maandishi na James.,1
4806,"Hadi ujio wa teknolojia ya video ya ponografia, utengenezaji wa filamu za elektroniki na za dijiti ulifungwa moja kwa moja kwenye tasnia ya filamu.","Hadi ujio wa teknolojia ya video ya elektroniki na dijiti, utengenezaji wa filamu za ponografia ulifungwa moja kwa moja kwenye tasnia kuu ya filamu.",0
4810,"Bradd Crellin aliwakilisha Barla Cumbria kwenye ziara ya Australia na wachezaji wengine 6 wanaowakilisha Great Britain, pia kwenye ziara ya Australia.",Bradd Crellin pia aliwakilisha Barla Great Britain kwenye safari kupitia Australia kwenye safari kupitia Australia na wachezaji wengine 6 wanaowakilisha Cumbria.,0
4817,Katz alizaliwa nchini Uswidi mnamo 1947 na kuhamia New York City akiwa na umri wa miaka 1.,Katz alizaliwa mnamo 1947 huko Uswidi na kuhamia New York City akiwa na umri wa miaka 1.,1
4818,"Mitchell Nimbus ni safu ya glider za Amerika, zenye kiti cha juu, cha mrengo mmoja ambazo zilibuniwa na Don Mitchell miaka ya 1950.","Mitchell Nimbus ni safu ya glider za Amerika, zenye viti vya juu, mrengo mmoja iliyoundwa na Don Mitchell miaka ya 1950.",1
4820,"Mfumo wa kwanza au `` nyembamba '' una mistari nyekundu ya (o iii) na vitu vingine vya ionized kwenye mabadiliko ya z = 0,712.",Mfumo wa kwanza au `` nyekundu '' una mistari nyembamba ya (O III) na vitu vingine vya ionized huko Redshift Z = 0.712.,0
4829,"Malcolm Fraser, ambaye alikuwa ameshinda Whitlam katika maporomoko ya ardhi katika uchaguzi wa shirikisho mnamo Desemba 1975, alimpa Egerton ukuu wa kutumikia harakati za umoja wa wafanyikazi.","Whitlam, ambaye alikuwa ameshinda Malcolm Fraser katika maporomoko ya ardhi katika uchaguzi wa shirikisho mnamo Desemba 1975, alimpa Egerton ukuu wa kutumikia harakati za umoja wa wafanyikazi.",0
4830,"Kwa hali hii, Ionescu alifanya, katika moja ya karatasi zake za mapema, taarifa muhimu na badala ya unabii:","Kwa hali hii, Ionescu alitoa taarifa muhimu na badala ya unabii katika moja ya machapisho yake ya mapema:",1
4836,Timu hiyo pia ilienda huko Australia mnamo 1953 na Asia mnamo Agosti 1959.,Timu hiyo ilienda Australia mnamo 1953 na Asia mnamo Agosti 1959.,1
4839,"Kati ya waimbaji kwenye bendi hiyo walikuwa Dorothy Crane, Jerry Lang, Betty Griffin, kaka wa Bernie Walter Cummins na Scottee Marsh, ambaye baadaye aliimba na Tommy Dorsey.","Waimbaji kwenye bendi hiyo ni pamoja na Dorothy Crane, Jerry Lang, Betty Griffin, kaka wa Bernie Walter Cummins na Scottee Marsh, ambaye aliimba baadaye na Tommy Dorsey.",1
4840,"Washiriki wa ushauri wa mapema ni pamoja na Walter Cronkite, Norman Vetter, Gore Vidal, Norman Podhoretz, Sauli Bellow, na Alistair Cooke.","Washiriki wa ushauri wa mapema ni pamoja na Alistair Cooke, Sauli Bellow, Walter Cronkite, Norman Cousins, Gore Vidal, Norman Podhoretz.",1
4841,"Hii ilirekodiwa katika maandishi mawili marefu kutoka kwa hekalu lake la Medinet Habu, ambalo limetengana kwa mwili na kwa kiasi fulani tofauti na mwingine.","Hii ilirekodiwa katika maandishi mawili marefu kutoka kwa maiti yake ya Hort Medinet Habu, ambayo ni tofauti ya mwili na kwa kiasi fulani tofauti na mwingine.",1
4848,"Ukumbi wa muziki uliingizwa kwanza kutoka Paris kwenda London mnamo 1862 na ikawa maarufu sana, na wachezaji, waimbaji, sarakasi, na wanyama waliofunzwa na Mage.","Jumba la Muziki la Muziki liliingizwa kwanza kwenda Paris kutoka London mnamo 1862, na ikawa maarufu sana, na wachezaji, waimbaji, sarakasi, wachawi waliofunzwa wanyama.",0
4860,Bob na Ted walikuwa ndugu. John ni mtoto wa Ted.,"Bob na Ted walikuwa ndugu, na Ted ni mtoto wa John.",0
4861,"Mnamo Septemba 17, Arreola atatumbuiza katika Kituo cha Staples huko Los Angeles, California, dhidi ya Alfonso Gomez kwenye uwanja wa chini wa Juan Sandoval dhidi ya Saul Alvarez.","Mnamo Septemba 17, Arreola atakutana na Juan Sandoval kwenye uwanja wa chini wa Sauli Alvarez dhidi ya Alfonso Gomez katika Kituo cha Staples huko Los Angeles, California.",0
4862,Kina hiki kinalinganisha na kina cha Ziwa Michigan na Ziwa Huron.,Kina hiki kinalinganisha na kina cha juu cha Ziwa Michigan na katika Ziwa Huron.,1
4865,Mto tu ni Daraja la Reli ya Kati ya Michigan ambayo na mtangulizi wake Daraja la Whirlpool Rapids lilishindana kwa trafiki ya reli na Daraja la Niagara Cantilever.,"Kuinuka ni Daraja la Reli ya Kati ya Michigan, ambayo ilishindana na mtangulizi wake, Daraja la Rapids Whirlpool, na Daraja la Niagara Cantilever kwa trafiki ya reli.",1
4867,"Mnamo Agosti 2017, Timu Prakash Raj alijiunga na timu hiyo kuchukua jukumu la mtayarishaji Aluri Chakrapani.","Aluri Chakrapani pia alijiunga na timu hiyo mnamo Agosti 2017, kwa madai ya kuchukua jukumu la mtayarishaji Prakash Raj.",0
4868,"Alizaliwa katika Kata ya Carter, Tennessee na baadaye akahamia Arkansas.","Alizaliwa huko Arkansas na kuhamia Carter County, Tennessee.",0
4883,"Wakati wa Vita vya Kwanza vya Ulimwengu, alisoma huko Geneva, ambapo alifanya kazi na Willi Münzenberg.","Wakati wa Vita vya Kwanza vya Ulimwengu alifanya kazi huko Geneva, ambapo alisoma na Willy Münzenberg.",0
4886,"Beximco hutoa nguo, kemikali za msingi, dawa, jute na chakula cha baharini, na kampuni pia ina mali isiyohamishika na maslahi ya maendeleo ya ardhi.","Beximco hutoa nguo, kemikali za baharini, dawa, jute na vyakula vya msingi, kampuni pia ina mali isiyohamishika na masilahi ya maendeleo ya ardhi.",0
4897,"Dealets ni mji kaskazini mwa Bulgaria, sehemu ya Manispaa ya Veliko Tarnovo, Mkoa wa Veliko Tarnovo.","Dealets ni mji kaskazini mwa Bulgaria, sehemu ya manispaa ya Veliko Tarnovo, mkoa wa Veliko Tarnovo.",1
4898,Hii inazuia ugumu ndani ya nodi za kikundi na huficha kuunganishwa kwao na node zingine nje ya kikundi.,"Hii inazuia ugumu ndani ya nodi za kikundi, na huficha kuunganishwa kwao na nodi zingine nje ya kikundi.",1
4899,Hifadhi ya Kitaifa ya Petkeljärvi ni mbuga ya kitaifa katika mkoa wa Ilomantsi kaskazini mwa Karelia huko Ufini.,Hifadhi ya Kitaifa ya Petkeljärvi ni mbuga ya kitaifa huko Ilomantsi katika mkoa wa Karelia Kaskazini wa Ufini.,0
4901,"Kati ya idadi hii, 87.91 % ni watu wa kabila la Hungari, Warumi wa kabila 7.53 na Waromani wa kabila 4.43 %.","Kati ya idadi hii, asilimia 87.91 ni Waromania wa kabila, 7.53 % ni watu wa kabila na 4.43 % ni Warumi wa kabila.",0
4906,Alichaguliwa na Philadelphia 76ers katika raundi ya 7 (chaguo la 77 kwa jumla) ya Rasimu ya NBA 1967.,Alichaguliwa na Philadelphia 76ers katika raundi ya 7 (77 ya jumla) ya Rasimu ya NBA ya 1967.,1
4910,Tina Grey (1885 - 1985) alikuwa painia wa matibabu na dada wa msichana wa'glasgow 'Norah Neilson Grey.,Norah Neilson Grey (1885 - 1985) alikuwa painia wa matibabu na dada wa '; Glasgow Girl 'Apos; Tina Grey.,0
4913,"Chandler alizingatia kompyuta kama zana ya kujifunza, lakini alikataa Objectivism iliyopo ambayo ilitambua data kama habari, na habari kama maarifa.","Chandler aliona kompyuta kama zana ya kujifunza, lakini alikataa utaftaji mkubwa ambao ulitambua data kama habari na habari kama maarifa.",1
4914,Njia hizi za harakati za mawasiliano hutoka kwenye maeneo ya usoni ya ubongo.,Aina hizi za mawasiliano katika harakati za usoni hutoka katika maeneo yale yale ya ubongo.,0
4917,Tovuti hizi zinachukuliwa kuwa maeneo ya pembeni kwa makazi duni na viwango vya 56 na 96 mtawaliwa.,"Tovuti hizi zinachukuliwa kuwa duni kwa makazi ya kando, na viwango vya 56 na 96 mtawaliwa.",0
4930,"Meridi inajumuisha wakaazi wa Daykin, Alexandria, Magharibi, Fairbury, na Tobias, na kuunda Wilaya ya Shule ya Nebraska 303.","Meridi ina wakaazi wa Daykin, Alexandria, Magharibi, Fairbury na Tobias, na kuunda Wilaya ya Shule ya Nebraska 303.",1
4934,"John John Milton anamtaja Shakespeare na ananukuu Angela Warren `` Comus '': '' Chini ya glasi, baridi, mwanga wa wimbi ``.","Angela Warren anamtaja Shakespeare na ananukuu John Milton '' 'Comus' ': `` Chini ya Glassy, ​​baridi, na mwanga-wa kawaida wimbi' '.",0
4937,"Kati ya idadi hii, 87.91 % ni watu wa kabila la Hungari, Warumi wa kabila 7.53 na Waromani wa kabila 4.43 %.","Kati ya idadi hii, 87.91 % ni watu wa kabila la Hungari, 7.53 % ni Warumi wa kikabila na Kiromani wa kabila 4.43.",1
4939,Alihamia na wazazi wake akiwa na umri wa miaka 3 kutoka Estonia kwenda Finland na kwa sasa anaishi Helsinki.,Alihamia na wazazi wake kutoka Ufini kwenda Estonia akiwa na umri wa miaka 3 na kwa sasa anaishi Helsinki.,0
4943,"Wakati PPC imevurugika kwa muda, haswa PPC ya ulimwengu wa kulia, kumbukumbu kwenye saccades hudhoofishwa sana.","Wakati PPC imevurugika kwa muda, haswa PPC upande wa kulia, kumbukumbu ya saccades imedhoofishwa sana.",1
4944,"Joshua Pim alishinda Wilfred Baddeley, 6 - 4, 1 - 6, 7 - 5, 6 - 0.","Joshua Pim alimpiga Wilfred Baddeley, 6 - 4, 1 - 6, 7 - 5, 6 - 0.",1
4950,Sauti ya Shulman inaonyesha mambo ya `` glitch '' na inaonyesha ushawishi mkubwa wa IDM.,Sauti ya Shulman ina mambo ya `` glitch '' na inaonyesha ushawishi mkubwa wa IDM.,1
4951,"Wakati idadi kubwa ya IEs tofauti inahitajika, hii mara nyingi husababisha shida zaidi za upangaji wa uwezo na asili husababisha kutokuwa na utoaji wa IP.","Wakati idadi kubwa ya IEs tofauti inahitajika, kwa asili husababisha shida zaidi za upangaji katika uwezo na mara nyingi husababisha kutokuwa na utoaji wa IP.",0
4953,"Ni maili 20 kaskazini magharibi mwa Glasgow, Virginia na umbali wa maili mbili kusini mashariki mwa Roanoke, Virginia.","Ni maili 20 kaskazini-magharibi mwa Roanoke, Virginia na umbali wa maili mbili kusini mashariki mwa Glasgow, Virginia.",0
4956,Timu hiyo pia ilienda Asia mnamo 1953 na Australia mnamo Agosti 1959.,Mnamo 1953 timu ilienda Asia na Australia mnamo Agosti 1959.,1
4960,Warren Haynes alijiunga na bendi ya utalii na kurekodi ya David Allan Coe mnamo 1980 alipokuwa na umri wa miaka 20.,"Mnamo 1980, alipokuwa na miaka 20, David David Allan alijiunga na bendi ya Warren Haynes na bendi ya kurekodi.",0
4965,"Mnamo 1961, Herbert Herbert alikuwa mada ya `` hii ni mpango wako wa TV '' wakati alishangazwa na Eamonn Andrews.",Herbert alikuwa mada ya `` hii ni mpango wako wa TV '' mnamo 1961 wakati alishangazwa na Eamonn Andrews.,1
4966,"`` Fallbeil '' ilitumika mara ya mwisho huko Ujerumani Magharibi mnamo 1949, mnamo 1966 huko Ujerumani Mashariki.","`` Fallbeil '' ilitumika kwa mara ya mwisho huko Ujerumani Magharibi mnamo 1949, huko Ujerumani Mashariki mnamo 1966.",1
4970,"Worcestershire ni mji na mji wa kaunti ya Worcester, England.",Worcester ni mji na jiji la Worcestershire huko England.,0
4971,Baadaye aliitumia kama ishara kwa chama cha Nazi na kuiweka kwenye duara nyeupe na asili nyekundu kuitumia kama bendera.,"Baadaye aliitumia kama ishara kwa chama cha Nazi, na akaiweka kwenye duara nyekundu na msingi mweupe kwa matumizi kama bendera.",0
4973,"Khedi ni kijiji katika wilaya ya Bhopal ya Madhya Pradesh, India. Iko katika Berasia Tehsil.","Khedi ni kijiji katika Bhopal - Wilaya ya Madhya Pradesh, India. Iko katika Berasia Tehsil.",1
4975,"Inapendekeza mikataba ya kifedha iliyoandikwa na mashahidi wa kuaminika, ingawa kuna mzozo juu ya usawa wa shahidi wa kike.","Inapendekeza mikataba iliyoandikwa ya kifedha na mashahidi wa kike, ingawa kuna ugomvi juu ya usawa wa ushuhuda wa kuaminika.",0
4981,"Autism inazungumza wadhamini na kusambaza filamu fupi `` autism kila siku '', iliyotengenezwa na Lauren Thierry na Eric Solomon.","Autism inazungumza na kusambaza filamu fupi `` autism kila siku '', iliyodhaminiwa na Lauren Thierry na Eric Solomon.",0
4982,Huyghe alizaliwa huko Paris mnamo 1962 na anaishi na anafanya kazi huko Chile na New York.,Huyghe alizaliwa Chile na New York mnamo 1962. Huyghe anaishi na anafanya kazi huko Paris.,0
4989,"Kanda hii ya hali ya hewa inaonyeshwa na tofauti kubwa za joto za msimu, na joto hadi joto (na mara nyingi huwa na unyevu) na msimu wa joto kali.","Kanda hii ya hali ya hewa huonyeshwa na tofauti kubwa za joto za msimu, na joto kwa joto (na mara nyingi moto) msimu wa joto na msimu wa joto.",0
4994,"Alikufa mnamo Juni 30, 1954, wa saratani ya tumbo huko Claremore, Oklahoma. New York City ni nyumbani kwa Ukumbusho wa Lynn Riggs.","Alikufa kwa saratani ya tumbo huko New York mnamo 30 Juni 1954, na Claremore, Oklahoma ni nyumbani kwa Ukumbusho wa Lynn Riggs.",0
5001,Tipico Co Ltd na Tipico Casino Ltd ilianzishwa mnamo 2004 kama kampuni za biashara katika Jalada la Kimataifa la Mamlaka ya Huduma za Fedha za Malta.,Tipico Co Ltd na Tipico Casino Ltd ilianzishwa mnamo 2004 kama kampuni za kimataifa za biashara katika Usajili wa Biashara ya Mamlaka ya Fedha ya Malta.,0
5002,Jamii hii ni ya wachezaji wa mpira wa miguu wa Israeli ambao kwa sasa wanacheza au wamecheza katika moja ya ligi zisizo za Israeli.,Jamii hii ni ya wachezaji wa mpira wa miguu wa Israeli ambao kwa sasa wanacheza au wamecheza katika ligi yoyote isiyo ya Israeli.,1
5005,"`` Kila kitu lakini wewe '' ni wimbo wa 1945, ulioundwa na Duke Ellington na Harry James ulioandikwa na maandishi na Don George.",`` Kila kitu lakini wewe '' ni wimbo wa 1945 ulioundwa na Duke Ellington na Harry James na nyimbo zilizoandikwa na Don George.,1
5006,Toleo lililofuata liliundwa na kaka wa Robert Fuller Ron mnamo 1986.,Toleo lililofuata lilitolewa mnamo 1986 na kaka wa Robert Fuller Ron.,1
5015,"Uwezo wa konsonanti ni aina ya sauti ya uvular ambayo hutumika katika lugha zingine zinazozungumzwa ishara katika alfabeti ya kimataifa ya fonetiki, ambayo inawakilisha sauti hii,","Kuingiliana kwa konsonanti ni aina ya sauti ya uvular, inayotumiwa katika lugha zingine zinazozungumzwa. Alama katika alfabeti ya kimataifa ya fonetiki ambayo inawakilisha sauti hii ni",1
5018,Earl St Vincent alikuwa meli ya Ufaransa ambayo ilitekwa na kuwa mfanyabiashara wa Uingereza mnamo 1803.,Earl St Vincent alikuwa meli ya Ufaransa ambayo ilitekwa mnamo 1803 na kuwa mtu wa biashara ya Uingereza.,1
5024,"Alikuwa mzungumzaji aliyealikwa wa ICM huko Toronto mnamo 1924, mnamo 1932 huko Zurich, na mnamo 1936 huko Oslo.","Alikuwa msemaji aliyealikwa wa ICM huko Toronto mnamo 1924, huko Zurich mnamo 1932 na huko Oslo mnamo 1936.",1
5025,"Binti wa kwanza wa wanandoa ni Mohammad Javad Golpayegani, aliyeolewa na Boshra, mwana wa Mohammad Golpayegan, mkuu wa wafanyikazi wa Khamenei.","Binti wa kwanza wa wanandoa ni Mohammad Javad Golpayegani, aliyeolewa na Boshra, mwana wa Mohammad Golpayegan, mkuu wa wafanyikazi wa Khamenei.",1
5027,Kampuni hutoa jaribio kamili kwa huduma zake kwa madhumuni ya tathmini na pia ina wataalam kuanzisha makubaliano ya kiwango cha huduma kwa miradi sawa ya wakati.,Kampuni hutoa toleo la majaribio ya bure kwa huduma zake kwa madhumuni ya tathmini na pia ina wataalam kuanzisha makubaliano ya kiwango cha huduma kwa miradi sawa ya wakati wote.,0
5028,"Alihamia San Diego, California mnamo 1876, na kwa Dallas, Texas mnamo 1887.","Mnamo 1876, alihamia San Diego, California, na kwa Dallas, Texas mnamo 1887.",1
5030,"Nashua Silver Knights, sehemu ya Ligi ya Collegiate ya msimu wa joto, ni timu ya leo jijini.","Nashua Silver Knights, sehemu ya ligi ya sasa ya majira ya joto, ni timu ya pamoja ya jiji.",0
5041,"Stipsits alizaliwa huko Korneuburg, na alitumia utoto wake huko Stammersdorf, Vienna.","Stipsits alizaliwa huko Vienna na alitumia utoto wake huko Stammersdorf, Korneuburg.",0
5049,"Mnamo 1972, Njia mpya za Kufanya Kazi Foundation zilianzishwa, ni shirika lisilo la faida lililofadhiliwa katika eneo la San Francisco Bay.","Mnamo 1972, Njia mpya za Kufanya Kazi Foundation zilifadhiliwa, shirika lisilo la faida lililoanzishwa katika eneo la San Francisco Bay.",0
5055,Fishman anashikilia digrii ya bachelor kutoka Chuo Kikuu cha Brown na digrii ya Master katika Uchumi kutoka Chuo Kikuu cha Columbia.,Fishman anashikilia digrii ya bachelor kutoka Chuo Kikuu cha Brown na digrii ya Masters katika uchumi wa Chuo Kikuu cha Columbia.,1
5059,"Mzaliwa wa Korea Kusini, aliishi nchini Brazil kwa miaka 9 tangu 2002, alicheza mpira kwa miaka 5 na alianza kazi yake mnamo 2007.","Mzaliwa wa Korea Kusini, aliishi nchini Brazil kwa miaka 9 tangu 2002 na kucheza mpira huko kwa miaka 5. Alianza kazi yake ya kitaalam mnamo 2007.",1
5089,Vilabu vilivyo na wachezaji 10 au zaidi waliotajwa vinawakilishwa.,Vilabu vilivyo na wachezaji 10 au zaidi waliotajwa vinawakilishwa.,1
5090,Porte de Vincennes iko ambapo kona ya kusini mashariki ya mpangilio wa 20 hukutana na kona ya kaskazini-mashariki ya mpangilio wa 12 wa Paris.,Porte de Vincennes iko ambapo kona ya kusini mashariki ya mpangilio wa 20 hukutana na kona ya kaskazini mashariki ya mpangilio wa 12 wa Paris.,1
5092,Mto wa Hudeasa ni huduma ya Mto wa Bradu huko Romania.,Mto wa Bradu ni huduma ya mto Hudeasa huko Romania.,0
5100,"Binti wote walikufa kabla ya kufanya, huko Tosca mnamo 1976 na mnamo Janear 1981.","Mabinti wote wawili walifanya kabla ya kufa, Tosca mnamo 1976 na Janear mnamo 1981.",0
5103,Timu ilijibu mabadiliko katika mchezo uliofuata jioni hiyo hiyo ya Februari 19.,Timu ilijibu mabadiliko katika mchezo uliofuata jioni hiyo hiyo mnamo 19 Februari.,1
5113,Mnamo 2001 Enkor aliunganishwa na mashirika ya ndege ya Siberia.,"Mnamo 2001, mashirika ya ndege ya Siberia yaliunganishwa na Enkor.",0
5115,"Sikhism ni dini ambayo ilianza India katika karne ya kwanza na kituo cha kumi na tano Guru, inayojulikana kama Guru Nanak Dev Ji (1469-1539 C.E.).","Sikhism ni dini ambayo ilianza nchini India katika karne ya kwanza na Guru ya kumi na tano, inayojulikana kama Guru Nanak Dev Ji (1469-1539 c.e.).",1
5124,Ilionyesha sanaa muhimu zaidi zinazozalisha jamii na kujadili kazi ya wasanii 23 wanaojulikana.,Ilijadili jamii muhimu zaidi zinazozalisha jamii na kuonyesha kazi ya wasanii 23 wanaojulikana.,0
5125,"Bostryx turritus ni spishi ya konokono ya hewa ya kupumua ya hewa, gastropod mollusk katika familia ya Bulimulidae.","Bostryx turritus ni spishi ya konokono ya kupumua ya hewa ya kitropiki, mollusk ya gastropod ya pulmonate katika familia ya Bulimulidae.",1
5126,"Joey Shamah alibadilishwa na Tarang P. Amin, ambaye `` ameteuliwa kuwa rais, afisa mkuu mtendaji na mkurugenzi wa E.L.F.","Ilibadilishwa na Tarang P. Amin, ambaye ameteuliwa kuwa rais, afisa mkuu mtendaji na mkurugenzi wa E.L.F.",1
5135,Paul Tassi wa `` Forbes '' alidai kwamba Nintendo angeweza kushughulikia mabadiliko hayo kwa ufanisi zaidi kwa kuchora masomo kutoka kwa ubadilishaji kutoka Microsoft na Sony hadi picha za HD.,Paul Tassi wa `` Forbes '' alidai kwamba Nintendo angeweza kushughulikia mabadiliko hayo kwa ufanisi zaidi kwa kuchora masomo kutoka kwa mabadiliko ya Microsoft na Sony kwa picha za HD.,1
5138,"Shughuli za Ulaya zikawa sehemu ya Ebel, wakati shughuli za Asia ziliuzwa kwa mjasiriamali wa Hong Kong Joseph Wong na sasa ni mali ya Stelux Holdings.","Shughuli za Asia zikawa sehemu ya EBEL, wakati shughuli za Ulaya ziliuzwa kwa mjasiriamali wa Hong Kong Joseph Wong na sasa ni mali ya Stelux Holdings.",0
5148,"Alaja, ni sehemu ndogo ya watu katika mkoa wa Balkan magharibi mwa Turkmenistan kwenye Bahari ya Caspian.","Alaja, ni sehemu ndogo ya watu huko Turkmenistan magharibi mwa Mkoa wa Balkan kwenye Bahari ya Caspian.",0
5151,"Mnamo Aprili 1942, Britten alirudi England, na mara baada ya kurudi alimwuliza Montagu Slater kuwa mwandishi wake wa `` Peter Grimes ''.","Britten alirudi Uingereza mnamo Aprili 1942. Mara tu baada ya kurudi kwake, aliuliza Montagu Slater kuwa mtoaji wake wa `` Peter Grimes ''.",1
5159,Maandalizi hayo yalibuniwa na Dk. Patrick Ukurasa na timu yake na hati miliki na Genkyotex mnamo 2007.,Maandalizi hayo yalipewa hati miliki na Dk. Patrick Ukurasa na timu yake na zuliwa na Genkyotex mnamo 2007.,0
5166,"Maritsa Lazari alizaliwa mnamo Oktoba 1943 huko Kupro. Alihamia na familia yake kwenda London, Uingereza akiwa na umri wa miaka 16.","Maritsa Lazari alizaliwa huko Kupro mnamo Oktoba 1943 na kuhamia na familia yake kwenda London, England akiwa na umri wa miaka 16.",1
5171,Njia ya Pennsylvania 268 inaongoza kutoka mwisho wa magharibi wa daraja kaskazini hadi Parker na kusini hadi Emlenton.,"Kutoka mwisho wa magharibi wa daraja, Pennsylvania Route 268 inaongoza kusini kuelekea Parker na Kaskazini kwa Emlenton.",0
5182,"Wakati shughuli hiyo ilikamilishwa kwa mara ya kwanza mnamo 1994, ClassiComm ilikuwa na wanachama 102,000; Ilipotangazwa mwaka uliofuata, kampuni hiyo ilikuwa na wanachama 105,000.","Wakati shughuli hiyo ilipotangazwa kwa mara ya kwanza mnamo 1994, ClassiComm ilikuwa na wanachama 102,000 wakati ilikamilishwa mwaka uliofuata, na kampuni hiyo ilikuwa na wanachama 105,000.",0
5185,"Valgjärv ni ziwa katika kaunti ya kusini mashariki mwa Voru Latvia, karibu na mpaka na Estonia.","Rõuge Valgjärv ni ziwa katika kaunti ya kusini mashariki mwa Voru, karibu na mpaka na Estonia.",1
5187,"Adamsville imepakana na magharibi mwa Coleman, mashariki na Kata ya Ziwa, kaskazini mwa Wildwood na kusini na Sumterville.","Adamsville imepakana na Coleman magharibi, Sumterville mashariki, Wildwood kaskazini, na Kata ya Ziwa kusini.",0
5190,"Sherehe ya 1992 ilishikiliwa na Vince Neil, ambayo ni pamoja na En Vogue, Ugly Kid Joe, alikamatwa Maendeleo na Dennis Miller.","Sherehe ya 1992 ilishikiliwa na Vince Neil. Watendaji ni pamoja na En Vogue, Ugly Kid Joe, aliyekamatwa Maendeleo na Dennis Miller.",1
5195,"Makatibu wa zamani ni pamoja na Alison Murison, Tom Mabbott, ambaye alipokea MBE kwa huduma kwa kilimo cha maua cha Scottish, John Maclennan, na Dk. John Mackay.","Makatibu wa zamani ni pamoja na Alison Murison, Tom Mabbott, ambaye alipokea MBE kwa huduma kwa Bustani ya Scottish, John Maclennan na Dk. John Mackay.",1
5212,Kiwango cha tofauti kati ya mielekeo ya Waprotestanti na Katoliki ndani ya mila ya Anglikana ni jambo la mjadala mara kwa mara ndani ya makanisa maalum ya Anglikana na katika jamii yote ya Anglikana.,Kiwango cha tofauti kati ya mielekeo ya Waprotestanti na Katoliki ndani ya mila ya Anglikana ni jambo la mjadala mara kwa mara ndani ya makanisa maalum ya Anglikana na wakati wote wa ushirika wa Anglikana.,1
5217,"Madonna, Prince na Michael Jackson, hata hivyo, walishawishiwa kwenye albamu hiyo.","Walakini, Michael Jackson, Prince, na Madonna walikuwa ushawishi kwenye albamu.",1
5220,"Kulingana na Ofisi ya sensa ya Merika, Southport ni eneo la jumla ambalo lina ardhi na, au 0.91 %, ni maji.","Kulingana na Ofisi ya sensa ya Merika, Southport ni eneo la jumla, ambalo lina ardhi na, au 0.91 %, ni maji.",1
5224,"Mnamo 1886, George Crook alichukua nafasi ya Jenerali Miles kama kamanda wa vikosi vya jeshi akipigana na Geronimo, kiongozi wa Chiricahua - Apache, katika Idara ya Arizona.","Mnamo 1886, George Crook alichukua nafasi ya Jenerali Miles kama kamanda wa vikosi vya kupigana na Geronimo, kiongozi wa Chiricahua Apache, katika Idara ya Arizona.",1
5225,Vidonda vya mapema ni tishu za kisaikolojia za kisaikolojia ambazo zinaonekana kuwa isiyo ya kawaida katika uchunguzi wa microscopic na ambayo saratani ina uwezekano mkubwa kuliko mwenzake wa kawaida.,"Vidonda vya mapema ni tishu za kisaikolojia za kisaikolojia ambazo zinaonekana kuwa zisizo za kawaida chini ya uchunguzi wa microscopic, na ambayo saratani ina uwezekano mkubwa wa kutokea kuliko mwenzake wa kawaida.",1
5227,Sulz ni manispaa katika wilaya ya Vorarlberg katika mkoa wa Austria wa Feldkirch.,Sulz ni manispaa katika wilaya ya Feldkirch katika jimbo la Austria la Vorarlberg.,0
5230,"Mnamo Novemba 1989, Delaney alikuwa mwanachama wa Soko la Hisa la New York na alikua Mkurugenzi Mkuu wa Henderson Brothers, Inc. na Bear Wagner.","Mnamo Novemba 1989, Delaney alikua mwanachama wa Soko la Hisa la New York na alikuwa Mkurugenzi Mkuu anayesimamia Henderson Brothers, Inc., na Bear Wagner.",0
5234,"Iliongezwa na Gregor (nambari 202) kwenye orodha ya maandishi ya Agano Jipya, Scrivener aliiona mnamo 1883.",Iliongezwa kwenye orodha ya maandishi ya maandishi ya Agano Jipya na Gregory (nambari 202). Scrivener aliiona mnamo 1883.,1
5235,"Tangu 2000, Meyers amekuwa akitengeneza michoro kubwa, maalum ya ukuta katika makumbusho na nyumba za sanaa.","Meyers amekuwa akifanya michoro kubwa, maalum ya ukuta katika makumbusho na nyumba za sanaa tangu 2000.",1
5236,Multiverse ni mkusanyiko wa ulimwengu mbadala na asili ya ulimwengu na uongozi sawa.,"Multiverse ni mkusanyiko wa ulimwengu mbadala, na asili sawa na uongozi wa ulimwengu.",0
5245,Iliachiliwa baadaye kuthibitishwa kama moja kwa albamu hiyo mnamo Oktoba 15 nchini Uingereza na mnamo Oktoba 23 huko USA.,"Ilithibitishwa baadaye kutolewa kama moja kwa albamu hiyo mnamo Oktoba 15 nchini Uingereza, na Oktoba 23 huko Amerika.",0
5251,Kati rahisi inaweza kuwa na sifa nzuri za kunyonya na uzalishaji katika formula 2 na masafa ya formula 3.,Njia bora inaweza kuonyeshwa na sehemu rahisi za kunyonya na uzalishaji kwa formula formula _ 2 na formula _ 3.,0
5255,"Albamu hiyo ilirekodiwa huko Los Angeles na Aníbal Kerpel na kuchanganywa katika masomo ya `` La Casa '' huko Los Angeles, California.","Albamu hiyo ilirekodiwa huko Los Angeles, California na Aníbal Kerpel. Iliyochanganywa katika masomo ya `` La Casa '' huko Los Angeles.",1
5257,"Shule za Umma za Wilaya ya Madison ni wilaya ya shule inayohudumia mwisho wa kusini wa Detroit kubwa huko Madison Heights, Michigan.","Shule za Umma za Wilaya ya Madison ni wilaya ya shule kusini mwa Greater Detroit, Madison Heights, Michigan.",1
5260,"Baadaye, wakati wa shambulio la Andrew, Hesabu de Angoulême, Richard angekuwa vikosi vya Adhemar.","Baadaye, vikosi vya Andrew Richard vitakuwa wakati wa shambulio la Adhemar, Hesabu ya Angoulême.",0
5261,"Kanali Luteni Donald Grant Millard, Kapteni Gerald K. Hannaford na Kapteni John F. Lorraine walikuwa abiria wa ndege hiyo.","Wakaaji wa ndege hiyo walikuwa Luteni Kanali Gerald K. Hannaford, Kapteni Donald Grant Millard na Kapteni John F. Lorraine.",0
5266,"Bonnie Bedelia (mzaliwa wa Bonnie Bedelia Culkin, 25 Machi 1948) ni mwigizaji wa Amerika.","Bonnie Bedelia Culkin (amezaliwa Machi 25, 1948 huko Bonnie Bedelia) ni mwigizaji wa Amerika wa Amerika.",0
5267,"Mnamo 1914, Bwana Todoroff alianzisha Mkahawa wa Jackson Coney Island na kuunda mapishi yake ya Sauce ya Kisiwa cha Coney.","Mnamo 1914, Bwana Todoroff alianzisha Kisiwa cha Jackson Coney Island na kuunda kichocheo chake cha Sauce ya Kisiwa cha Coney.",1
5271,"Bellman alikufa mnamo Desemba 8, 1931 huko Louisville, Kentucky na anaingiliwa katika Makaburi ya Kalvari huko Louisville.","Bellman alikufa huko Louisville mnamo Desemba 8, 1931, na alizikwa kwenye kaburi la Kalvari huko Louisville, Kentucky.",0
5273,"Msimu wa 2008 - 09 Colorado Avalanche ilikuwa msimu wa 37 wa Franchise, 30 katika Ligi ya Kitaifa ya Hockey na 14 kama Colorado Avalanche.","Msimu wa 2008 - 09 Colorado Avalanche ilikuwa msimu wa 37 wa Franchise, 14 kwenye Ligi ya Kitaifa ya Hockey na 30 kama Colorado Avalanche.",0
5276,"Mnamo 1994, hesabu `` mambo ya dini '', iliyochapishwa na Peter Masefield na Donald Wiebe, ilichapishwa kwa heshima yake.","Mnamo 1994, hesabu `` mambo ya dini '', iliyohaririwa na Peter Masefield na Donald Wiebe, ilichapishwa kwa heshima yake.",0
5279,"Alikufa kwa saratani ya tumbo huko Claremore, Oklahoma, New York City, ambapo Ukumbusho wa Lynn Riggs upo Juni 30, 1954.","Alikufa mnamo Juni 30, 1954, wa saratani ya tumbo huko Claremore, Oklahoma. New York City ni nyumbani kwa Ukumbusho wa Lynn Riggs.",1
5282,"Mchezo ulipokea sifa kwa mazingira yake mapana na maingiliano, mpango wa kudhibiti starehe, na mchezo wa ubunifu.","Mchezo ulipokea sifa kwa mazingira yake mazuri, mpango mpana na wa maingiliano wa kudhibiti na mchezo wa ubunifu.",0
5287,Muziki huo uliundwa na A. T. Ummer na nyimbo ziliandikwa na P. Bhaskaran.,Muziki huo uliandikwa na A. T. Ummer na maandishi na P. Bhaskaran yalitungwa.,0
5292,"Karen Lieve Ria Hostens ameolewa na J. Peter Burgess, mjumbe wa ushirikiano wa Kamati ya Kimataifa ya Msalaba Mwekundu, na baba kwa watoto watatu.","RIA Hostens ameolewa na J. Peter Burgess, Mjumbe wa Ushirikiano wa Kamati ya Kimataifa ya Msalaba Mwekundu, na baba kwa watoto watatu.",1
5298,"Alizaliwa Mei 5, 1940 huko Constantinople (Athene) na alikufa na saratani huko Istanbul mnamo 19 Novemba 2011.","Alizaliwa Mei 5, 1940 huko Constantinople (Istanbul) na alikufa na saratani huko Athene mnamo Novemba 19, 2011.",0
5309,"Walcott ni kijiji cha raia na manispaa ndogo katika wilaya ya Kaskazini ya Kesteven ya Lincolnshire, England.","Walcott ni kijiji cha raia na parokia ndogo katika wilaya ya Kaskazini ya Kesteven ya Lincolnshire, England.",1
5320,"`` Cosmic Explorer '' ilichapishwa katika fomati nne tofauti na Universal Music Japan, Universal J na Parfum Record mnamo Aprili 6, 2016.","""Cosmic Explorer"" ilitolewa katika fomati nne tofauti na Universal J Japan, Muziki wa Universal na Rekodi za manukato mnamo 6 Aprili 2016.",0
5324,"Mwanachama mwingine wa kikundi hicho alikuwa Sir Thomas Giffard, ambaye dada yake alifunga ndoa na George Throckmorton.","Mwanachama mwingine wa kikundi hicho alikuwa Sir George Throckmorton, ambaye dada yake Thomas Giffard alikuwa ameolewa.",0
5334,"Ilifunguliwa mnamo 2008, studio hizo zilibuniwa na Zach Hancock na zinasimamiwa na mhandisi mkuu Martin Pilchner.","Studios, zilizofunguliwa mnamo 2008, zilibuniwa na Martin Pilchner na kusimamiwa na mhandisi mkuu Zach Hancock.",0
5337,"Alikuwa mgombea ambaye hakufanikiwa kwa jaji wa Jiji la Bend Kusini mnamo 1947, na mnamo 1948 kama mwendesha mashtaka wa Kaunti ya Mtakatifu Joseph.",Alikuwa mgombea asiyefanikiwa mnamo 1947 kwa jaji wa Jiji la Mtakatifu Joseph na mnamo 1948 kwa mashtaka ya South Bend.,0
5340,"Katika miaka 100 iliyopita, idadi ya tembo wa Thai imepunguzwa kutoka 100,000 hadi 2000 - tembo 3,000 za mwituni na tembo 2,700 zilizowekwa nyumbani.","Idadi ya tembo wa Thai imepunguzwa kutoka 100,000 hadi 2000 - tembo 3,000 za mwituni na tembo wapatao 2,700 waliotengwa kwa miaka 100 iliyopita.",1
5346,Kupoteza kwa Nataliya Tobias kwenye Mashindano ya Kitaifa ya 2006 kulimchochea kuanza tena kazi yake na alianza mazoezi na Iryna Lishchynska.,Hasara kwa Iryna Lishchynska kwenye Mashindano ya Kitaifa ya 2006 ilimchochea kuanza tena kazi yake ya kitaalam na alianza kufanya mazoezi na Nataliya Tobias.,0
5348,"Kijiografia, inachukua kaunti ya Forsyth katika mji wa Kernersville Mashariki.","Kijiografia, Jiji la Kernersville linakaa katika Kaunti ya Forsyth Mashariki.",0
5349,Rekodi ya nyimbo za watu zilizotengenezwa kwa Jumuiya ya Columbia mnamo 1942 ilipangwa sana na Pjetër Dungu.,Rekodi ya nyimbo za watu zilizopangwa kwa Jumuiya ya Columbia mnamo 1942 ilifanywa sana na Pjetër Dungu.,0
5357,"Mnamo 1291, Mahaut alifunga ndoa na Count de Burgundy, Otto IV, ambaye alikua mama wa watoto watatu, pamoja na wasichana wawili ambao walioa wafalme wa Ufaransa.","Mnamo 1291, Mahaut alifunga ndoa na Otto IV, Hesabu ya Burgundy. Akawa mama wa watoto watatu, kutia ndani wasichana wawili ambao walioa wafalme wa Ufaransa.",1
5366,Walionyesha kuwa algorithm altmincomplete inaweza kurejesha formula 9 katika hatua zisizo sawa kwa kuangalia formula 203 zisizo za kawaida za formula 206 matrix.,"Walionyesha kuwa kwa kuangalia formula _ 203 viingilio visivyo vya kawaida vya formula _ 206 matrix formula _ 9, algorithm ya altmincomplete inaweza kupona formula _ 9 katika hatua zisizo sawa.",1
5367,"Katika mpira wa miguu wa kitaalam, timu za Scottish zinashindana katika ngazi zote chini ya udhamini wa Scottish, na timu nyingi chini ya ubingwa wa Scottish kuwa wa kitaalam.","Katika mpira wa miguu wa kitaalam, timu za Scottish zinafanya chini ya udhamini wa Scottish katika ngazi zote, na timu nyingi chini ya ubingwa wa Scottish kuwa wa kitaalam.",1
5368,Orodha hii ina maneno katika lugha ya Kiyunani na herufi angalau 10. Baadhi ya maneno katika orodha hii hutoka kwa lugha ya Kilatini na Kikroeshia.,"Orodha hii ina maneno kwa Kiyunani na herufi angalau 10, ambazo zingine hutoka kwa Kilatini na Kikroeshia kwenye orodha hii.",1
5370,Ronnie Fields tu hakucheza mchezo mmoja katika NBA au NCAA.,Ronnie Fields hakucheza mchezo mmoja katika NBA au NCAA.,1
5378,Jalada hilo lilibuniwa na msanii wa heraldic John Pasche. Monkey moja ya `` Steel '' ina kifuniko iliyoundwa na mkurugenzi wa sanaa Andrew Stewart Jamieson.,"Jalada hilo lilibuniwa na msanii wa heraldic Andrew Stewart Jamieson, mtu wa `` Steel Monkey '' ameandaa kifuniko cha Mkurugenzi wa Sanaa John Pasche.",0
5380,"Januari 12, 1978: Cambridge United - Meneja Ron Atkinson ameteuliwa Meneja wa West Bromwich Albion.","12 Januari 1978: Ron Atkinson, meneja wa West Bromwich Albion, ameteuliwa meneja wa Cambridge United.",0
5384,Alihama kutoka Estonia kwenda Ufini na wazazi wake akiwa na umri wa miaka 3 na kwa sasa anakaa Helsinki.,Alihamia na wazazi wake akiwa na umri wa miaka 3 kutoka Estonia kwenda Finland na kwa sasa anaishi Helsinki.,1
5385,Alihamia New York City mnamo 2009 na sasa anaishi Philadelphia.,Mnamo 2009 alihamia Philadelphia na anaishi New York City leo.,0
5386,Ilisimama mnamo 1943 - mnamo 1944 na Wajerumani na kung'olewa mara mbili na washirika wa washirika na hatimaye ikakuzwa mnamo 1946 - mnamo 1947.,Ililelewa mnamo 1943 - mnamo 1944 na Wajerumani na kuzamishwa mara mbili na Washirika wa Bombers na mwishowe waligonga mnamo 1946 - mnamo 1947.,0
5393,Lovey na Dude Romeo wa Green Bay Wisconsin wamechapisha sana mkondoni na katika YouTube - Video Puli Sambingoriginally kutoka Pittsburgh Pennsylvania.,Lovey na Dude Romeo kutoka Pittsburgh Pennsylvania wamechapisha sana mkondoni na katika YouTube - Video Puli Sayingoriginally na Green Bay Wisconsin.,0
5397,"Alizaliwa mtoto wa baada ya kifo cha Sir John Lade, 1 Baronet; Mama yake alikuwa dada ya Brewer Henry Thrale.","Alizaliwa mtoto wa baada ya kifo cha Sir John Lade, 1 Baronet, mama yake alikuwa dada wa pombe Henry Thrale.",1
5401,"Kwa kutumia mabadiliko ya utaratibu wa vigezo, suluhisho fulani huundwa kwa kuzidisha suluhisho la ziada na kazi isiyojulikana C (x):","Kutumia njia tofauti za vigezo, suluhisho fulani huundwa kwa kuzidisha suluhisho la ziada na kazi isiyojulikana C (x):",1
5409,Kupoteza kwa Nataliya Tobias kwenye Mashindano ya Kitaifa ya 2006 kulimchochea kuanza tena kazi yake na alianza mazoezi na Iryna Lishchynska.,Hasara kwa Nataliya Tobias kwenye Mashindano ya Kitaifa ya 2006 ilimchochea kuanza tena taaluma yake na alianza mazoezi na Iryna Lishchynska.,1
5413,Majukwaa ya PC1000 na PC1500 yalielezewa mnamo 2006 na wasindikaji wa VIA C3 na PC3500 ilianzishwa mnamo Agosti 2007 na Via C7.,"Majukwaa ya PC1000 na PC1500 ilianzishwa mnamo 2006, kwa kutumia wasindikaji wa VIA C3. PC3500 ilielezewa mnamo Agosti 2007, kwa kutumia VIA C7.",0
5414,"Pia walichapisha wimbo wa pili kwenye albamu, `` Matukio '', kama ile ya 5 kutoka kwa albamu mnamo Juni 13.","Pia waliachilia wimbo wa 5 kwenye albamu, `` Masiti, '' mnamo Juni 13 kama moja ya pili kutoka kwa albamu.",0
5420,"Sehemu ya kwanza, kutoka Hokitika hadi Ruatapu, ilifunguliwa Novemba 9, 1906, na mstari kamili wa Ross ulikamilishwa Aprili 1, 1909.","Sehemu ya kwanza, kutoka Hokitika hadi Ruatapu, ilikamilishwa mnamo 9 Novemba 1906, na mstari kamili wa Ross ulifunguliwa mnamo 1 Aprili 1909.",0
5429,Kakuda yuko kusini mashariki mwa Miyagi katika mkoa wa Tōhoku kaskazini mwa Japan.,Kakuda iko katika mkoa wa kusini mashariki mwa Miyagi katika mkoa wa Tōhoku wa kaskazini mwa Japan.,1
5430,"Wakati Edward II, mnamo 7 Julai 1307, alifaulu baba yake, Edward I, mtazamo wa raia wake kwa ujumla ulikuwa moja ya nia njema kuelekea mfalme wake mpya.","Wakati Edward nilifaulu baba yake Edward II mnamo 7 Julai 1307, mtazamo wa raia wake kwa ujumla ulikuwa wa nia njema kwa mfalme wao mpya.",0
5434,"Kufuatia kifo chake mnamo 1946, karatasi zake kwenye mradi huu zilikuwa sawa katika hali mbaya.","Alipokufa mnamo 1946, makaratasi yake kwenye mradi huu bado yalikuwa katika hali mbaya.",0
5436,"Alikuwa mgombea ambaye hajafanikiwa mnamo 1947 kwa diwani wa Jiji la Mtakatifu Joseph, na mnamo 1948 kwa Mwendesha Mashtaka wa South Bend.",Alikuwa mgombea asiyefanikiwa mnamo 1947 kwa jaji wa Jiji la Bend Kusini na mnamo 1948 kwa mwendesha mashtaka wa Kaunti ya Mtakatifu Joseph.,0
5438,"Mnamo mwaka wa 2011 alichapisha pia wasifu wa mwimbaji Madonna aliyeitwa `` Mad for Madonna, Malkia wa Pop '', aliandika Mchapishaji wa Castelvecchi.","Mnamo mwaka wa 2011 alichapisha pia wasifu wa mwimbaji Madonna aliyeitwa `` Mad for Madonna. Malkia wa Pop '', aliandika Mchapishaji wa Castelvecchi.",1
5441,Wilaya ya Ishkashim ni moja wapo ya wilaya 28 katika mkoa wa Badakhshan mashariki mwa Afghanistan.,Wilaya ya Ishkashim ni moja wapo ya wilaya 28 za Mkoa wa Badakhshan mashariki mwa Afghanistan.,1
5442,"Hafla moja ya dada ilifanyika katika Ziwa la Albert Park huko Melbourne na kufadhiliwa na Fox FM (Melbourne, Australia).","Hafla ya dada ilifanyika katika Ziwa la Albert Park huko Melbourne, Australia na kufadhiliwa na Fox FM (Melbourne).",1
5450,Mnamo Desemba 1969 ikawa Jeshi la 29 - Idara ya 49 ya Jeshi - Idara.,"Mnamo Desemba 1969, Idara ya Jeshi la 29 ikawa Idara ya Jeshi la 49.",1
5452,Mto wa Bradu ni huduma ya mto Hudeasa huko Romania.,Mto Hudeasa ni kijeshi wa Mto wa Bradu huko Romania.,0
5454,"Wachezaji wengi wakuu wa ligi walitumia wakati na timu hiyo, kutia ndani mkongwe wa miaka saba Jack Remsen na mkongwe wa miaka kumi John Kerins.","Wachezaji wengi wakuu wa ligi walitumia wakati na timu hiyo, pamoja na mkongwe wa miaka saba Jack Remsen na mkongwe wa miaka kumi John Kerins.",1
5456,"Athari zake zinaweza kujumuisha majibu ya kisaikolojia, athari kuu za mfumo wa neva, na mabadiliko ya biochemical.","Athari zake zinaweza kujumuisha athari za biochemical, majibu ya mfumo mkuu wa neva, na mabadiliko ya kisaikolojia.",0
5457,"Waimbaji kwenye bendi hiyo ni pamoja na Dorothy Crane, Walter Cummins, Betty Griffin, kaka wa Jerry Lang Bernie na Scottee Marsh, ambaye baadaye aliimba na Tommy Dorsey.","Waimbaji kwenye bendi hiyo ni pamoja na Dorothy Crane, Walter Cummins, Betty Griffin, kaka wa Jerry Lang Bernie na Scottee Marsh, ambaye aliimba baadaye na Tommy Dorsey.",1
5465,Rabi aliteuliwa kuwa Rabi na Jose B. Hanina na Yochanan Bar Nafcha.,Rabi aliteuliwa kama rabi na Jose wake mwenyewe. Hanina na Yochanan Bar Nafcha.,1
5469,"Mnamo Julai 2016, alionekana kama Joseph Conrad katika `` Wakala wa Siri '', kwa msingi wa riwaya hiyo hiyo na Winnie Verloc.","Mnamo Julai 2016, alionekana kama Winnie Verloc katika `` Wakala wa Siri '', kwa msingi wa riwaya isiyojulikana na Joseph Conrad.",0
5470,"Ralph R. B. von Frese ni mtaalam wa jiografia wa Amerika katika Chuo Kikuu cha Jimbo la Ohio ambaye, kwa kushirikiana na Laramie Potts, aligundua mkusanyiko wa misa katika ardhi ya Wilke huko Antarctica.","Laramie Potts ni mtaalam wa jiografia wa Amerika katika Chuo Kikuu cha Jimbo la Ohio ambaye, kwa kushirikiana na Ralph R. B. von Frese, aligundua mkusanyiko wa ardhi wa Wilke huko Antarctica.",0
5484,Ilinunuliwa na C. R. Gregory mnamo 1834 katika monasteri ya Saba. Robert Curzon aliiona mnamo 1883.,Ilinunuliwa na Robert Curzon mnamo 1834 katika nyumba ya watawa ya Saba na iliona mnamo 1883 na C. R. Gregory.,0
5486,Kisiwa hicho ni mwinuko na pande zenye mwamba na ina ardhi kidogo sana.,Kisiwa hicho ni mwinuko na pande zenye mwamba na ina mchanga mdogo sana.,1
5492,Aina hiyo ilielezewa rasmi mnamo 1846 na mtaalam wa botanist Johann Georgia Christian Lehmann ndani ya mfumo wa kazi ya Stephan Endlicher `` Irideae Plantae preissianae ''.,Aina hiyo ilielezewa rasmi mnamo 1846 na mtaalam wa mimea Stephan Endlicher kama sehemu ya kazi `` Irideae Plantae preissianae '' na Johann Georgia Christian Lehmann.,0
5495,"Mnamo 29 Novemba 1171, Gonzalo alisaini hati kwa mara ya kwanza kama Gonzalo Ruiz de Bureba ``.","Mnamo tarehe 29 Novemba 1171, Gonzalo Ruiz de Bureba alisaini cheti kwa mara ya kwanza kama '' Gonzalo.",0
5496,Kiwanja hicho kiliandaliwa na Dk. Patrick Ukurasa na timu yake na kilipewa hati miliki na Genkyotex mnamo 2007.,Maandalizi hayo yalipewa hati miliki na Dk. Patrick Ukurasa na timu yake na zuliwa na Genkyotex mnamo 2007.,0
5498,Mkutano huo unaingiliwa na kuwasili kwa wajumbe wengi kutoka kwa Mardukans wenye nguvu au wenye ushawishi katika jiji hilo na mialiko mbali mbali ya chakula cha jioni kwa Prince.,Mkutano huo unaingiliwa na kuwasili kwa wajumbe wengi kutoka kwa Mardukans wenye nguvu au wenye ushawishi katika jiji na mialiko mbali mbali ya chakula cha jioni kwa mkuu.,1
5501,"Mnamo Novemba 13, 2016, Naibu David Machado aliuawa katika Fox Grove Park karibu na mji wa Hughson na Dennis Wallace.","Mnamo Novemba 13, 2016, naibu David Machado aliuawa katika Fox Grove Park karibu na mji wa Hughson wa Dennis Wallace.",1
5502,"Juni 22, 2012 Amri ya Rais wa Urusi Vladimir Putin aliteua Titov aliyeidhinishwa chini ya Rais wa Urusi kulinda haki za wajasiriamali.","Juni 22, 2012 Rais wa Urusi Vladimir Putin aliteua Titov chini ya Rais wa Urusi kulinda haki za wajasiriamali.",1
5511,Friedrich Maximilian Hessemer (24 Februari 1800 huko Frankfurt Am Main - 1 Desemba 1860 huko Darmstadt) alikuwa mbunifu na mwandishi wa Ujerumani.,"Maximilian Hessemer (amezaliwa Februari 24, 1800 huko Darmstadt, Desemba 1, 1860 huko Frankfurt Am Main) alikuwa mbunifu na mwandishi wa Ujerumani.",0
5514,"Baada ya kumalizika kwa vita mnamo Juni 1902, Higgins Cape Town aliacha `` Ssbavari '' mnamo Agosti na akarudi mwezi uliofuata kwenda Southampton.","Baada ya kumalizika kwa vita mnamo Juni 1902, Higgins aliondoka Southampton katika `` Ssbavarian '' mnamo Agosti, akirudi Cape Town mwezi uliofuata.",0
5531,"Hirasea goniobasis ni spishi ya konokono ya kupumua ya hewa ya mapafu ya ulimwengu, mollusk ndogo ya gastropod katika familia ya Endodontidae.","Hirasea goniobasis ni spishi ya konokono ndogo ya kupumua ya hewa, eneo la gastropod la gastropod katika familia Endodontidae.",0
5537,"Kundi hilo lilicheza sana, likawa maarufu katika Israeli na hata lilionekana huko New York City mnamo 2007.","Kikundi hicho kilienda sana na kuwa maarufu katika Israeli, hata kucheza mnamo 2007 huko New York City.",0
5544,"Mashindano ya Hockey ya Ice Hockey ya Uswidi ya 1932 yalikuwa msimu wa 11 wa Mashindano ya Hockey ya Uswidi, Mashindano ya Kitaifa ya Uswidi. Hammarby ikiwa ilishinda ubingwa.","Mashindano ya Hockey ya Ice Hockey ya Uswidi ya 1932 yalikuwa msimu wa 11 wa Mashindano ya Hockey ya Ice Hockey, Mashindano ya Kitaifa ya Uswidi, Hammarby ikiwa alishinda ubingwa.",1
5546,"Joe alioa Ruth Marie Brinkmeyer wa Indianapolis mnamo Oktoba 15, 1914.","Mnamo Oktoba 15, 1914, Ruth Marie Brinkmeyer alifunga ndoa na Joe kutoka Indianapolis.",0
5547,"Campbell alioa Frances Owen mnamo 1835. Walikuwa na watoto saba: Mary, Margaret, Fanny, William, Joseph, John Owen, na Lemuel.","Mnamo 1835, Campbell alifunga ndoa na Frances Owen, ambaye alikuwa na watoto saba: Mary, Margaret, Fanny, William, Joseph, John Owen, na Lemuel.",1
5549,"Ilielekezwa na Willard Mack na inategemea mchezo wa 1917, `` Tiger Rose '', na George Fitzmaurice.","Ilielekezwa na Willard Mack na inategemea mchezo wa maonyesho ya 1917 `` Tiger Rose '', na George Fitzmaurice.",1
5552,Navarro ni sehemu ya kaskazini mashariki mwa mkoa wa Buenos Aires huko Argentina.,Navarro ni Partido kaskazini mashariki mwa Argentina katika mkoa wa Buenos Aires.,0
5553,"Alizaliwa huko Brooklyn, New York, na akafa huko Tiburon, California.","Mzaliwa wa Tiburon, California, alikufa huko Brooklyn, New York.",0
5562,"Peri, ambaye nguvu yake inaonekana katika nywele zake, iko katika riwaya ya 1984 ya Elizabeth Ann Scarborough, `` Harem of Aman Akbar ''.","Peri ambaye nguvu yake inaonekana katika nywele zake ziko katika riwaya ya Elizabeth Ann Scarborough kutoka 1984, `` Harem of Aman Akbar ''.",1
5570,"Jacob Markell (Mei 8, 1770 - Novemba 26, 1852) alikuwa mwakilishi wa New York wa baba wa Henry Markell.","Jacob Markell (Mei 8, 1770 - Novemba 26, 1852) alikuwa mwakilishi wa Merika kutoka New York, baba ya Henry Markell.",1
5586,"Alikufa mnamo Juni 30, 1954, wa saratani ya tumbo huko New York City. Claremore, Oklahoma ni nyumbani kwa Ukumbusho wa Lynn Riggs.","Alikufa kwa saratani ya tumbo huko New York mnamo 30 Juni 1954, na Claremore, Oklahoma ni nyumbani kwa Ukumbusho wa Lynn Riggs.",1
5595,"Kiwanja hicho kilianzishwa na Dk. Patrick Ukurasa na timu yake, na kilipewa hati miliki mnamo 2007 na Genkyotex.",Kiwanja hicho kilipewa hati miliki na Dk. Patrick Ukurasa na timu yake na kilibuniwa na Genkyotex mnamo 2007.,0
5600,"Ndugu mdogo wa Julia, Charles Martin Hall, alizaliwa huko Thompson, Kaunti ya Geauga, Ohio, mnamo 1863.","Ndugu mdogo wa Thompson, Julia, alizaliwa katika Charles Martin Hall, Kaunti ya Geauga, Ohio mnamo 1863.",0
5604,CD ya mada kutoka filamu zake kumi na nne zilitolewa mnamo 2008 na Philip Powers na zilizotengenezwa na 1M1 Record.,CD ya mada kutoka filamu zake 14 zilitolewa mnamo 2008 na Philip Powers na kuchapishwa na 1M1 Record.,0
5611,"Wakati Edward II, mnamo Julai 7, 1307, alifaulu baba yake, Edward I, mtazamo wa raia wake kwa ujumla ulikuwa moja ya nia njema kuelekea mfalme wake mpya.","Wakati Edward nilifaulu baba yake, Edward II, mnamo Julai 7, 1307, mtazamo wa raia wake kwa ujumla ulikuwa moja ya nia nzuri kwa mfalme wake mpya.",0
5613,"Iko karibu na Oughterard na Clifden, kwenye barabara ya N59 kwenda Lough Corrib, huko Connemara.","Iko karibu na Lough Corrib, kwenye barabara ya N59 kwenda Oughterard na Clifden, huko Connemara.",0
5615,Kanda ya utawala ya Chenzhou katika nasaba ya Tang iko chini ya usimamizi wa Henan wa kisasa mashariki mwa Zhoukou:,Kanda ya Utawala ya Chenzhou katika nasaba ya Tang iko chini ya usimamizi wa Henan wa kisasa mashariki mwa Zhoukou:,1
5616,"Pino alicheza kwenye ligi ndogo za Mapacha wa Minnesota, Wahindi wa Cleveland, Toronto Blue Jays na mashirika ya Cincinnati Reds.","Pino amecheza kwenye ligi ndogo za Toronto Blue Jays, Wahindi wa Cleveland, Minnesota mapacha na mashirika ya Cincinnati Reds.",1
5620,"Cape Don alipewa jina na George Don mnamo 1818, kama pongezi kwa Jenerali Sir Phillip Parker King, Luteni-Gavana wa Gibraltar.","Cape Don alitajwa mnamo 1818 na Phillip Parker King kama pongezi kwa Jenerali Sir George Don, gavana wa Gibraltar, mjumbe.",0
5621,"Pia ni jengo la tano la juu nchini Urusi, la sita la juu kabisa huko Uropa na moja ya skyscrapers 90 za ulimwengu.","Pia ni jengo la sita la juu nchini Urusi, la tano la juu kabisa huko Uropa na moja ya skyscrapers 90 ulimwenguni.",0
5623,"Thomas Keizer (amezaliwa Machi 28, 1989) ni mstari wa mpira wa miguu wa Amerika ambaye kwa sasa ni wakala wa bure. Keizer alicheza mpira wa vyuo vikuu katika Chuo Kikuu cha Stanford.","Thomas Keizer (amezaliwa Machi 28, 1989) ni mchezaji wa mpira wa miguu wa Amerika ambaye kwa sasa ni wakala wa bure na anachezwa katika mpira wa miguu wa Chuo Kikuu cha Stanford.",1
5625,Wakati Phil Spector aliposikia kwanza `` aina ya wenzake '' alifurahi sana alipoteza udhibiti wa gari lake wakati akiendesha Sunset Boulevard na Jack Nitzsche.,"Wakati Jack Nitzsche aliposikia kwanza `` aina ya wenzake '', alifurahi sana kwamba alipoteza udhibiti wa gari lake wakati akiendesha Sunset Boulevard na Phil Spector.",0
5628,"Ballouhey yupo hasa katika Isère huko Paris na Ufaransa, na pia katika Afrika Kusini.",Ballouhey yupo hasa huko Paris huko Isère na Ufaransa na vile vile Afrika Kusini.,1
5629,Ilithibitishwa baadaye kuchapishwa kama moja kwa albamu hiyo mnamo Oktoba 15 nchini Uingereza na Oktoba 23 huko USA.,Iliachiliwa baadaye kuthibitishwa kama moja kwa albamu hiyo mnamo Oktoba 15 nchini Uingereza na Oktoba 23 huko USA.,0
5631,"Kulingana na Kabla, Robert Goldsmith babu wa mshairi, mwandishi wa kucheza na mwandishi wa riwaya Oliver Goldsmith alikuwa wa kwanza wa familia kuishi huko Balloughter.","Oliver Goldsmith, babu wa mshairi, mwandishi wa kucheza na mwandishi Robert Goldsmith, alikuwa, kulingana na hapo awali, wa kwanza wa familia kuishi katika Balloughter.",0
5632,Sterling Brown alijulikana zaidi kwa lahaja yake ya kweli ya Kusini.,Sterling Brown alijulikana zaidi kwa lahaja yake ya kweli ya Kusini.,1
5635,"Jonathan Erlich na Andy Ram walishinda taji hilo, wakishinda Mark Knowles na Daniel Nestor 5 - 3, 5 - 4 kwenye fainali.","Jonathan Erlich na Andy Ram walishinda taji hilo na wakashinda Mark Knowles na Daniel Nestor 5 - 3, 5 - 4 kwenye fainali.",1
5644,"Bonnie Bedelia Culkin (amezaliwa Machi 25, 1948) ni mwigizaji wa Amerika.","Bonnie Bedelia (amezaliwa Machi 25, 1948 huko Bonnie, Bedelia) ni mwigizaji wa Amerika.",0
5649,"Mnamo Juni 21, 2016, Debbie Matenopoulos alichukua nafasi ya Cristina Ferrare kama cohost yake mpya.","Mnamo Juni 21, 2016, Debbie Matenopoulos alichukua nafasi ya Cristina Ferrare kama bosi wake mpya.",0
5651,Wazo la kisasa la mungu wa tatu ni msingi wa harakati mpya ya kidini ya Wicca.,Wazo jipya la kidini la mungu wa tatu ni msingi wa harakati za kisasa za Wicca.,0
5656,"Mama wa Acheson Alice alikuwa mchoraji, na babu yake mama alikuwa Louis Stanley, wakili wa reli na Jane C. Stanley, alikuwa mtu wa maji.","Mama wa Acheson Alice alikuwa mchoraji, na babu yake mama alikuwa Jane C. Stanley, wakili wa reli na Louis Stanley, alikuwa mtu wa majini.",0
5658,"Hali ya mkoa wa Kordofan Kusini wa Nuba - Milima na Blue Nile ni wazi, kwani data ya kikabila ni ngumu zaidi.",Hali ya mkoa wa Milima ya Nuba kusini mwa Kurdufan na Blue Nile ni ngumu zaidi kwani data ya kikabila iko wazi.,0
5665,"Mbali na Kuykendall, Robert White na Joshua Soule Zimmerman walihudumu kama Kamishna wa Chancery wa Kaunti ya Hampshire.","Pamoja na Robert White na Joshua Soule Zimmerman, aliwahi kuwa Kamishna wa Chancery wa Kaunti ya Hampshire.",0
5667,"Hizi zilikuwa nadra nchini Uingereza, lakini huko Uropa, angalau kwa injini kubwa, ni kawaida.","Hizi zilikuwa nadra nchini Uingereza, lakini kawaida katika Uropa, angalau kwa injini kubwa.",1
5674,"Kikundi hicho kilicheza sana na kuwa maarufu katika Israeli, na hata kilienda New York City mnamo 2007.","Kundi hilo lilicheza sana, likawa maarufu katika Israeli na hata lilionekana huko New York City mnamo 2007.",1
5677,"Waimbaji kwenye bendi hiyo ni pamoja na Dorothy Crane, Walter Cummins, Betty Griffin, kaka wa Jerry Lang Bernie na Scottee Marsh, ambaye baadaye aliimba na Tommy Dorsey.","Waimbaji kwenye bendi hiyo ni pamoja na Dorothy Crane, Jerry Lang, Betty Griffin, kaka wa Bernie Walter Cummins na Scottee Marsh, ambaye aliimba baadaye na Tommy Dorsey.",0
5681,Hoteli tatu za kwanza zilijengwa nchini Ufaransa katika miaka ya 1980 ikifuatiwa na Hoteli ya `` Patio Eilat Resort '' huko Israeli.,"Hoteli tatu za kwanza zilijengwa katika miaka ya 1980 huko Israeli, ikifuatiwa na `` Hoteli ya Hoteli ya Eilat '' huko Ufaransa.",0
5687,"Wakati Lee alipokuwa mshauri wa kijeshi kwa Rais Jefferson Davis mwanzoni mwa 1862, aliteua muda mrefu kama katibu wake wa jeshi katika safu ya Kanali.","Wakati Lee alipokuwa mshauri wa jeshi kwa Rais Jefferson Davis mapema 1862, aliteua muda mrefu kama katibu wake wa jeshi na kiwango cha Kanali.",1
5691,"Baada ya raundi ya kwanza ya Duels Heine Totland kuwapiga Skanksters kukutana na Gaute Ormåsen, ambaye alishinda Bjørn Johan Muri, katika raundi ya pili.","Baada ya raundi ya kwanza ya duels, Heine Totland alipiga Skanksters kukutana na Gaute Ormåsen katika mzunguko wa pili, ambayo ilishinda Bjørn Johan Muri.",1
5696,"Ndege hiyo iliripoti jinsi kimbunga kilikuwa kidogo, pamoja na jicho kubwa.","Ndege hiyo iliripoti jinsi kimbunga kilikuwa kidogo, pamoja na jicho pana.",1
5702,Chini ya jina la Kijerumani `` Vinothek '' na kutoka Austria kwenda Ujerumani Enoteches kaskazini mwa Alps wameenea kwenda Austria.,Enoteche iliongezeka hadi Austria kaskazini mwa Alps chini ya jina la Ujerumani `` Vinothek '' na kutoka Ujerumani kwenda Austria.,0
5705,Mifano hapo juu ya mandhari ya umoja `` -m '' ilikuwa ya mtu wa kwanza.,Mfano hapo juu wa mandhari ya umiliki `` -m '' ilikuwa umoja kwa mtu wa kwanza.,0
5707,Nasaba hizi tatu za baba zilitawala ufalme wa Waalo na familia ya mama ya Mbooj.,Nasaba hizi tatu za mama zilitawala ufalme wa Waalo na familia ya baba ya Mbooj.,0
5713,"Kati ya idadi hii, 87.91 % ni watu wa kabila la Hungari, Warumi wa kabila 7.53 na Waromani wa kabila 4.43 %.","Kati ya idadi hii, asilimia 87.91 ni Waromania wa kabila, 7.53 % ni watu wa kabila na Waromani wa kabila 4.43.",0
5717,Novemba 7: Ujumbe wa Baraza la Usalama la Umoja wa Mataifa ambao ulifika New York mnamo Novemba 2 ulirudi Afghanistan.,Novemba 7: Ujumbe wa Baraza la Usalama la Umoja wa Mataifa ambao ulifika nchini Afghanistan mnamo 2 Novemba ulirudi New York.,0
5727,Wilhelm Keppler alijiunga na Cuno mnamo 1932 ili kushauri Adolf Hitler kiuchumi.,"Mnamo mwaka wa 1932, Wilhelm Keppler alijiunga na Cuno kushauri Adolf Hitler kiuchumi.",1
5728,Kanda ya utawala ya Chenzhou katika nasaba ya Tang iko chini ya usimamizi wa Zhoukou wa kisasa mashariki mwa Henan:,Kanda ya Utawala ya Chenzhou katika nasaba ya Tang iko chini ya usimamizi wa Zhoukou wa kisasa mashariki mwa Henan:,1
5740,Alihamia Indiana na kuishi huko Connersville na kuendelea na sheria.,Alihamia Indiana na kuishi huko Connersville na kuendelea na sheria.,1
5748,"Heinz Kohut aliona ubinafsi kama marekebisho kwenye hatua ya kawaida ya utoto, wakati watu wengine wa baada ya Freudians walichunguza jukumu la urekebishaji katika uchokozi na uhalifu.","Heinz Kohut aliona ubinafsi wa kawaida kama marekebisho juu ya hatua ya utotoni, wakati watu wengine wa baada ya Freudians waligundua jukumu la urekebishaji katika uchokozi na uhalifu.",0
5755,"Baadaye, wakati wa shambulio la Andrew, Hesabu de Angoulême, Richard angekuwa vikosi vya Adhemar.","Baadaye, wakati wa shambulio la Adhemar, Hesabu ya Angoulême, Andrew alikuwa vikosi vya Richard.",0
5763,Uzalishaji mkubwa wa filamu za elektroniki na za dijiti uliunganishwa moja kwa moja na tasnia ya filamu iliyoanzishwa hadi ujio wa teknolojia ya video ya ponografia.,"Hadi ujio wa teknolojia ya video ya elektroniki na dijiti, utengenezaji wa filamu za ponografia ulifungwa moja kwa moja kwenye tasnia kuu ya filamu.",0
5764,"Amecheza kitaaluma nchini Italia, Urusi, Ugiriki, Ufaransa, Indonesia, na Ugiriki, kushinda ubingwa wa kitaifa huko Puerto Rico, Ureno, na Indonesia.","Alicheza kitaaluma huko Ugiriki, Urusi, Italia, Ufaransa, Puerto Rico, Ureno na Indonesia na akashinda ubingwa wa kitaifa huko Indonesia na Ugiriki.",0
5772,"Kwamba niliondoka, kwamba nilipoteza.",Kwamba nimepoteza ambayo niliondoka.,1
5778,"Baada ya kustaafu, alibaki Krzemieniec na akafa hapo.","Baada ya kustaafu, alibaki Krzemieniec na akafa hapo.",1
5780,"Tofauti inayopatikana kulingana na formula 7 intraday - kurudi hutolewa na Mfumo 8, na intraday - inarudishwa na",Tofauti inayopatikana kulingana na formula _ 7 ya kurudi kwa intraday inapewa na formula _ 8 ambapo kurudi kwa intraday kunaweza kufafanuliwa na,1
5783,"Uwezo wa konsonanti ni aina ya sauti ya velar ambayo hutumika katika lugha zingine zinazozungumzwa ishara katika alfabeti ya kimataifa ya fonetiki, ambayo inawakilisha sauti hii.","Uhamasishaji wa konsonanti ni aina ya sauti ya velar, inayotumika katika lugha zingine zinazozungumzwa. Alama katika alfabeti ya kimataifa ya fonetiki ambayo inawakilisha sauti hii ni.",1
5784,"Kufikia sasa kazi za Zinovjev zimefanywa na Oulu Symphony Orchestra, Lahti Symphony Orchestra, Kymi Sinfonietta, Orchestra ya Radio Symphony Orchestra na Avanti!","Kufikia sasa kazi za Zinovjev zimefanywa na Orchestra ya Radio Symphony Orchestra, Lahti Symphony Orchestra, Kymi Sinfonietta, Oulu Symphony Orchestra na Avanti!",1
5788,Aamir Khan alikubali kutenda katika `` rang de basanti '' mara baada ya kusoma maandishi ya Mehra.,Mehra mara moja alikubali kufanya biashara katika `` rang de basanti '' baada ya kusoma hati ya Aamir Khan.,0
5791,Baadhi yao wameelezewa hapo chini na baadhi yao wameunganishwa na `` viungo vya nje '' hapa.,Baadhi yao wameelezewa hapo chini na baadhi yao wameunganishwa chini ya `` viungo vya nje '' hapa.,1
5797,McCall na Lesiuk waliacha bendi hiyo katika msimu wa joto wa 2007 na McCall ikibadilishwa na Jamie MacLeod kwenye ngoma na Steven Tosh akichukua majukumu ya bass.,"McCall na Lesiuk waliacha bendi hiyo katika msimu wa joto wa 2007, na McCall ikibadilishwa na Jamie MacLeod kwenye ngoma na Steven Tosh akichukua kazi za bass.",1
5799,Filamu ya dakika 40 iliandikwa na Alain Godard pamoja na Annaud.,Filamu ya dakika 40 iliandikwa na Alain Godard na Annaud.,1
5801,Hii ndio njia rasmi ya kutumikia na kula chakula kinachofanywa katika Zen - mahekalu.,Hii ndio mtindo wa kutumikia na kula unaofanywa katika mahekalu rasmi.,0
5806,Tom anaendesha kwa Tuscany na anakutana na William na Hélène na habari Marianne alimwambia.,Tom huenda kwa Tuscany na anakutana na William na Marianne na habari kwamba Hélène alimwambia.,0
5807,"Imewekwa katika Mondercange, kusini mwa Jiji la Luxembourg.","Imewekwa katika Montercange, kusini mwa Jiji la Luxembourg.",1
5809,"Alishiriki pia katika Symposia kadhaa za Kimataifa, Maonyesho ya Kitaifa (DAE) na akashinda mashindano kadhaa ya sanamu.","Alishiriki pia katika Symposia kadhaa za Kimataifa, Maonyesho ya Kitaifa (DAE) na akashinda mashindano kadhaa ya sanamu.",1
5812,"Baada ya 2014, Waukraine zaidi kutoka Ukraine ya Mashariki, wanaume zaidi na wachanga zaidi wa Ukrainians wamefanya kazi huko Poland.","Baada ya 2014, Waukraine zaidi kutoka Ukraine ya Mashariki, wanaume wadogo zaidi, na zaidi wa Ukrainians wamekuwa wakifanya kazi huko Poland.",0
5814,"Ilichapishwa mnamo 28 Januari 2008 huko Merika na Shirika la Kurekodi Angular na mnamo Machi 18, 2008 huko Uingereza na Domino Record.","Ilichapishwa na Shirika la Kurekodi Angular mnamo Januari 28, 2008 huko Uingereza na Domino Record mnamo 18 Machi 2008 huko Merika.",0
5815,"Mpangilio wa 9 wa Mpangilio Mpya) Kama ilivyoonyeshwa mnamo Septemba 1982 NewsRail imechapishwa hapa chini, inaonyesha gari la N linaendesha.","Jalada la 9 la Mpango Mpya) kama ilivyochapishwa katika NewsRail ya Septemba 1982 imetolewa hapa chini, ikionyesha gari la N linaendesha.",0
5816,Alichapisha pia ukusanyaji wa uzuri wa kupendeza na miongozo ya uchoraji wa nje.,Pia amechapisha ukusanyaji mzuri wa uzuri na miongozo ya uchoraji wa nje.,1
5818,"Ilikabidhiwa kwa Lord Cromwell mnamo 1605, na mnamo 1636 iliuzwa kwa Sir Francis Blundell.",Ilifanywa kwa Lord Cromwell mnamo 1605 na kuuzwa kwa Sir Francis Blundell mnamo 1636.,1
5819,"Atalacmea multilinea ni spishi ya konokono ya bahari au limpet ya kweli, gastropodemollusk ya baharini katika familia ya Lottiidae, moja ya familia za limpets za kweli.","Atalacmea multilinea ni spishi ya konokono ya bahari au limpet ya kweli, gastropod mollusc ya kweli katika familia ya Lottiidae, moja ya familia za limpets za baharini.",0
5821,Casely Hayford pia alihusika sana katika harakati za kisiasa kwa ukombozi wa Kiafrika.,Casely Hayford pia alihusika sana katika harakati za Kiafrika kwa ukombozi wa kisiasa.,0
5826,Ni nyepesi na fupi sana kwa urefu - parameta ya kubuni muhimu kuzingatia uwekaji wake katika magari kompakt.,Ni nyepesi na kwa urefu mfupi zaidi - paramu muhimu ya kubuni iliyopewa uwekaji wake katika magari ya kompakt.,1
5832,"Mnamo Januari 2011, AMD ilitangaza AMD iliharakisha G-mfululizo wa usindikaji wa G-Series (AMD).","Mnamo Januari 2011, AMD ilitangaza AMD iliharakisha kitengo cha usindikaji cha G-mfululizo.",1
5835,"Kama familia ya Wayahudi, walitoroka kuhamishwa kwa kambi za mateso kwa kufichwa na familia ya Ubelgiji huko Comblain -au - Pont.","Kama familia ya Wayahudi, walitoroka uhamishaji kwenye kambi za mateso kwa kufichwa na familia ya Ubelgiji huko Comblain-au-pont.",1
5839,"Na orodha ya msingi kwenye Soko la Hisa la Nigeria, ni kampuni ya kwanza ya Kiafrika kuwa na orodha ya ndani ya mpaka kwenye Soko la Hisa la Johannesburg.","Na orodha ya kubadilishana ya hisa ya mpaka kwenye Soko la Hisa la Johannesburg, ni kampuni ya kwanza ya Afrika kuwa na orodha ya msingi kwenye soko la hisa la Nigeria.",0
5849,"Ardhi ya Basie Ardhi ni albamu ya studio ya Billy Byers na orchestra yake kutoka 1964, iliyoundwa na kupangwa na Hesabu Basie.","Basie Land ni albamu ya studio ya 1964 na Billy Byers na orchestra yake, ya muziki ulioundwa na kupangwa na Count Basie.",1
5853,Mto wa Dobroaia ni kijeshi cha Mto wa Aujel huko Romania.,Mto wa Dobroaia ni kijeshi cha Mto Aușel huko Romania.,1
5864,"Wajumbe wa Bodi ya Ushauri ya mapema ni pamoja na Walter Cronkite, Norman Cousins, Gore Vidal, Norman Podhoretz, Sauli Bellow, na Alistair Cooke.","Washiriki wa ushauri wa mapema ni pamoja na Walter Cronkite, Norman Vetter, Gore Vidal, Norman Podhoretz, Sauli Bellow, na Alistair Cooke.",1
5866,"Jamii za Nickerson, Duquette, Bruno, Askov, Sandstone na Sturgeon Lake zote ziko karibu na Kerrick.","Jamii za Nickerson, Duquette, Bruno, Askov, Sandstone, na Sturgeon Lake zote ziko karibu na Kerrick.",1
5869,"Ukumbi wa muziki uliingizwa kwanza London kutoka Paris mnamo 1862, na ikawa maarufu sana, na wachezaji, waimbaji, sarakasi, wachawi waliofunzwa wanyama.","Ukumbi wa muziki uliingizwa kwanza kutoka London kwenda Paris mnamo 1862 na ikawa maarufu sana na wachezaji, waimbaji, sarakasi na wachawi waliofunzwa wanyama.",0
5879,"Karibu ni Mto wa Lostine, kijeshi cha Mto wa Wallowa, mashariki mwa Milima ya Wallowa ya kaskazini mashariki mwa Oregon.","Mto wa Lostine, kijeshi wa Mto wa Wallowa, mashariki mwa Milima ya Wallowa kaskazini mashariki mwa Oregon, iko karibu.",1
5885,Alikuwa ameolewa na Elisabeth Young (1854 - 1932) na alikuwa baba wa mkuu wa meli N. o. Vijana Fearnley na mmiliki wa ardhi Thomas Fearnley.,Alikuwa ameolewa na Elisabeth Young (1854 - 1932) na alikuwa baba wa mkuu wa usafirishaji Thomas Fearnley na mmiliki wa ardhi N. o. Vijana Fearnley.,0
5887,Alipata mafunzo na Warumi wa Dale na akapanda mbio zake muhimu zaidi na jockey John Velazquez.,Alifundishwa na John Velazquez na kupandishwa na Jockey Dale Romans katika mbio zake muhimu zaidi.,0
5889,"Kwa ujumla, kazi za holomorphic zinafafanuliwa na `` w '' pamoja na subvariety `` V '' na gluing kazi za holomorphic pamoja kwenye subvarieties affine.",Kwa jumla kazi za holomorphic pamoja na aina ndogo `` V '' ya `` w '' hufafanuliwa na gluing pamoja kazi za holomorphic juu ya anuwai ndogo.,1
5892,Filamu hiyo ilikatwa na Alena Kruchkova na kutengenezwa na Andrei Litvinov.,Filamu hiyo ilihaririwa na Alena Kruchkova na kutengenezwa na Andrei Litvinov.,1
5896,"Iliyotengenezwa mnamo Mei 2011, alielekeza na kuandika filamu yake ya kwanza.","Mnamo Mei 2011 alitengeneza, kuelekeza, na kuandika huduma yake ya kwanza.",1
5897,"Ambapo jamii ya kisasa ya viwanda ilivunja kwa niaba ya jamii ya viwanda, hali ya kisasa ya kilimo hubadilisha jamii mpya kuwa jamii ya mtandao ya pili na inayoonyesha zaidi au jamii ya habari.","Ambapo hali ya kisasa ilivunja jamii ya viwanda kwa niaba ya jamii ya viwanda, hali ya kisasa ya kilimo hubadilisha jamii mpya kuwa jamii ya mtandao ya pili na inayoonyesha zaidi au jamii ya habari.",1
5901,"Vermont imepakana kaskazini mwa Mitcham, magharibi na Nunawading na Forest Hill, kusini na Vermont na mashariki na Wantirna na Ringwood.","Vermont South imepakana na Mitcham kaskazini, Nunawading na Msitu wa Msitu kuelekea magharibi, Vermont kuelekea Kusini na Wantirna na Ringwood upande wa mashariki.",0
5902,"Alizaliwa mnamo Desemba 21, 1965 huko Oxon Hill, Maryland, na alienda shule ya upili huko New Haven, Connecticut.","Alizaliwa mnamo Desemba 21, 1965 huko New Haven, Connecticut, na akatembelea Shule ya Upili ya Oxon Hill huko Oxon Hill, Maryland.",0
5904,"Gyula ametajwa baada ya mtawala wa zamani wa Hungary Gyula III, ambaye pia alikuwa jina kati ya makabila ya Hungary na bado alikuwa jina maarufu la kwanza kwa wavulana.",Gyula ametajwa baada ya mtawala wa zamani wa Hungary Gyula III. Gyula pia alikuwa jina kati ya makabila ya Hungary na bado jina maarufu kwa wavulana.,1
5907,Alifungwa na Wajerumani na kung'olewa na Washirika wa Bombers mara mbili mnamo 1943 - 1944 na hatimaye akalelewa mnamo 1946 - 1947.,Ilisimama mnamo 1943 - mnamo 1944 na Wajerumani na kung'olewa mara mbili na washirika wa washirika na hatimaye ikakuzwa mnamo 1946 - mnamo 1947.,1
5910,"Katika historia ya vifaa kama hivyo, ilifanikiwa `` Turk '' na ikatangulia `` Mephisto ''.",Katika historia ya vifaa kama hivyo '' Turk `` na '' Mephisto `` ilifanikiwa.,1
5913,Wazo la kisasa la mungu wa tatu ni msingi wa harakati mpya za kidini za Wicca.,Wazo jipya la kidini la mungu wa tatu ni msingi wa harakati za kisasa za Wicca.,0
5914,"Agranat alizaliwa huko Louisville, Kentucky, mnamo 1906, kwa familia ya Wayahudi-Sayuni.","Agranat alizaliwa na familia ya Wayahudi-Sayuni huko Louisville, Kentucky mnamo 1906.",1
5917,"Weitz ameolewa na Sebastian Weitz, ambaye ni Cuba Mexico, na ambaye ana mtoto mmoja, Mercedes Martinez na binti, Athena Weitz.","Kuolewa ni Sebastian Weitz, ambaye ni Cuba - Mexico na ambaye ana mtoto wa kiume, Mercedes Martinez na binti mmoja, Athena Weitz.",1
5925,"Don Carlos Driggs alizaliwa huko Driggs, Idaho, mnamo 1907 kwa Junius ambaye alianzisha mji huo, na Mei Jerusha Robison.","Junius alizaliwa mnamo 1907 huko Driggs, Idaho, kuunda Don Carlos Driggs, ambaye alianzisha jiji, na Mei Jerussha Robison.",0
5928,"Kundi hilo lilicheza sana, likawa maarufu katika Israeli na hata lilionekana huko New York City mnamo 2007.",Kikundi hicho kiliangalia sana na kilikuwa maarufu huko Israeli na hata kilicheza New York City mnamo 2007.,0
5942,Ilikuwa toleo la tatu la mashindano na kusimamishwa kwa sita kwa Mfululizo wa Dunia wa 2013 - 14 IRB.,Ilikuwa toleo la tatu la mashindano na kituo cha sita cha Mfululizo wa Dunia wa 2013 - 14 IRB.,1
5946,Simu za rununu zilizo na WVGA azimio kama hilo zimekuwa kawaida. Hii ni orodha ya simu ambazo zina maonyesho ya asili.,"Simu zilizo na onyesho la asili la WVGA - azimio limeshinda, hii ni orodha ya simu za rununu ambazo zina maonyesho kama haya.",0
5947,"Baada ya raundi ya kwanza ya duwa, Heine Totland aliwapiga Skanksters kukutana na Gaute Ormåsen katika mzunguko wa pili, ambaye alishinda Bjørn Johan Muri.","Baada ya raundi ya kwanza ya Duels Heine Totland kuwapiga Skanksters kukutana na Gaute Ormåsen, ambaye alishinda Bjørn Johan Muri, katika raundi ya pili.",1
5948,Alicheza katika michezo mitano mfululizo kutoka Round 1 (Huddersfield Giants) hadi Round 5 (Wakefield Utatu Wildcats).,Alionyesha katika michezo mitano mfululizo kutoka kwa Round 1 (Huddersfield Giants) hadi Round 5 (Wakefield Utatu Wildcats).,1
5953,Alikuwa ameolewa na Elisabeth Young (1854 - 1932) na alikuwa baba wa mkuu wa usafirishaji Thomas Fearnley na mmiliki wa ardhi N. o. Vijana Fearnley.,Alikuwa ameolewa na Elisabeth Young (1854 - 1932) na alikuwa baba wa usafirishaji wa Thomas Fearnley na mmiliki wa ardhi N. o. Vijana Fearnley.,1
5954,CD ya mada kutoka filamu zake kumi na nne zilitolewa mnamo 2008 na Philip Powers na zilizotengenezwa na 1M1 Record.,CD iliyo na mada kutoka filamu zake kumi na nne ilichapishwa na Philip Powers mnamo 2008 na ilitengenezwa na 1M1 Record.,1
5956,"Ndege ya kwanza ya Air Ceylon mnamo Desemba 10, 1947 ilitoka Kankesanthurai kwenda Madras kupitia Uwanja wa Ndege wa Ratmalana.",Ndege ya uzinduzi na Air Ceylon mnamo 10 Desemba 1947 ilitoka Uwanja wa Ndege wa Ratmalana kwenda Madras kupitia Kankesanthurai.,0
5969,"Miundo inayowezekana ya silabi ni V, CV, au CCV ambapo konsonanti ya pili iko.","Miundo inayowezekana ya silabi ni V, CV au CCV, wakati konsonanti ya pili ni.",1
5970,"Vector hii ni hodge ya ndani, na ni picha ya formula _ 31 chini ya isomorphism inayosababishwa na bidhaa mbili.",Vector hii ni hodge - mbili ya na ni picha ya formula chini ya isomorphism inayosababishwa na bidhaa ya ndani.,0
5972,Decipium ilikuwa jina lililopendekezwa la kitu kipya cha kemikali kilichotengwa na Samarskit ya madini na Marc Delafontaine.,Decipium ilikuwa jina lililopendekezwa la kitu kipya cha kemikali kilichotengwa na Marc Delafontaine kutoka Samarskite ya Madini.,1
5983,Alikufa mnamo 6 Januari 1976 huko Alicante na akazikwa katika kanisa la kanisa la Madrid.,"Alikufa Madrid mnamo 6 Januari 1976, na akazikwa katika Kanisa la Alicante.",0
5984,Mjukuu wake alikuwa muigizaji Richard Marner (mzaliwa wa Alexander Molchanoff).,Mjukuu wake alikuwa muigizaji Richard Marner (mzaliwa wa Alexander Molchanoff).,1
5987,"Somatherapy (au SOMA) iliundwa na Wilhelm Reich mnamo miaka ya 1970 kama tiba ya kikundi, kwa msingi wa utafiti wa Psychoanalyst Freire.",Somatherapy (au soma) iliundwa katika miaka ya 1970 na Freire kama tiba ya kikundi kulingana na utafiti wa psychoanalyst Wilhelm Reich.,0
5988,"Mawasiliano ya Imagica na Robot ilianzishwa Imagica Robot Holdings Inc. Aprili 1, 2004, na Imagica ikawa sehemu ya kampuni hii.","Mnamo 1 Aprili 2004, Imagica na Mawasiliano ya Robot iliyoanzisha Imagica Robot Holdings Inc., na Imagica ikawa sehemu ya kampuni hii.",1
5992,"Sikhism ni dini ambayo ilianza India katikati ya karne ya 15 na Guru ya kwanza, inayojulikana kama Guru Nanak Dev Ji (1469-1539 C.E.).","Sikhism ni dini ambayo ilianza India katikati ya karne ya kumi na tano na Guru ya kwanza, inayojulikana kama Guru Nanak Dev Ji (1469-1539 c.e.).",1
5999,"Pennmakkal ni filamu ya India ya Kimalayalam kutoka 1966, iliyotengenezwa na J. Sasikumar na kuongozwa na KP Kottarakkara.","Pennmakkal ni filamu ya Kimalayalam ya India ya 1966, iliyotengenezwa na J. Sasikumar na kuongozwa na KP Kottarakkara.",1
6002,"Ashte ni kijiji katika wilaya ya Dahanu ya Maharashtra, India iko katika Palghar - Taluka.","Ashte ni kijiji huko Palghar - Wilaya ya Maharashtra, India iko katika Dahanu - Taluka.",0
6016,"Alexandre Édouard Maurice Cossmann, jina kamili Maurice Cossmann (18 Septemba, 1850 - 17 Mei, 1924) alikuwa mtaalam wa magonjwa ya habari wa Ufaransa na malacologist.","Maurice Cossmann, jina kamili la Alexandre Édouard Maurice Cossmann (Septemba 18, 1850 - Mei 17, 1924) alikuwa mtaalam wa paleontologist wa Ufaransa na malacologist.",0
6018,"Mnamo Februari 2014, Mtandao Ten ulitangaza kwamba Hugh Riminton angechukua nafasi ya Danielle Isdale kama mtangazaji na Victoria Murphy kama mtangazaji wa michezo.","Mnamo Februari 2014, Mtandao Ten ulitangaza kwamba Danielle Isdale angechukua nafasi ya Hugh Riminton kama mtangazaji, na Victoria Murphy atakuwa mtangazaji wa michezo.",0
6022,Ilianza na uvamizi wa Kijapani wa Uchina juu ya Ufini na uvamizi wa Soviet wa Manchuria mnamo 1937.,Ilianza na uvamizi wa Kijapani wa Uchina kupitia Manchuria na uvamizi wa Soviet wa Ufini mnamo 1937.,0
6024,"John John Milton anamtaja Shakespeare na ananukuu Angela Warren `` Comus '': '' Chini ya glasi, baridi, mwanga wa wimbi ``.","Angela Warren anamtaja Shakespeare na ananukuu John Milton's `` Comus '': `` Chini ya Glassy, ​​baridi, wimbi la translucent ''.",0
6025,Baraza la Audubon liliundwa kutoka kwa ujumuishaji kati ya Baraza la Trails la Shawnee na Baraza la Mito nne.,Baraza la Trails la Shawnee liliundwa kutoka kwa ujumuishaji wa Baraza la Mito Nne na Baraza la Audubon.,0
6034,Mnamo 1953 timu ilienda Asia na Australia mnamo Agosti 1959.,Timu hiyo pia ilienda huko Australia mnamo 1953 na Asia mnamo Agosti 1959.,0
6037,Mto wa Boia Mică ni kijeshi cha mto wa Valea Sterminoasă huko Romania.,Mto wa Boia Mică ni kijeshi cha mto Valea Sterminoasă huko Romania.,1
6039,Idara ya Tarapacá ilikuwa idara ya mkoa wa Tarapacá kutoka 1883 hadi 1928. Ilikuwa sehemu ya Chile.,Idara ya Tarapacá ilikuwa Idara ya Chile kutoka 1883 hadi 1928. Ilikuwa sehemu ya Mkoa wa Tarapacá.,0
6040,Mwaka ulio na nguvu ulikuwa 1983 na mwaka wa ukame ulikuwa 1976 na.,Mwaka ulio na nguvu ulikuwa 1983 na mwaka kavu zaidi ulikuwa na 1976.,1
6043,"`` Ulimwenguni kote katika dakika 80 '' na Robert E. Sherwood, ni filamu ya maandishi ya kabla ya Code ya Amerika ya 1931 iliyoongozwa na Douglas Fairbanks na iliyoandikwa na Douglas Fairbanks na Victor Fleming.","`` Katika dakika 80 kote ulimwenguni '' na Robert E. Sherwood, ni filamu ya kabla ya Amerika - filamu na mkurugenzi Douglas Fairbanks kutoka 1931 na na Douglas Fairbanks na Victor Fleming aliandika.",1
6044,"Mnamo Novemba 1989, Delaney alikuwa mwanachama wa Soko la Hisa la New York na akawa Mkurugenzi Mkuu wa Henderson Brothers, Inc., na Bear Wagner.","Mnamo Novemba 1989, Delaney alikua mwanachama wa Soko la Hisa la New York na alikuwa Mkurugenzi Mkuu anayesimamia na Henderson Brothers, Inc. na Bear Wagner.",0
6052,Hii ilikuwa ya kwanza ya hoteli tatu za darasa la tatu zilizojengwa katika Wilaya ya Biashara ya Kati.,Hii ilikuwa ya kwanza ya hoteli tatu za darasa la tatu zilizojengwa katika wilaya kuu ya biashara.,1
6059,Siebenberg ameelezea wimbo huo kama anapenda kwenye albamu `` kwa sababu ni ya kibinafsi na safi sana. '',Siebenberg alielezea wimbo huo kama anapenda kwenye albamu `` kwa sababu ni ya kibinafsi na safi sana.,1
6060,Hifadhi ya Kitaifa ya Petkeljärvi ni mbuga ya kitaifa huko Ufini katika mkoa wa Ilomantsi kaskazini mwa Karelia.,Hifadhi ya Kitaifa ya Petkeljärvi ni mbuga ya kitaifa huko Ilomantsi katika mkoa wa Karelia Kaskazini wa Ufini.,0
6061,"Katika mchezo wake wa kwanza kwa LSU, alichukua marudio 32 dhidi ya Chuo Kikuu cha Tulane.","Katika mchezo wake wa kwanza kwa Chuo Kikuu cha Tulane, alichukua marudio 32 dhidi ya LSU.",0
6063,"Kwa wagonjwa walio na ugonjwa wa osteoporosis ya postmenopausal, hatari ya kupunguka hupungua, lakini huongeza hatari ya kuambukizwa.",Katika wale walio na ugonjwa wa osteoporosis ya postmenopausal hupunguza hatari ya kupunguka lakini huongeza hatari ya kuambukizwa.,1
6064,"Grand Duke Ludwig IV alikufa mnamo Machi 13, 1892 ya mshtuko wa moyo huko Palais mpya huko Darmstadt na kubadilishwa na mtoto wake, Ernest Louis.","Grand Duke Ernest Louis alikufa mnamo 13 Machi 1892 ya mshtuko wa moyo na katika jumba jipya huko Darmstadt na alifanikiwa na mtoto wake, Ludwig IV.",0
6066,Bhagyamudra ni filamu ya lugha ya Kimalayalam ya 1968 iliyoongozwa na S. L. Puram Sadanandan na iliyoandikwa na M. A. V. Rajendran.,"Bhagyamudra ni filamu ya lugha ya Kimalayalam iliyoanzia 1968, iliyoongozwa na S. L. Puram Sadanandan na iliyoandikwa na M. A. V. Rajendran.",1
6067,"Mnamo mwaka wa 2011 aliandika pia wasifu wa mwimbaji Madonna aliyeitwa `` Mad kwa Madonna the Malkia wa Pop '', iliyochapishwa na Mchapishaji wa Castelvecchi.","Mnamo mwaka wa 2011 alichapisha pia wasifu wa mwimbaji Madonna aliyeitwa `` Mad for Madonna, Malkia wa Pop '', aliandika Mchapishaji wa Castelvecchi.",0
6071,"Albamu hiyo ilirekodiwa huko Los Angeles na Aníbal Kerpel. Iliyochanganywa katika masomo ya `` La Casa '' huko Los Angeles, California.","Albamu hii ilirekodiwa huko Los Angeles, California na Aníbal Kerpel, iliyochanganywa katika masomo ya `` La Casa '' huko Los Angeles.",1
6078,"Carpenter alikuwa ameweka mkono wa uwongo Hugh L. Scott kuandaa na kuamuru Troop L (iliyoundwa na Kiowa, Comanche, na Wahindi wa Apache) kwa wapanda farasi wa 7.","Hugh L. Scott alikuwa na mseto wa seremala wa Lieutenant kuandaa na kuamuru Troop L (iliyojumuisha Kiowa, Comanche, na Apache - Wahindi) kwa wapanda farasi wa 7.",0
6085,Njia nyingine ya kudhibiti idadi ya kulungu ni kudhibiti kiwango cha kuzaliwa.,Njia nyingine ya kudhibiti idadi ya watu ni kudhibiti kiwango cha kuzaliwa.,1
6086,Uwanja wa michezo ni mpya na vifaa vya kisasa vya mazoezi ya watoto.,Uwanja wa michezo mpya una vifaa vya kisasa vya mazoezi ya mwili kwa watoto.,1
6087,"Mnamo mwaka wa 2012, Jennifer La Pena alikua sehemu ya Runinga - kumbukumbu ya sinema ya Salvador Royal `` Mundo Man Ay Magunaw '' kama Gil.","Mnamo mwaka wa 2012, Jennifer La Pena alikua sehemu ya kumbukumbu ya TV ya filamu ya Salvador Royal `` Mundo Man Ay Magunaw '' kama Gil.",1
6090,"Bwawa la Kurnur ni bwawa la Duniani kwenye Mto wa Bori karibu na Tuljapur, wilaya ya Osmanabad katika jimbo la Maharashtra nchini India.","Tuljapur ni bwawa la ardhi kwenye Bori - mto karibu na Bwawa la Kurnur, wilaya ya Osmanabad katika jimbo la Maharashtra nchini India.",0
6095,"Alizaliwa huko Cochabamba, Bolivia. Mnamo miaka ya 1990, alihamia Los Angeles na baadaye kwenda Mexico City.","Mzaliwa wa Cochabamba, Bolivia, alihamia Mexico City miaka ya 1990 na baadaye kwenda Los Angeles.",0
6099,"Ana watoto watatu Cole, Lukas, Owen na mkewe Karla na pia wa Regina.","Ana watoto watatu - Owen, Lukas na Cole - na mkewe Karla, ambaye pia ni wa Regina.",1
6101,"Katika dakika 80 kote ulimwenguni na Douglas Fairbanks, hati ya kabla ya Amerika kutoka 1931 imeelekezwa na Douglas Fairbanks na Victor Fleming na Robert E. Sherwood.","`` Katika dakika 80 kote ulimwenguni '' na Robert E. Sherwood, filamu ya maandishi ya kabla ya Code imeandikwa na mkurugenzi Douglas Fairbanks mnamo 1931 na na Douglas Fairbanks na Victor Fleming.",0
6102,"Msikiti mkubwa zaidi, Al Farooq Masjid wa Atlanta, iko kwenye Mtaa wa 14 huko Midtown Atlanta.","Msikiti mkubwa zaidi, Al Farooq Masjid wa Atlanta, iko katika Mtaa wa 14 huko Midtown Atlanta.",1
6112,Kanda ya utawala ya Chenzhou katika nasaba ya Tang iko chini ya usimamizi wa Zhoukou wa kisasa mashariki mwa Henan:,Kanda ya Utawala ya Chenzhou katika nasaba ya Tang iko chini ya usimamizi wa Zhoukou wa kisasa mashariki mwa Henan:,1
6113,Ilisimamishwa na Wajerumani na kung'olewa mara mbili na mabomu ya washirika mnamo 1943 - mnamo 1944 na hatimaye ikainuliwa mnamo 1946 - mnamo 1947.,"Alilelewa na Wajerumani na kuzamishwa na Bombers wa Allies mara mbili mnamo 1943 - 1944, na mwishowe akapigwa mnamo 1946 - 1947.",0
6116,"Mwishowe alijiimarisha kaskazini magharibi mwa Italia, dhahiri aliungwa mkono na Guy, ambapo labda alipokea jina la `` inakuja ''.","Alijianzisha mwishowe kaskazini magharibi mwa Italia, dhahiri aliungwa mkono na Guy, ambapo labda anakuja '' kichwa ``.",0
6121,Chuo Kikuu cha Suffolk kinashikilia kamera ya mbali katika studio ya New England Cable News TV huko Downtown Boston.,New England Cable News ina kamera ya mbali katika studio ya televisheni ya Chuo Kikuu cha Suffolk huko Downtown Boston.,0
6122,"Ilikabidhiwa kwa Lord Cromwell mnamo 1605, na mnamo 1636 iliuzwa kwa Sir Francis Blundell.","Mnamo 1605, iliuzwa kwa Lord Cromwell na kuhamia Sir Francis Blundell mnamo 1636.",0
6124,"Kwa makadirio ya kawaida ya silinda, jiometri ya vitu visivyo vya kawaida",Jiometri ya vitu vya kawaida vya silinda husababisha matokeo ya makadirio duni,0
6140,"Wilfred Baddeley alishinda Joshua Pim, 6 - 4, 1 - 6, 7 - 5, 6 - - 0","Joshua Pim alimpiga Wilfred Baddeley, 6 - 4, 1 - 6, 7 - 5, 6 - 0.",0
6141,Ilinunuliwa na Robert Curzon mnamo 1834 katika nyumba ya watawa ya Saba na iliona mnamo 1883 na C. R. Gregory.,Ilinunuliwa mnamo 1834 na C. R. Gregory katika monasteri ya Saba na kuona na Robert Curzon mnamo 1883.,0
6142,"Taa katika uchoraji wa Louvre ni joto na inaonekana laini, lakini hii inaweza kuwa matokeo ya sauti ya varnish kwenye uso.","Taa katika Louvre - uchoraji ni joto na inaonekana laini, lakini hii inaweza kuwa matokeo ya sauti ya rangi kwenye uso.",1
6156,"Anderson alizaliwa mnamo 1943 huko Oakland, California na ni kutoka Redondo Beach, California.","Anderson alizaliwa huko Redondo Beach, California mnamo 1943, na anatoka Oakland, California.",0
6158,Msimu wa tisa ukawa mpango wa pili wa juu wa Comedy Central.,Msimu wa pili ukawa Programu ya Kidato cha Juu cha Kidato cha Juu.,0
6165,"Watu 40 waliokolewa, 40 waliokolewa kwenye boti za maisha na tatu na `` Delaware ''.","Watu 43 waliokolewa, 40 kwenye boti za maisha na tatu zilizookolewa na `` Delaware ''.",0
6166,"Hoppkorv ilikuwa albamu ya mwisho ya bendi ya mwamba wa Amerika ya Blues Hot, na albamu yake ya saba ilirekodiwa kama Grunt BFL1-1920 kwa Grunt Record.","Hoppkorv ilikuwa albamu ya saba ya American Blues - Rock - bendi Hot Tuna, na albamu yao ya mwisho ya studio ilirekodiwa kama Grunt BFL1-1920 kwa Grunt Record.",0
6168,Huyghe alizaliwa mnamo 1962 huko Chile na New York na anaishi na anafanya kazi huko Paris.,"Huyghe alizaliwa mnamo 1962 huko Chile na New York, anaishi na anafanya kazi huko Paris.",1
6169,"Nashua Silver Knights, sehemu ya Ligi ya Collegiate ya majira ya joto, ni timu ya sasa ya jiji.","Nashua Silver Knights, sehemu ya Ligi ya Collegiate ya majira ya joto, ni timu ya sasa ya jiji.",1
6177,"Dk Adams alimuoa Miss Sarah Hunt, ambaye alimwacha binti, alioa, mnamo 1788, na B. Hyatt, Esq.","Dk Adams alimwacha Miss Sarah Hunt, ambaye alioa naye binti, mnamo 1788, kwenda B. Hyatt, Esq.",0
6179,Sepahua ni wilaya kusini mwa Peru katika Mkoa wa Atalaya.,Sepahua ni wilaya kusini mwa Peru katika mkoa wa Atalaya.,1
6181,"Mei Shigenobu ndiye mama wa Fusako Shigenobu wa Kijapani, mwandishi wa habari.",Fusako Shigenobu ni mama wa mwandishi wa habari wa Japani Mei Shigenobu.,0
6182,"Kwanza, eleza maeneo yenye thamani ya chini ya poleni badala ya maeneo yenye poleni kubwa.","Fafanua maeneo yenye viwango vya chini vya poleni, badala ya maeneo yenye viwango vya juu vya poleni.",1
6188,"Mabadiliko ya Electroencephalographic yanaingiliana na endorphins za sukari, lakini utaratibu wa hii bado haijulikani, haionekani kupunguzwa.","Mabadiliko ya Electroencephalographic ni endorphin iliyoingiliana na sukari, lakini utaratibu wa hii bado haijulikani; Haionekani kupunguzwa.",1
6197,"Kabla ya kurudi kwa wakimbizi wa Serbia mnamo 1999, familia za Albania ziliondoka mjini.","Kabla ya kurudi kwa wakimbizi wa Albino mnamo 1999, familia za Serb ziliondoka kijijini.",0
6217,Dotty alizaliwa huko Gloucester mnamo 1923 na alikufa huko Boston mnamo 2014.,Dotty alizaliwa mnamo 1923 huko Gloucester na alikufa huko Boston mnamo 2014.,1
6219,Kituo cha kawaida cha mafunzo cha Jeshi la Anga la Royal (sio kuruka) kitakuwa na muundo uliofuata wa msingi wa mrengo:,Kituo cha kawaida cha mafunzo ya Jeshi la Anga (sio kuruka) kitakuwa na muundo uliofuata wa msingi wa mrengo:,1
6221,"Abraham Hart alikuwa rais, na katibu wa Meya Sulzberger, Bodi ya wadhamini.","Meya Sulzberger alikuwa rais, na Abraham Hart alikuwa katibu wa bodi ya wadhamini.",0
6224,"Katika masomo yake ya Berlin takwimu tatu zilizowekwa kwenye ukuta: Faraday, Maxwell, Schopenhauer.","Katika utafiti wake wa Berlin, takwimu tatu zilipachikwa ukutani: Schopenhauer, Maxwell, Faraday.",1
6228,"Muda kidogo baada ya Angela Cameron kuolewa, mtu wa Amerika-Afrika anavunja ndani ya nyumba yake, kumuua mumewe na mtoto wake, na kumkamata dada yake.","Muda kidogo baada ya Angela Cameron kuoa, mtu wa Amerika-Amerika anaingia ndani ya nyumba yake, kumuua mumewe na mtoto wake, na kumkamata dada yake.",0
6232,"Andika mara moja, endesha popote","Andika mahali popote, mara moja kukimbia",0
6239,"Inayo makao makuu yake huko Vancouver, Washington, na viwanda huko Shanghai, Hillsboro, Oregon, na Lohja, Ufini.","Inayo makao makuu huko Shanghai, Hillsboro, Oregon, na Lohja, Ufini, na shughuli huko Vancouver, Washington.",0
6247,Muziki ambao unafanywa kama mahakama za Blackadder '' Bob `` ni '' Fantasia kwenye Greensleeves '' na Vaughan Williams.,Muziki uliofanywa kama mahakama za Blackadder `` Bob '' ni Vaughan Williams '`` Fantasia kwenye Greensleeves' '.,1
6249,Lusaghbyur (pia inajulikana kama Lusakhpyur Kirumi; zamani Svanverdi na Svan) ni kijiji katika mkoa wa Shirak wa Armenia.,"Lusaghbyur (zamani wa Kirumi kama Lusakhpyur; pia, Svanverdi na Svan) ni kijiji katika mkoa wa Shirak wa Armenia.",0
6250,Mto wa Mandovi uliopendekezwa wa Mto wa Mandovi (Mahadayi) na mradi wa mmea wa umeme wa umeme ungesababisha kuzamishwa kwa baadhi ya Gavali.,Mto uliopendekezwa wa Mto wa Mandovi (Mto wa Mahadayi) na mradi wa mmea wa umeme wa umeme ungesababisha ujanibishaji wa baadhi au wote wa Gavali.,1
6254,"Santa Cruz Sky Park ilikuwa uwanja wa ndege katika Bonde la Scotts, California, ndani ya Kaunti ya Santa Cruz.","Santa Cruz Sky Park ilikuwa uwanja wa ndege ulioko katika Scotts Valley, California, ndani ya Santa Cruz County.",1
6255,"Alikuwa mgombea ambaye hajafanikiwa mnamo 1947 kwa diwani wa Jiji la Mtakatifu Joseph, na mnamo 1948 kwa Mwendesha Mashtaka wa South Bend.","Alikuwa mgombea ambaye hakufanikiwa kwa jaji wa Jiji la Bend Kusini mnamo 1947, na mnamo 1948 kwa ofisi ya mwendesha mashtaka ya Kaunti ya Mtakatifu Joseph.",0
6258,"Ngoma ilikuwa moja ya msukumo wa Kutoka - Wimbo `` The Toxic Waltz '', kutoka kwa albamu yao ya 1989 `` Fabulous Maafa ''.","Ngoma ilikuwa moja ya msukumo wa wimbo wa Kutoka `` The Toxic Waltz '', kutoka kwa albamu yao ya 1989 `` Fabulous Maafa ''.",1
6262,"Kupikia Kiingereza kutawala kupikia mapema kitaifa; Lakini kama wahamiaji wapya walipofika kutoka nchi zingine, supu zingine za kikoloni zilipata umaarufu.","Kupikia ilitawala vyakula vya kitaifa vya mapema, lakini kama wahamiaji wapya walipofika kutoka nchi zingine, supu zingine za kikoloni zilipata umaarufu.",1
6264,Mfumo wa nafasi ya vector ya kiolojia _ 13 inaitwa `` kitu cha awali '' au `` muundo wa awali '' kwa heshima na data uliyopewa.,Mfumo wa nafasi ya kwanza ya vector 13 inaitwa kitu cha awali `` au '' muundo wa kitolojia kwa heshima na data uliyopewa.,0
6271,Utangulizi wa kidini wa Itaituba ni utangulizi wa eneo lililoko katika mji wa Itaituba katika mkoa wa Kikomoni wa Katoliki wa Belém do Pará huko Brazil.,Utangulizi wa kidini wa Itaituba ni utangulizi wa eneo katika mji wa Itaituba katika mkoa wa Kirumi - Katoliki wa Belém do Pará huko Brazil.,1
6274,"Mnamo Mei 2011, alitengeneza, alielekeza na kuandika filamu yake ya kwanza.","Mnamo Mei 2011 alitengeneza, kuelekeza, na kuandika huduma yake ya kwanza.",1
6277,"Watoto wake walikuwa Marvin Eisenstadt, aliyeolewa na Barbara, Gladys Eisenstadt, Ira Eisenstadt, ambaye alifunga ndoa na Deirdre Howley, na Ellen Eisenstadt, ambaye alifunga ndoa na Herbert Cohen.","Watoto wao walikuwa Barbara, ambaye alifunga ndoa na Deirdre Howley; Gladys Eisenstadt; Ira Eisenstadt, aliyeolewa na Herbert Cohen; na Ellen Eisenstadt, aliyeolewa na Marvin Eisenstadt.",0
6290,"Hunter mara moja anamwambia baba yake, Zac MacGuire (Charlie Clausen), na Evie.","Mwambie baba yake, Zac MacGuire (Charlie Clausen) na Evie mara moja.",1
6302,"Rory Jennings, ambaye anacheza Tommy Connolly, anacheza Vijana Davros katika uzalishaji mkubwa wa kumaliza.","Rory Jennings, ambaye anacheza Tommy Connolly, anacheza Davros ya Vijana katika Big Finish Productions '``.",1
6305,"Halafu ililinganishwa na mpango wa WB na njama kama hiyo `` fanya zaidi ya '', `` Hii mara nyingi ilikuwa '' baada ya sehemu mbili tu.","Mara nyingi ikilinganishwa na mpango wa WB na njama kama hiyo, `` fanya zaidi ya '', `` Hiyo ilikuwa '' basi '' ilitolewa baada ya matokeo mawili tu.",0
6312,"Ziara ya Uingereza ilianza Mei 1983, ikishirikiana na gitaa la moja kwa moja Robin George kwa maonyesho ya ziada.","Mnamo Mei 1983, safari ya Uingereza na mpiga gitaa wa moja kwa moja Robin George alianza kwa maonyesho ya ziada.",1
6315,"Watoto waliokataliwa na waliopuuzwa wote walikuwa na alama hasi za upendeleo wa kijamii, lakini watoto tu waliokataliwa walikuwa na athari kubwa ya kijamii.","Watoto waliokataliwa na waliopuuzwa wote walikuwa na upendeleo mbaya wa kijamii, lakini watoto tu waliokataliwa walikuwa na athari kubwa ya kijamii.",1
6321,"Ikiwa kuna aina kadhaa za kisarufi katika sentensi, kwanza tu huvaa alama ya wingi.","Ikiwa katika sentensi kuna aina kadhaa za kisarufi, tu ya kwanza hubeba alama ya wingi. Ex. :",1
6323,"Ballouhey yupo hasa nchini Ufaransa huko Isère na huko Paris, na vile vile Afrika Kusini.",Ballouhey yupo hasa huko Paris huko Isère na Ufaransa na vile vile Afrika Kusini.,0
6325,"Hifadhi hiyo ilikuwa ya kwanza ya hifadhi mbili zilizojengwa katika Bonde la Goyt, lingine likiwa Errwood Reservoir.","Hifadhi hiyo ilikuwa ya kwanza ya hifadhi mbili huko Errwood Reservoir, nyingine ilikuwa Bonde la Goyt.",0
6330,Hifadhi ya Kitaifa ya Petkeljärvi ni mbuga ya kitaifa huko Ilomantsi katika mkoa wa kaskazini wa Karelia wa Ufini.,Hifadhi ya Kitaifa ya Petkeljärvi ni mbuga ya kitaifa huko Ilomantsi katika mkoa wa Karelia Kaskazini wa Ufini.,1
6334,"Rishi alikuwa na mtoto wa kiume, Clark, aliyezaliwa Aprili 3, 2007. Soksi na viatu kwenye microcosmos - muziki ulipewa jina lake, Rishi Saturn.","Rishi alikuwa na mtoto wa kiume, Clark, aliyezaliwa Aprili 3, 2007. Soksi na viatu kwenye muziki wa microcosm ilipewa jina lake, Rishi Saturn.",1
6336,"Labda hakuweza au hakutaka kutuma mtu kutoka kwa kanisa lake mwenyewe, Ahatallah alipendekeza kwamba Marko aende India badala yake.","Marko hakuweza au hakutaka kutuma mtu kutoka kwa kanisa lake mwenyewe, na ni wazi alipendekeza kwamba Ahatallah aende India badala yake.",0
6347,"Mfano muhimu ni kupiga timu ya bingwa wa World Series, kucheza timu za kihistoria na kuwapiga wachezaji wengine kichwa.","Mfano muhimu ni kupiga timu ya bingwa wa World Series, kucheza timu za kihistoria na kuwapiga wachezaji wengine kichwa.",1
6349,"Inapita ndani ya Peachtree Creek, ambayo kisha inapita ndani ya Mto Chattahoochee kusini mwa Vinings na Nafasi.","Inapita ndani ya Peachtree Creek, ambayo kisha huingia ndani ya Mto Chattahoochee, kusini mwa Vinings na Nafasi.",1
6362,Mto wa Giuroc ni huduma ya Mto wa Măgherus huko Romania.,Mto wa Giuroc ni kijeshi cha Mto wa Măgheruş huko Romania.,1
6363,"Birkenhead Wharf iko karibu na Daraja la Iron Cove na karibu na Kituo cha Kiwanda cha Birkenhead Point, ambacho ni umbali wa dakika moja.","Birkenhead Wharf iko karibu na Bridge ya Iron Cove na karibu na Kituo cha Kituo cha Kiwanda cha Birkenhead, ambacho ni umbali wa dakika moja.",1
6368,"Alikuwa mtoto wa John Scott na mkewe Jane Scott, binti ya Thomas Cairnes.","Alikuwa mtoto wa Thomas Cairnes na mkewe, Jane Scott, binti ya John Scott.",0
6369,"Lusaghbyur (zamani wa Kirumi kama Lusakhpyur; pia, Svanverdi na Svan) ni kijiji katika mkoa wa Shirak wa Armenia.",Lusaghbyur (zamani wa Kirumi kama Lusakhpyur; Svanverdi na Svan) ni kijiji katika mkoa wa Shirak wa Armenia.,1
6371,CD iliyo na mada kutoka filamu zake kumi na nne ilichapishwa na Philip Powers mnamo 2008 na ilitengenezwa na 1M1 Record.,CD iliyo na mada kutoka filamu zake kumi na nne ilitolewa na Philip Powers mnamo 2008 na kuchapishwa na 1M1 Record.,0
6387,"Mmiliki wa Nexct alikuwa Steen Brahe, kaka wa mtaalam wa nyota Tyge Brahe.","Mmiliki wa Nexct alikuwa Tyge Brahe, kaka wa mtaalam wa nyota Steen Brahe.",0
6388,"Phenanthrenoid ya monomeric 8,8 '- bidehydrojuncusol na dimeric juncusol na dehydrojuncusol inaweza kutengwa na `` J. Acutus' '.","Dimer phenanthrenoid 8,8 '; - Bidehydrojuncusol na monomeric juncusol na dehydrojuncusol zinaweza kutengwa na `` J. Acutus ''.",0
6390,"Katika mwaka huo huo, Larco Hoyle alipokea ushauri kutoka kwa mjomba wake, Victor Larco Herrera, mwanzilishi wa jumba la kumbukumbu la kwanza huko Lima.","Katika mwaka huo huo, Larco Hoyle alipokea ushauri kutoka kwa mjomba wake, Victor Larco Herrera, mwanzilishi wa jumba la kumbukumbu la kwanza huko Lima.",1
6397,"Mraba wa Sayuni umeelezewa kama '' kila wakati umejaa, kila wakati ni wazimu ``.","Mraba wa Sayuni umeelezewa kama `` kila wakati ni wazimu, kila wakati umejaa ''.",1
6400,"Mnamo 1943, Anderson alizaliwa huko Redondo Beach, California, na anatoka Oakland, California.","Anderson alizaliwa huko Oakland, California mnamo 1943 na ni kutoka Redondo Beach, California.",0
6402,Sauti ya sauti iliundwa na Deva na nyimbo zilizoandikwa na Vairamuthu na Seeman.,Sauti ya sauti iliandikwa na Deva na nyimbo na Vairamuthu na Seeman.,0
6405,Jeff Scott aliwahi kuwa mtangazaji na David Hayes Prophater aliwaongoza watazamaji katika kuimba kwa cappella.,"David David Hayes Prophater aliwahi kuwa mtangazaji, na Jeff Scott aliwaongoza watazamaji katika kuimba kwa cappella.",0
6406,"Uwezo wa konsonanti ni aina ya sauti ya velar ambayo hutumika katika lugha zingine zinazozungumzwa ishara katika alfabeti ya kimataifa ya fonetiki, ambayo inawakilisha sauti hii.",Velar - ejective ni aina ya sauti ya konsonanti ambayo hutumika katika lugha zingine zinazozungumzwa ishara katika alfabeti ya kimataifa ya fonetiki ambayo inawakilisha sauti hiyo.,0
6410,"Sammy Downs alizaliwa katika jamii ya asili ya Effie mama yake katika Parokia ya Avoyelles, kusini mwa Parokia ya Rapides.","Sammy Downs alizaliwa katika jamii ya asili ya mama yake, Effie, katika Parokia ya Rapides, kusini mwa Parokia ya Avoyelles.",0
6415,"Clubhouse ilijengwa na Curtis, kwa jumla kubwa ya $ 60,000, na ikakodisha kwa kilabu kwa ada ya kawaida.","Clubhouse ilijengwa na Curtis, kwa jumla ya $ 60,000, na ikairuhusu kwa ada kubwa kwa kilabu.",0
6417,"Cornelius Olatunji Adebayo ni seneta wa zamani wa Nigeria, ambaye alikuwa gavana wa serikali, na baadaye alikua mkuu wa Wizara ya Mawasiliano ya Nigeria.","Cornelius Olatunji Adebayo ni seneta wa zamani wa Nigeria, ambaye alikuwa gavana na baadaye alikua mkuu wa Wizara ya Mawasiliano ya Nigeria.",1
6419,"Saito ndiye kiongozi wa Saito Neko Quartet, na anajulikana kwa kushirikiana kwake na mwanamuziki Ringo Sheena.",Saito ndiye mkuu wa Saito Neko Quartet na anajulikana kwa kushirikiana kwake na mwanamuziki Ringo Sheena.,1
6420,"Wakati wa Vita vya wenyewe kwa wenyewe vya Kiingereza, kikosi cha bunge kutoka Newport Pagnell mnamo 1645 kilishangaza treni ya Royalists kumi na nane iliyowekwa huko Finmere.","Wakati wa Vita vya wenyewe kwa wenyewe vya Kiingereza, kikosi cha bunge kutoka Finmere kilishangaza treni ya Royalists kumi na nane iliyowekwa huko Newport Pagnell mnamo 1645.",0
6421,"Podkriváň ni kijiji na manispaa wilayani Detva, katika mkoa wa Banská Bystrica wa Central Slovakia.","Podkriváň ni kijiji na manispaa katika mkoa wa Banská Bystrica, katika wilaya ya Detva katikati mwa Slovakia.",0
6427,"Nadège du Bospertus ni mfano wa Ufaransa na jaji wa zamani wa `` mfano wa juu wa mfano '', jumba la kumbukumbu na Giorgio Armani na Gianni Versace.",Nadège du Bospertus ni mfano wa Ufaransa na jaji wa zamani juu ya mfano wa juu wa `` Italia ''. Alikuwa Jumba la kumbukumbu ya Giorgio Armani na Gianni Versace.,1
6428,"Shook ilikuwa gazeti la muziki la Briteni lililotengenezwa kwa uhuru kwa uhuru, lililowekwa London, ambalo lilifunua aina mbali mbali za muziki mweusi na muziki wa elektroniki.","Shook ilikuwa gazeti la muziki la elektroniki, lililokuwa London, ambalo lilishughulikia aina mbali mbali za muziki wa Uingereza na Nyeusi chini ya ardhi.",0
6429,Baada ya masomo yake ya msingi na sekondari huko Isparta alimaliza Shule ya Upili ya Pertevniyal huko İstanbul.,"Baada ya elimu yake ya msingi na sekondari huko Istanbul, alikamilisha Shule ya Upili ya Pertevniyal huko Isparta.",0
6436,"Katika filamu, hadithi za shule za mila na hali ya kielimu ndani ya muafaka wa vichekesho zinafaa vizuri kwenye sati za Confucianism kutoka kwa maandishi ya mapema.","Katika filamu, hadithi za shule za tabia na hali ya kielimu ndani ya muafaka wa vichekesho zinafaa vizuri kwenye satires juu ya Confucianism kutoka kwa maandishi ya mapema.",1
6440,Baadaye alihamia Uswizi na kisha Italia ambapo alikutana na Shelley na Byron.,"Kisha akahamia Uswizi na baadaye kwenda Italia, ambapo alikutana na Shelley na Byron.",0
6445,"Nyota wa filamu Oscar Nunez, Rob Huebel, Timothée Chalamet, Lily Rabe, Anthony Quintal, na Lili Reinhart.","Nyota za filamu Oscar Nunez, Rob Huebel, Timothée Chalamet, Lily Rabe, Anthony Quintal na Lili Reinhart.",1
6447,"Carlton House ilipatikana mnamo 1909 na Bridget Horan, kisha mnamo 1917 na John Luddy, mshindi wa Toowoomba na mnamo 1924 na William Glover kutoka Toowoomba.","Carlton House ilinunuliwa na Bridget Horan mnamo 1909, kisha na John Luddy, Mshindi wa Toowoomba mnamo 1917, na na William Glover wa Toowoomba mnamo 1924.",1
6448,Ján Sokol (amezaliwa 9 Oktoba 1933) ni Askofu wa Kislovak na Askofu Mkuu wa zamani wa Trnava.,"Ján Sokol (amezaliwa Oktoba 9, 1933) ni Askofu wa zamani na Askofu Mkuu wa Trnava.",0
6456,Mabinti wote wawili walifanya kabla ya kufa huko Tosca mnamo 1976 na Janear mnamo 1981.,"Mabinti wote wawili walifanya kabla ya kufa, Tosca mnamo 1976 na Janear mnamo 1981.",1
6457,"Kati ya idadi hii, asilimia 87.91 ni Waromania wa kabila, 7.53 % ni watu wa kabila na Waromani wa kabila 4.43.","Kati ya idadi hii, asilimia 87.91 ni Waromania wa kabila, 7.53 % ni watu wa kabila na 4.43 % ni Warumi wa kabila.",1
6459,"Alisafiri kutoka Galveston, Texas mnamo 12 Septemba 1943 na alifika Key West mnamo 16 Septemba.","Alisafiri kwa meli mnamo 12 Septemba 1943 kutoka Galveston, Texas, na akafikia Key West mnamo 16 Septemba.",1
6467,"Polisi pia walihoji mwimbaji Rimi Tomy na muigizaji Siddique, marafiki wa karibu wa Dileep na mkewe Kavya Madhavan, kama sehemu ya uchunguzi unaoendelea.","Polisi pia walihoji mwimbaji Rimi Tomy na muigizaji Kavya Madhavan, marafiki wa karibu wa Siddique na mkewe Dileep, kama sehemu ya uchunguzi unaoendelea.",0
6471,Toleo la tatu la redio lilitangazwa na BBC mnamo Mei 2008 na Wilton tena kama Duff na mwandishi akicheza Beth.,Toleo la redio la tatu lilichezwa na BBC na Wilton kama Beth na mwandishi Duff mnamo Mei 2008.,0
6472,"Jamii za Nickerson, Duquette, Bruno, Askov, Sandstone, na Sturgeon Lake zote ziko karibu na Kerrick.","Jamii za Bruno, Duquette, Nickerson, Askov, Sandstone na Sturgeon Lake zote ziko karibu na Kerrick.",1
6480,"Alisafiri kutoka Galveston, Texas mnamo 12 Septemba 1943 na alifika Key West mnamo 16 Septemba.","Alisafiri kwa meli mnamo 12 Septemba 1943 kutoka Galveston, Texas, na alikutana mnamo 16 Septemba huko Key West.",1
6499,Kampasi hiyo ilikuwa katika Wan Chai na mji wa Kennedy. Mnamo Agosti 2013 shule ilihamia kwenye tovuti yake mpya ya kudumu huko Sai Kung.,Chuo hicho kilikuwa katika Wan Chai na Kennedy Town na mnamo Agosti 2013 shule hiyo ilihamia katika eneo lake mpya la kudumu huko Sai Kung.,1
6506,"Talfourd Ely alikuwa mjukuu wa John Towill Rutt, rafiki wa mapema wa Crabb Robinson.","Talfourd Ely alikuwa mjukuu wa Crabb Robinson, ambaye alikuwa rafiki wa mapema wa John Towill Rutt.",0
6510,"Mnamo 1963, Roy alijiunga na Chama cha Kikomunisti cha India na kusababisha harakati za umoja wa wafanyikazi katika eneo la Kolkata la Bansdroni.",Roy alijiunga na Chama cha Kikomunisti cha India mnamo 1963 na kusababisha harakati za umoja wa wafanyikazi katika eneo la Kolkata la Bansdroni.,1
6512,"Ilikuwa hiyo EasiPower alisema,","Inasemekana kuwa EasiPower ilikuwa,",0
6513,"David alizaliwa mnamo Septemba 21, 1933 huko Coventry na baba yake mapacha Charles na Jessamine Robbins, mtoto wa nane na wa tisa wa kumi na mbili wa Robbins.","Robbins alizaliwa mnamo Septemba 21, 1933 huko Coventry, na mapacha wake David, mtoto wa nane na wa tisa wa kumi na mbili wa Charles na Jessamine Robbins.",0
6515,"Frank James alijiunga na kampuni ya eneo hilo aliyeajiriwa kwa jeshi la Drew Drew Jeshi la Lobbs, na akapigana kwenye Vita vya Wilson's Creek mnamo Agosti 1861.","Frank James alijiunga na jamii ya wenyeji walioajiriwa kwa ajili ya kutetea jeshi la Lobbs, na akapigana mnamo Agosti 1861 kwenye Vita vya Wilson's Creek.",1
6516,"William Llewelyn Williams anayejulikana kama Llewelyn Williams (10 Machi 1867 - 22 Aprili 1922), alikuwa mwandishi wa habari wa Wales, wakili na mwanasiasa wa Chama cha Liberal.","William Williams, anayejulikana kama Llewelyn Williams (Machi 10, 1867 - Aprili 22, 1922), alikuwa mwandishi wa habari mkali, wakili na mwanasiasa wa Chama cha Liberal cha Welsh.",0
6521,Alicheza Tres ya Cuba badala ya gita la Cuba na akaendeleza mbinu yake mwenyewe kwa gita hili la Uhispania.,"Alicheza Tres ya Cuba badala ya gita la Cuba, na akaendeleza mbinu yake mwenyewe kwa gita hili la Uhispania.",1
6525,Birigüi ina kulingana na mwili - Uainishaji wa hali ya hewa hali ya hewa ya joto: ya chini zaidi ya 36 ° C na 4 ° C.,Kulingana na Uainishaji wa hali ya hewa ya Köppen Birigüi ina hali ya hewa ya hali ya hewa. Chini ya chini ya 36 ° C na 4 ° C.,1
6526,"Robert Goldsborough alizaliwa huko Chicago mnamo Oktoba 3, 1937, kama mtoto wa mbunifu Robert Vincent Goldsborough na Wilma (Janak) Goldsborough.","Robert Vincent Goldsborough alizaliwa Oktoba 3, 1937, huko Chicago, mtoto wa mbunifu Robert Goldsborough na Wilma (Janak) Goldsborough.",0
6529,"Kabla ya uhuru wake, Urusi ya Imperial ilikuwa uhuru mkubwa wa Duchy ndani ya Ufini.",Urusi ya Imperial ilikuwa uhuru wa Duchy ndani ya Ufini kabla ya uhuru wake.,1
6531,Achille Deveria alichora Adèle Dumilâtre na Jean Coralli.,Na Jean Coralli Achille Deveria Adèle Dumilâtre alichora.,0
6543,"Walikuwa pale kwa ajili yetu kuomba, na walikuwa pale kutufurahisha.",Walikuwepo kutufurahisha na walikuwa pale kutuombea.,1
6544,"Huko Cuba kilimo chake kilianzishwa mnamo 1880, na Fernando Heydrich huko Matanzas.",Kilimo chake kilianzishwa na Fernando Heydrich huko Cuba mnamo 1880.,0
6545,Tangu 1984 Patricia Dale ameolewa na Patricia Meyer na kwa pamoja wana watoto wawili: Ryan (amezaliwa 1988) na Blake (amezaliwa mnamo 1992).,Dale ameolewa na Patricia Meyer tangu 1984 na kwa pamoja wana watoto wawili: Ryan (amezaliwa 1988) na Blake (amezaliwa 1992).,1
6553,"John Reed King alikuwa mtangazaji, na Ray Bloch akaelekeza orchestra.","Ray Bloch alikuwa mtangazaji, na John Reed King aliongoza orchestra.",0
6556,Mto Geamărtălui ni kijeshi cha Mto wa Breaza huko Romania.,Mto wa Breaza ni kijeshi cha Mto wa Geamărtălui huko Romania.,0
6570,"Askofu Mkuu Seóighe aliteuliwa mnamo Mei 16, 1485 na kutengwa mnamo 1487, na akafa mnamo 20 au 20 Desemba 1501.",Askofu Mkuu Seóighe aliteuliwa mnamo 16 Mei 1485 na kutengwa mnamo 1487. Alikufa mnamo tarehe 20 au 20 Desemba 1501.,1
6571,"Msimu wa 2008 - 09 Colorado Avalanche ilikuwa msimu wa 37 wa Franchise, 14 kwenye Ligi ya Kitaifa ya Hockey na 30 kama Colorado Avalanche.","Msimu wa 2008 - 09 Colorado Avalanche ulikuwa msimu wa 37 wa Franchise, 14 katika Ligi ya Kitaifa ya Hockey, na 30 kama Colorado Avalanche.",1
6572,"Ni maili 20 kaskazini-magharibi mwa Roanoke, Virginia na umbali wa maili mbili kusini mashariki mwa Glasgow, Virginia.","Ni maili 20 kaskazini magharibi mwa Roanoke, Virginia na umbali wa maili mbili kusini mashariki mwa Glasgow, Virginia.",1
6574,"Heinz Kohut aliona ubinafsi kama marekebisho kwenye hatua ya kawaida ya utoto, wakati watu wengine wa baada ya Freudians walichunguza jukumu la urekebishaji katika uchokozi na uhalifu.",Heinz Kohut aliona ubinafsi wa grandiose kama fixation kwenye hatua ya kawaida ya utoto; wakati watu wengine wa baada ya Freudians waligundua jukumu la urekebishaji katika uchokozi na uhalifu.,1
6578,Kikundi hicho kilicheza sana na kuwa maarufu katika Israeli na hata kilitokea mnamo 2007 huko New York City.,"Kikundi hicho kilicheza sana na kuwa maarufu katika Israeli, na hata kilienda New York City mnamo 2007.",1
6593,Ni muhimu pia kuzingatia kwamba nambari ifuatayo ingefanya kazi bila ADL (inatumika kwake).,Inafaa pia kuzingatia kwamba nambari ifuatayo ingefanya kazi bila ADL (inatumika kwa hiyo).,1
6596,"Wasifu wa Chris Sievey uliandikwa na mwandishi wa Manchester Mick Middles, na ilichapishwa mnamo Novemba 2014.",Wasifu wa Chris Sievey uliandikwa na mwandishi wa Manchester Mick Middles na kuchapishwa mnamo Novemba 2014.,1
6604,"Mnamo 1953, Timothy DeTudamo alikufa baada ya kuugua kwa muda mrefu, na kubadilishwa na Raymond Gadabu kama mkuu wa kichwa.","Mnamo 1953 Timothy DeTudamo alikufa baada ya kuugua kwa muda mrefu, na alifanikiwa kama mkuu wa kichwa na Raymond Gadabu.",1
6612,Benki ya Advance (na kampuni yake ndogo ya Banksa) ilichukuliwa tena na Benki ya St.George mnamo 1997.,Benki ya St.George (na kampuni yake ndogo ya Banksa) ilichukuliwa tena na Benki ya Advance mnamo 1997.,0
6618,"Mnamo tarehe 29 Novemba 1171, Gonzalo Ruiz de Bureba alisaini hati kama `` Gonzalo '' kwa mara ya kwanza.","Mnamo tarehe 29 Novemba 1171, Gonzalo Ruiz de Bureba alisaini cheti kwa mara ya kwanza kama '' Gonzalo.",1
6620,"Mnamo tarehe 20 Februari 1959, Waziri Mkuu John Diefenbaker alikamilisha mradi huo na mishale mitano iliyomalizika ilibomolewa.","Mnamo Februari 20, 1959, Waziri Mkuu John Diefenbaker alimaliza mradi huo na mishale mitano iliyokamilishwa ilikamilishwa.",0
6622,"Kwa kuongezea, mechi ya vitisho vitatu kwa ubingwa wa Merika kati ya bingwa Kofi Kingston, Miz na Jack Swagger walikuwa.","Ifuatayo ilikuwa mechi ya vitisho vitatu kwa ubingwa wa Merika kati ya bingwa Jack Swagger, Miz na Kofi Kingston.",0
6624,Mabaki ya makanisa mawili yaliyoharibiwa kwa sehemu ya Kiarmenia bado yalikuwa yamehifadhiwa mwishoni mwa enzi ya Soviet.,Mabaki ya makanisa mawili ya Armenia bado yamehifadhiwa yaliharibiwa kwa sehemu mwishoni mwa kipindi cha Soviet.,0
6627,"Na Viki kwa mara nyingine chini ya ushawishi wa shida yake ya kitambulisho cha kujitenga, tabia yake mbadala ya Icy Jean Randolph David anajilazimisha talaka badala ya uhuru wake kutoka kwa Tina.","Akiwa na Viki tena chini ya ushawishi wa shida yake ya kitambulisho cha kujitenga, tabia yake mbadala ya Icy Jean Randolph anamlazimisha David talaka Tina badala ya uhuru wake.",0
6628,"Alicheza mapema katika kazi yake huko Australia, lakini alihamia Scotland kucheza kwa Frankston City kwenye Ligi ya Jimbo la Victoria.","Alicheza huko Scotland mapema katika kazi yake, lakini alihamia Australia kucheza kwenye Ligi ya Jimbo la Victoria kwa Frankston City.",0
6630,Alichaguliwa na Philadelphia 76ers katika raundi ya 77 (7 ya jumla) ya Rasimu ya NBA ya 1967.,Alichaguliwa na Philadelphia 76ers katika raundi ya 7 (chaguo la 77 kwa jumla) ya Rasimu ya NBA ya 1967.,0
6637,"Ndege hiyo iliripoti jinsi kimbunga kilikuwa, pamoja na jicho ndogo.","Ndege hiyo iliripoti jinsi kimbunga kilikuwa, pamoja na jicho kidogo.",1
6639,"Angesafiri kwenda kituo hicho usiku huo, kilicho magharibi mwa Tecumseh, na kisha kurudi Violet Springs na farasi mwingine kabla ya majirani zake kuwa na mashaka.","Angepanda usiku huo hadi kituo kilicho magharibi mwa Tecumseh, kisha akarudi Violet Springs na farasi mwingine kabla ya majirani zake kuwa na mashaka.",1
6640,Inatumikia eneo la Cantonment la Chandimandir la Panchkula City.,Inatumikia eneo la Panchkula la Jiji la Chandimandir Cantonment.,0
6643,"Wakati kikundi cha wapiganaji wa 33D kilikuwa kisichofanya kazi, kiliunganishwa kama kikundi cha wapiganaji wa 33D na kikundi cha busara cha 33D.","Wakati Kikundi cha Tactical cha 33D kilikuwa kisichofanya kazi, kiliunganishwa na kikundi cha wapiganaji wa 33D kama kikundi cha wapiganaji wa 33D.",0
6644,Maktaba ya Congress na Worldcat Record kweli kwa Mwana (1915 - 1971) kwa kweli inahusu Grover C. Hall na familia.,Maktaba ya Congress na Worldcat Record kwa mtoto wake (1915 - 1971) ni ya kawaida kwa Grover C. Hall na familia.,1
6649,Ligi mbili ndogo huru zinabaki na washiriki wachache tu: Ligi ya Alliance ya Grampian na Ligi ya Alliance ya Juu.,"Ligi mbili ndogo huru zinabaki, na wachache tu wa washiriki: Ligi ya Alliance ya Juu na Ligi ya Alliance ya Grampian.",1
6652,"Njia ya Cabot - sehemu ilitengenezwa kwenye tovuti huko Cape Breton, pamoja na Peggys Cove na Nyanda za Juu za Nova Scotia, kando ya Pwani ya Mashariki.","Sehemu ya Pwani ya Mashariki ilipigwa risasi kando ya Trail ya Cabot huko Nova Scotia, pamoja na Peggys Cove na Nyanda za Juu za Cape Breton.",0
6655,"Retzius alizaliwa huko Stockholm, mwana wa Anatomist Anders Retzius (na mjukuu wa mwanaharakati na mtaalam wa dawa Anders Jahan Retzius).","Retzius alizaliwa huko Stockholm, mwana wa Anatomist Anders Jahan Retzius (na mjukuu wa Naturalist na duka la dawa Anders Retzius).",0
6656,"Malet alioa Mary Aldworth, mjane wa John Aldworth wa Letcombe Regis, Berkshire na binti ya Thomas White na Fyfield Berkshire hadi 1664.","Malet alioa Mary Aldworth, mjane wa John Aldworth wa Letcombe Regis, Berkshire na binti ya Thomas White wa Fyfield Berkshire na 1664.",1
6657,Ni Kisiwa cha Offshore Baffin - Kisiwa kilichopo Cornelius Grinnell Bay.,Ni kisiwa cha Kornelius Grinnell Bay Offshore kilichopo Kisiwa cha Baffin.,0
6666,Blake ameolewa na Patricia Meyer tangu 1984 na kwa pamoja wana watoto wawili: Ryan (amezaliwa 1988) na Dale (amezaliwa 1992).,Tangu 1984 Blake ameolewa na Patricia Meyer na wana watoto wawili: Ryan (amezaliwa 1988) na Dale (amezaliwa 1992).,1
6668,"Mnamo Juni 13, 1987, `` Shatter '' ilisambazwa kwa Japan, ambapo ilitolewa na Toho.",`` Shatter '' ilisambazwa nchini Japan mnamo 13 Juni 1987 ambapo ilitolewa na Toho.,1
6671,Albamu hiyo ina remix ya nyenzo ambayo hapo awali ilichanganywa na muuguzi na jeraha na ilitolewa mnamo 2007 kama iliyokataliwa.,Albamu hiyo ina remix ya nyenzo ambayo hapo awali ilichanganywa na muuguzi na jeraha na kutolewa kama imekataliwa mnamo 2007.,1
6674,Uhifadhi huu umekuwa ukizingatiwa kila wakati na serikali ya ukuu wake kama kufunika vilayet ya Yerusalemu na Sanjak huru ya Beirut.,Uhifadhi huu ulizingatiwa kila wakati na serikali ya ukuu wake kama Vilayet ya Yerusalemu na Sanjak huru ya Beirut.,1
6679,"Beddgelert ni ziwa karibu na Llyn Dinas, Gwynedd huko North Wales, iliyoundwa na Mto wa Glaslyn.","Llyn Dinas ni ziwa karibu na Beddgelert, Gwynedd huko North Wales na huundwa na Mto wa Glaslyn.",0
6680,"Bas Basie Land ni albamu ya studio ya Hesabu Basie na orchestra yake kutoka 1964, iliyoundwa na kupangwa na Billy Byers.","Ardhi ya Basie Ardhi ni albamu ya studio ya 1964 ya Billy Byers na orchestra yake, iliyoundwa na kupangwa na Hesabu Basie.",0
6685,"Fair Oaks iko katika (38.651254, -121.259279), kati ya Sacramento na Folsom.","Fair Oaks iko kati ya Sacramento na Folsom (38.651254, -121.259279).",1
6688,"Kapteni Cassin alikufa huko Washington, D.C .. Alizikwa katika Makaburi ya Kitaifa ya Arlington, lakini baadaye alihamia Washington.","Kapteni Cassin alikufa huko Washington, D.C. Alizikwa Washington, lakini baadaye alihamia kwenye kaburi la kitaifa la Arlington.",0
6690,"Gugark alikuwa mkoa wa 13 wa Armenia kubwa. Sasa inajumuisha sehemu za kaskazini mwa Armenia, kaskazini mashariki mwa Georgia, na kusini magharibi mwa Uturuki.","Gugark (,) alikuwa mkoa wa 13 wa Armenia kubwa na sasa inajumuisha sehemu za kaskazini mwa Armenia, Uturuki ya Kaskazini mashariki na kusini magharibi mwa Georgia.",0
6694,Fossils zinazopatikana kawaida katika St. Louis ni pamoja na matumbawe ya rugosan `` lithostrotion '' na `` lithostrotionla '' na Bryozoan `` Fenestrellina ''.,"Fossils, zinazopatikana mara kwa mara huko St. Louis, ni pamoja na Bryozoan - matumbawe '' lithostrotion `` na '' lithostrotionla `` na rugosan '' Fenestrellina ``.",0
6699,"Mashindano ya Hockey ya Ice Hockey ya 1932 yalishinda msimu wa 11 wa Mashindano ya Hockey ya Ice Hockey, Mashindano ya Kitaifa ya Uswidi. Hammarby ikiwa ilikuwa ubingwa.","Mashindano ya Hockey ya Ice Hockey ya Uswidi ya 1932 yalikuwa msimu wa 11 wa Mashindano ya Hockey ya Ice Hockey, Mashindano ya Kitaifa ya Uswidi, Hammarby ikiwa alishinda ubingwa.",0
6701,Kikosi cha Howitzer kilikuwa kimeondolewa na Kikosi cha Artillery cha asili kilihifadhi idadi ya Kikosi cha Mwanga cha kawaida.,"Kikosi cha kilele kilikuwa kimeondolewa, na sanaa ya kawaida - Kikosi kilihifadhi idadi ya Kikosi cha Mwanga cha Asili.",0
6704,Ilikuwa hatua ya umma tu katika Kaunti ya Tehama hadi 1991 na hadi 1993 ilikuwa sinema pekee.,Ilikuwa hatua pekee katika Kaunti ya Tehama hadi 1991 na hadi 1993 ilitoa sinema ya umma tu.,0
6711,Halafu hukutana na Mto wa Snoqualmie kuunda Mto wa Snohomish huko Monroe.,Halafu hukutana na Mto wa Snohomish kuunda Mto wa Snoqualmie huko Monroe.,0
6712,Bhagyamudra ni filamu ya lugha ya Kimalayalam ya 1968 iliyoandikwa na S. L. Puram Sadanandan na kuongozwa na M. A. V. Rajendran.,"Bhagyamudra ni filamu ya lugha ya Kimalayalam iliyoanzia 1968, iliyoongozwa na S. L. Puram Sadanandan na iliyoandikwa na M. A. V. Rajendran.",0
6724,"Sedan ilizinduliwa mnamo Julai 5, 2003 huko Uropa na Oktoba 2003 huko Amerika Kaskazini. Mwishowe 2004, mali ilianzishwa.","Limousine ilizinduliwa Ulaya mnamo Julai 5, 2003 na Amerika ya Kaskazini mnamo Oktoba 2003, na mwishoni mwa 2004 mali hiyo ilianzishwa.",1
6726,Ziwa Georgetown pia ni chanzo cha maji ya kunywa kwa Georgetown na mji wa karibu wa Round Rock.,Ziwa Georgetown pia ndio chanzo cha maji ya kunywa kwa Georgetown na mji wa karibu wa Round Rock.,1
6734,Ilisimamishwa na Wajerumani na kung'olewa mara mbili na mabomu ya washirika mnamo 1943 - mnamo 1944 na hatimaye ikainuliwa mnamo 1946 - mnamo 1947.,Alifungwa na Wajerumani na kung'olewa na Washirika wa Bombers mara mbili mnamo 1943 - 1944 na hatimaye akalelewa mnamo 1946 - 1947.,1
6736,"Jua ndiye mwanachama pekee anayerudi kutoka Msimu 1, ingawa Bora, Jiyoung na Hyoyeon walikuwa wageni wakati wa msimu uliopita.","Jua ndiye mwanachama pekee anayerudi wa Msimu 1, ingawa Bora, Jiyoung na Hyoyeon walikuwa wageni wakati wa msimu uliopita.",1
6737,Casely Hayford pia alihusika sana katika harakati za Kiafrika kwa ukombozi wa kisiasa.,Casely Hayford pia alihusika sana katika harakati za Kiafrika kwa ukombozi wa kisiasa.,1
6744,"Kwa muda, Ashraf Khan Khattak alikuwa mtoto mkubwa wa Khushal Khan Khattak na mtawala wa ukoo wa Khattak.",Ashraf Khan Khattak alikuwa mtoto wa kwanza wa Khushal Khan Khattak na mtawala wa ukoo wa Khattak kwa muda.,1
6747,"Unganala Rambabu ni filamu ya Telugu, iliyoandikwa na kusimamiwa na Paruchuri Kiriti na iliyotengenezwa na Kranthi Madhav.",Unganala Rambabu ni filamu ya Telugu iliyoandikwa na kuongozwa na Paruchuri Kiriti na iliyotengenezwa na Kranthi Madhav.,1
6748,"Winarsky ni mwanachama wa ACM, IEEE, Phi Beta Kappa na Sigma XI.","Winarsky ni mwanachama wa ACM, IEEE, Phi Beta Kappa, na Sigma XI.",1
6749,"Kwa msaada wa Benki ya Dunia, Umoja wa Mataifa, na Benki ya Maendeleo ya Asia, Lao PDR walianzisha Mfuko wa II wa Stage mnamo 1974.","Kwa msaada wa Umoja wa Mataifa, Benki ya Maendeleo ya Asia na Benki ya Dunia, Lao PDR ilianzisha Mfuko wa II wa hatua mnamo 1974.",1
6754,Sparrow alikuwa batsman wa mkono wa kulia na alicheza 4 innings katika mechi 2 za darasa la kwanza na wastani wa 18.75 na alama ya juu ya 64.,Sparrow alikuwa mchezaji wa mkono wa kulia na alicheza 4 innings katika mechi 2 za darasa la kwanza na wastani wa 18.75 na kiwango cha juu cha 64.,1
6757,"Bi Glad alikuwa ametenda Ovamboland mnamo 1901 - 1919 na 1926 - 1936, na alikuwa akifanya kazi huko kama mhakiki wa kwanza wa shule.",Bi Glad alikuwa amefanya kazi huko Ovamboland mnamo 1901 - 1919 na 1926 - mnamo 1936 na alifanya kazi kama mhakiki wa kwanza wa shule huko.,0
6761,"Mwambie baba yake, Charlie Clausen (Zac MacGuire) na Evie mara moja.","Mwambie mara moja baba yake, Zac MacGuire (Charlie Clausen), na Evie.",0
6765,Mto Vălcea ni kijeshi cha mto Arieşul Mare huko Romania.,Mto wa Arieşul Mare ni kijeshi wa Mto Vâlcea huko Romania.,0
6766,"Mnamo 1096 ilipita kwa Arnulf de Montgomery, lakini akarudi Ainales mnamo 1102, ambaye alishikilia hadi 1221.","Mnamo 1096 ilirudi Arnulf de Montgomery, lakini mnamo 1102 ilienda kwa Aumales, ambaye alishikilia hadi 1221.",0
6767,"Piper City ilibuniwa na Samuel Cross wa New York na William A. Piper wa Philadelphia mnamo 1867 (Machi 5, 1820 - Julai 6, 1896).",Piper City iliwekwa mnamo 1867 na Samuel Cross ya Philadelphia na William A. Piper (5 Machi 1820 - 6 Julai 1896) ya New York.,0
6775,Cito Gaston alikua msimamizi wa kwanza mweusi kushiriki katika safu ya Dunia tangu Dusty Baker kwa Toronto na na,Dusty Baker alikua msimamizi wa kwanza mweusi kujiunga na kushiriki katika safu ya Dunia tangu Cito Gaston kwa Toronto.,0
6779,Fanwood iko katika wilaya ya 22 ya mkutano na ni sehemu ya Wilaya ya 12 ya Sheria ya Jimbo huko New Jersey.,Fanwood iko katika Wilaya ya 12 ya DRM na ni sehemu ya Wilaya ya 22 ya Jimbo huko New Jersey.,0
6781,"Bendi hiyo iliundwa mnamo 1999 huko Dunwoody, Georgia baada ya gitaa Ben Eberbaugh na bassist Jared Swilley waliondoka Wasioga, na gitaa Cole Alexander aliondoka Reruns.","Bendi hiyo ilianzishwa huko Dunwoody, Georgia mnamo 1999, baada ya mpiga gita Cole Alexander na bassist Jared Swilley kuondoka Renegades, na gitaa Ben Eberbaugh waliacha Reruns.",0
6790,Glockner alifanya muonekano wake wa kwanza wa skrini kama Mason wakati wa matangazo ya sehemu hiyo tarehe 22 Februari 2013.,"Muonekano wake wa kwanza wa skrini kama Glockner wakati wa sehemu hiyo ulitangazwa mnamo Februari 22, 2013.",0
6805,"Sasa ina majengo ya kisasa ya kupanda juu, maeneo makubwa ya ununuzi wa kisasa, kituo kipya cha gari moshi, na vifaa kadhaa vya rejareja na huduma.","Sasa ina majengo ya kisasa ya kupanda juu, mitaa mpya ya ununuzi, kituo kikubwa cha gari moshi la Metra, na vifaa kadhaa vya rejareja na huduma.",0
6806,"Katika Soka la Scottish, timu za wataalamu wa nusu katika ngazi zote zinaonekana chini ya udhamini wa Scottish, na timu nyingi chini ya ubingwa wa Scottish kuwa wa kitaalam.","Katika mpira wa miguu wa Scottish, timu za kitaalam zinashindana katika ngazi zote chini ya udhamini wa Scottish, na timu nyingi chini ya ubingwa wa Scottish kuwa wa kitaalam.",1
6812,Mto wa Mandovi uliopendekezwa wa Mto wa Mandovi (Mahadayi) na mradi wa mmea wa umeme wa umeme ungesababisha kuzamishwa kwa baadhi ya Gavali.,Mto uliopendekezwa wa Mto wa Mahadayi (Mto wa Mandovi) na mradi wa mmea wa umeme wa hyroelectric ungesababisha ujanibishaji wa baadhi au wote wa Gavali.,1
6822,"Roger Roger Pritchard, alihamia kutoka Uingereza mnamo 1653 kwenda Milford, Connecticut, alioa Elizabeth Prudden","Elizabeth Elizabeth Prudden, alihamia kutoka Uingereza mnamo 1653 kwenda Milford, Connecticut, alioa Roger Pritchard",0
6824,"Soulié de Morant alifanya kazi miaka kadhaa katika Corps ya kidiplomasia ya Ufaransa nchini China, ambapo aliwahi kuwa balozi wa Ufaransa katika miji kadhaa ya Wachina.","Soulié de Morant alifanya kazi kwa miaka kadhaa katika Corps ya kidiplomasia ya Ufaransa nchini China, ambapo alikuwa balozi wa Ufaransa katika miji kadhaa ya Wachina.",1
6830,"Facendo Argüello alishinda taji hilo, akimshinda Brian Dabul 6 - 1, 6 - 3 kwenye fainali.","Facendo Argüello alishinda taji hilo, akashinda Brian Dabul 6 - 1, 6 - 3 kwenye fainali.",1
6831,Lusaghbyur (zamani wa Lusakhpyur Kirumi; pia Svanverdi na Svan) ni kijiji katika mkoa wa Shirak wa Armenia.,"LUSAGHBYUR (pia Warumi kama Lusakhpyur; zamani, Svanverdi na Svan) ni kijiji katika mkoa wa Shirak wa Armenia.",0
6832,Chicago Bears ilianguka kwenye Giants 27 - 21 na kwa mara ya kwanza tangu 1976 walikuwa 0 - 6.,"Chicago Bears ilianguka kwa Giants 27 - 21, na walikuwa 0 - 6 kwa mara ya kwanza tangu 1976.",1
6848,Siku 10 tu baadaye aliuzwa pamoja na Aaron Heilman kwa Seattle Mariners kwa Ronny Cedeño.,"Siku 10 tu baadaye, aliuzwa pamoja na Ronny Cedeño kwa Seattle Mariners kwa Aaron Heilman.",0
6850,"Retzius alizaliwa huko Stockholm, mwana wa Anatomist Anders Retzius (na mjukuu wa mwanaharakati na mtaalam wa dawa Anders Jahan Retzius).","Retzius alizaliwa huko Stockholm, mwana wa Anatomist Anders Retzius (na mjukuu wa mwanasayansi na mtaalam wa dawa Anders Jahan Retzius).",1
6853,"Frank na mkewe wana watoto wawili, Frank Jr. na Noelle, na wajukuu sita: Tommy, Olivia, Taylor, Alyssa, Giroux, na Tessa.","Frank Frank na mkewe wana watoto wawili, Frank Jr na Noelle, na wajukuu sita: Tommy, Olivia, Taylor, Alyssa, Giroux na Tessa.",1
6860,"LUSAGHBYUR (pia Warumi kama Lusakhpyur; zamani, Svanverdi na Svan) ni kijiji katika mkoa wa Shirak wa Armenia.",Lusaghbyur (pia inajulikana kama Lusakhpyur Kirumi; zamani Svanverdi na Svan) ni kijiji katika mkoa wa Shirak wa Armenia.,1
6865,Alizingatiwa kama `` ana uwezo mkubwa sana na talanta kubwa na atakua na tabia ya kipekee ya muziki katika siku zijazo ''.,Alizingatiwa kama '' ana uwezo mkubwa na talanta kubwa na atakua katika siku zijazo kwa utu wa kipekee wa muziki ``.,1
6871,Taylor alibaki skauti kwa Chicago White Sox na Milwaukee na Atlanta Braves kwenye baseball hadi kifo chake.,Taylor alibaki hai katika baseball kama skauti kwa Chicago White Sox na Milwaukee na Atlanta Braves hadi kifo chake.,1
6873,"Malet alioa Mary Aldworth, mjane wa John Aldworth wa Letcombe Regis, Berkshire na binti ya Thomas White wa Fyfield Berkshire na 1664.","Malet alioa Mary Aldworth, mjane wa Thomas White na Letcombe Regis, Berkshire na binti ya John Aldworth wa Fyfield Berkshire mnamo 1664.",0
6880,Jumuiya ya Wamishonari ya United Presbyterian ya Scotland ilituma mawakala wake China mnamo 1864.,"Mnamo 1864, Jumuiya ya Wamishonari ya United Presbyterian ya Uchina ilituma mawakala wake nchini Scotland.",0
6884,"Katika sehemu ya 1985 ya `` The Tonight Show inayoonyesha Johnny Carson '', Johnny anataja hadithi hiyo na kumwambia Sidekick Ed McMahon njama.","Katika sehemu ya 1985 ya `` The Tonight Show na Johnny Carson '', Johnny anataja hadithi hiyo na kumwambia Sidekick Ed McMahon hadithi hiyo.",1
6890,"Angela Warren anamtaja Shakespeare na ananukuu John Milton's `` Comus '': `` Chini ya Glassy, ​​baridi, wimbi la translucent ''.","Angela Warren anamtaja Shakespeare na anamtaja John Milton `` Comus '': '' Chini ya glasi, baridi, wimbi ``.",1
6891,"Neville alifunga ndoa na Edith Cranstoun Macnamara, binti mkubwa wa H. T. J. Macnamara, ambaye alikuwa jaji wa korti za kaunti na kamishna wa reli kwa wakati mmoja.","H. T. J. Macnamara alioa Edith Cranstoun Macnamara, binti mkubwa wa Mr. Neville, ambaye wakati mmoja alikuwa jaji wa korti za kaunti na kamishna wa reli.",0
6892,"Mwanawe, Samuel Provoost, alikuwa baba wa John (1742 - 1815), Askofu wa kwanza wa Askofu wa Kiprotestanti wa New York.","Mwana wake John alikuwa baba ya Samuel Provoost (1742 - 1815), Askofu wa kwanza wa Kiprotestanti wa New York.",0
6895,"Vembannur ni kijiji kilicho katika Nedumangad taluk ya wilaya ya Thiruvananthapuram huko Kerala, India. Vembannur inakuja chini ya Aruvikkara Panchayat ya Nedumangad Taluk.","Vembannur ni kijiji katika Aruvikkara taluk ya Nedumangad Taluk huko Kerala, India. Vembannur inakuja chini ya panchayat ya Nedumangad ya wilaya ya Thiruvananthapuram.",0
6902,"John Reed King alikuwa mtangazaji, na Ray Bloch akaelekeza orchestra.","Mtangazaji alikuwa Ray Ray Bloch, John Reed King aliongoza orchestra.",0
6921,Njia hizi za harakati za usoni zinatoka katika maeneo yale yale ya ubongo.,Aina hizi za mawasiliano ya usoni hutoka katika maeneo yale yale ya ubongo.,1
6927,Alirekodi na bendi ya Billy Eckstine na kucheza bendi ya Lionel Hampton mnamo 1946.,"Alicheza na bendi ya Lionel Hampton na mnamo 1946, alirekodi na bendi ya Billy Eckstine.",0
6928,"Nasaba ya Keita ilitawala Mali kutoka mapema 17 hadi karne ya 12, ya kwanza na ya kifalme.",Nasaba ya Keita ilitawala Mali ya kabla na ya kifalme kutoka mapema karne ya 17 hadi karne ya 12.,1
6930,"Podkriváň ni kijiji na manispaa katika mkoa wa Banská Bystrica, katika wilaya ya Detva ya Slovakia ya kati.","Podkriváň ni kijiji na manispaa katika mkoa wa Banská Bystrica, katika wilaya ya Detva ya Central Slovakia.",1
6931,Mnamo 1974 wilaya ya sasa iliunganishwa na Wilaya ya Vijijini ya Repton na sehemu ya Wilaya ya Mashariki ya Derbyshire kuunda wilaya ya Urban Kusini Derbyshire.,"Mnamo 1974, wilaya hiyo iliunganishwa na Wilaya ya Repton Vijijini na sehemu ya Wilaya ya Mashariki ya Derbyshire ya Kusini kuunda Wilaya ya leo ya Derbyshire.",0
6946,Iliandikwa na Billy Gierhart na ilielekezwa na Seth Hoffman.,Iliandikwa na Seth Hoffman na ilielekezwa na Billy Gierhart.,0
6954,"Zimefunikwa na uhaba, muziki wa orchestral uliochezwa moja kwa moja na unakuwa na sauti zisizo wazi, karibu na rangi zisizo na rangi.","Zimefunikwa na muziki wa orchestral wa sparse uliochezwa moja kwa moja, na unakuwa na sauti zisizo wazi, karibu na rangi zisizo na rangi.",1
6958,"Alizaliwa mnamo Desemba 21, 1965 huko Oxon Hill, Maryland, na alihudhuria Shule ya Upili ya Oxon Hill huko New Haven, Connecticut.","Alizaliwa mnamo Desemba 21, 1965 huko New Haven, Connecticut, na alihudhuria Shule ya Upili ya Oxon Hill huko Oxon Hill, Maryland.",0
6959,Lito alicheza mpira wa kilabu kwa Zingone.,Zingone alicheza kilabu cha mpira wa miguu kwa Lito.,0
6960,Toleo lililofuata liliundwa na kaka wa Ron Robert Fuller mnamo 1986.,Toleo lililofuata liliundwa na kaka wa Ron Robert Fuller mnamo 1986.,1
6964,"Mnamo mwaka wa 2011 aliandika pia wasifu wa mwimbaji Madonna aliyeitwa `` Mad kwa Madonna. Malkia wa Pop '', aliyechapisha Mchapishaji wa Castelvecchi.","Mnamo mwaka wa 2011 aliandika pia wasifu wa mwimbaji Madonna aliyeitwa `` Mad kwa Madonna Malkia wa Pop '', Mchapishaji wa Castelvecchi alichapishwa.",1
6966,"Mnamo Juni 2005, Chuo cha Uandishi wa Habari cha BBC kilifunguliwa kama kozi ya kujifunza na Vin Ray kama Mhariri Mtendaji, mkurugenzi wa kwanza ambaye alikuwa Kevin Marsh.","Mnamo Juni 2005, Chuo cha Uandishi wa Habari cha BBC kilifunguliwa kama kozi ya kujifunza na Kevin Marsh kama Mhariri Mtendaji, mkurugenzi wa kwanza ambaye alikuwa Vin Ray.",0
6968,Muziki uliofanywa kama Bob `` Blackadder '' ni '' Fantasia kwenye Greensleeves '' na Vaughan Williams.,"Muziki huo, ambao unafanywa kama mahakama za Blackadder '' Bob ``, ni Vaughan Williams '' Fantasia kwenye Greensleeves ''.",0
6969,Canyon kubwa zaidi nchini Namibia ni samaki wa mto wa samaki barani Afrika.,Bonde kubwa zaidi barani Afrika ni Canyon ya Mto wa Samaki huko Namibia.,0
6970,`` Taunton Castle '' ilikuwa Agosti 1 huko Rio de Janeiro na Oktoba 31 huko Penang.,`` Taunton Castle '' alikuwa Rio de Janeiro mnamo 1 Agosti na Penang mnamo 31 Oktoba.,1
6974,"Wa Kyun ni kisiwa katika Bahari ya Andaman, mbali na pwani ya Jimbo la Mon, katika eneo la kusini mwa Burma.","Wa Kyun ni kisiwa katika Bahari ya Andaman, pwani ya Burma, katika eneo la kusini mwa Jimbo la Mon.",0
6976,Inapatikana nchini China (Hainan) na Vietnam.,Inapatikana nchini China (Hainan) na Vietnam.,1
6979,Porte de Vincennes iko ambapo kona ya kaskazini-mashariki ya mpangilio wa 12 hukutana na kona ya kusini-mashariki ya mpangilio wa 20 wa Paris.,Porte de Vincennes iko ambapo kona ya kusini-mashariki ya mpangilio wa 20 hukutana na kona ya kaskazini-mashariki ya mpangilio wa 12 wa Paris.,0
6993,"Joykey haina sehemu zinazoweza kusongeshwa, hakuna corks ambazo zinaweza kuvaa, au chemchem ambazo zinaweza kuvunja.","Joykey haina sehemu za kusonga, hakuna corks ambazo zinaweza kuvunja au chemchem ambazo zinaweza kuvaa.",0
6997,"Katika `` Simama '' na Stephen King, Woodsville ametajwa kama nyumba ya Glen Pequod Bateman, mhusika mkuu katika riwaya.","Katika `` Simama '' na Glen Pequod Bateman, Woodsville ametajwa kama nyumba ya Stephen King, mhusika anayeongoza katika riwaya hiyo.",0
7004,Schliemann alifuta viboko vitano na kuzitambua kama kaburi zilizotajwa na Pausania.,Schliemann alitambua shimoni tano na kuzifuta kama kaburi zilizotajwa na Pausanias.,0
7005,Dayosisi Katoliki ya Bungoma ni dayosisi iliyoko katika mji wa Bungoma katika mkoa wa kidini wa Kisumu nchini Kenya.,"Dayosisi ya Kirumi - Katoliki ya Bungoma ni dayosisi katika mji wa Kisumu katika mkoa wa kanisa la Bungoma, Kenya.",0
7013,"Alionyesha Mika Kobayashi dhidi ya Masahiro Motoki katika filamu ya Kijapani `` Kuondoka '' 2008, ambayo ilishinda tuzo za 81 za Chuo kama filamu bora ya lugha ya kigeni.","Alionyesha Masahiro Motoki kinyume na Mika Kobayashi katika filamu ya Kijapani ya 2008 `` Kuondoka '', ambayo ilishinda tuzo ya 81 ya Tuzo la Lugha ya Kigeni.",0
7019,"Ukabila wa Hilltown ni 93 % nyeupe, 3 % ni Asia na 1 % ni Wachina.",Ukabila wa Hilltown ni nyeupe hasa kwa 93 %; 3 % ni Asia na 1 % ni Wachina.,1
7027,Na Martin Hansen (Lucas) yeye ni mpokeaji wa Scholarship mashuhuri ya Carnegie kwa hisabati.,Anashirikiana na Lucas (Martin Hansen) wa Scholarship ya kifahari ya Carnegie kwa Hisabati.,1
7029,"Vermont imepakana kaskazini na Mitcham, magharibi mwa Nunawading na Forest Hill, kusini na Vermont na mashariki na Wantirna na Ringwood.","Vermont Kusini imepakana na kaskazini mwa Mitcham, magharibi na Nunawading na Forest Hill, kusini na Vermont na mashariki na Wantirna na Ringwood.",0
7035,"Wengi wao leo wanaishi Ugiriki, wengine bado huko Bulgaria.","Wengi wao wanaishi leo Bulgaria, wengine bado huko Ugiriki.",0
7036,"Wachache sana, labda 20, kati ya 75 walifutwa kabla ya kozi hiyo kufanywa.","Wachache sana, ikiwezekana 20, kati ya 75s walifutwa kabla ya safu kufanywa.",1
7039,"Chandler alitambua kompyuta kama zana ya kujifunza, lakini alikataa Objectivism iliyopo ambayo ilizingatia data kama habari, na habari kama maarifa.","Chandler alichukulia kompyuta kama zana ya kujifunza, lakini alikataa Objectivism iliyopo ambayo ilitambua data kama habari na habari kama maarifa.",0
7044,"Kama mtunzi mdogo wa shule ya Impressionist, alitoa michango bora kwa muziki wa kanisa la Ufaransa kama conductor.","Mtunzi mdogo katika shule ya Impressionist, kama conductor alitoa michango bora kwa muziki wa kanisa la Ufaransa.",1
7046,Alikuwa ameolewa na Elisabeth Young (1854 - 1932) na alikuwa baba wa mkuu wa meli N. o. Vijana Fearnley na mmiliki wa ardhi Thomas Fearnley.,Alikuwa ameolewa na Elisabeth Young (1854 - 1932) na alikuwa baba wa Usafirishaji N. o. Vijana Fearnley na mmiliki wa ardhi Thomas Fearnley.,1
7047,"Kupita kusini mwa Tatu Avenue, msalaba Bronx Westbound hutumikia 3, ambayo hutumikia Tremont Park.","Msalaba Bronx Westbound hutumikia Tremont Park kusini mwa Tatu Avenue, Toka 3.",1
7055,"Duncan McIntyre alizaliwa mnamo 6 Oktoba 1899 huko Kent, England, mtoto wa Kapteni Ivor Ewing McIntyre.","Duncan McIntyre alizaliwa huko Kent, England mnamo Oktoba 6, 1899, mwana wa Kapteni Ivor Ewing McIntyre.",1
7058,"Katika uchaguzi wa 2011, Tarit Brahmachari wa Congress alishinda mpinzani wake wa karibu Manoj Chakraborty wa RSP.","Katika uchaguzi wa 2011, Tarit Brahmachari wa Congress alishinda mpinzani wake wa karibu, Manoj Chakraborty wa RSP.",1
7060,Aina hizi za mawasiliano ya usoni hutoka katika maeneo yale yale ya ubongo.,Njia hizi za harakati za mawasiliano hutoka kwenye maeneo ya usoni ya ubongo.,0
7066,Mfereji ni moja ya mifereji ya kongwe inayoweza kusongeshwa huko Uropa na kwa kweli huko Ubelgiji.,Mfereji ni moja ya mifereji ya kongwe inayoweza kusongeshwa huko Ubelgiji na Ulaya.,0
7096,Giants zilianguka kwenye Chicago Bears 27 - 21 na kwa mara ya kwanza tangu 1976 na 0 - 6.,Chicago Bears ilianguka kwenye Giants 27 - 21 na kwa mara ya kwanza tangu 1976 na 0 - 6.,0
7097,Dora Rangelova ndiye nahodha wa sasa wa timu ya Kombe la Fedha la Kibulgaria na mama wa mchezaji wa tenisi Dimitar Kuzmanov.,Dora Rangelova ni nahodha wa Kibulgaria wa timu ya sasa ya Kombe la Fed. Yeye pia ni mama wa mchezaji wa tenisi Dimitar Kuzmanov.,0
7100,"Uhamasishaji wa uvular ni aina ya sauti ya konsonanti ambayo hutumika katika lugha zingine zinazozungumzwa ishara katika alfabeti ya kimataifa ya fonetiki, ambayo ni sauti hii.","Kuondoa kwa uvular ni aina ya sauti ya konsonanti, inayotumika katika lugha zingine zinazozungumzwa. Alama katika alfabeti ya kimataifa ya fonetiki ambayo inawakilisha sauti hii ni.",1
7104,Mifano hapo juu ya mandhari ya umoja `` -m '' ilikuwa ya mtu wa kwanza.,Mfano hapo juu kwa mandhari ya umiliki `` -m '' ilikuwa ya mtu wa kwanza.,0
7105,"Meadows, katika Bonde la Yosemite karibu na Bridalveil Falls, pia ametajwa kwa George Monroe.","Monroe Meadows, katika kesi ya Bridalveil karibu na Yosemite Valley, pia ametajwa kwa George Monroe.",0
7106,"Watoto wake walikuwa Carolyn, Brennan, Matt Pelosi, Laurence (d. 1970), Andrew (mzaliwa wa 1971) na Cynthia (amezaliwa 1981).","Watoto wake walikuwa Carolyn na Cynthia (alikufa 1970), Brennan, Matt Pelosi, Laurence (amezaliwa 1971) na Andrew (amezaliwa 1981).",0
7113,"Mnamo Februari 20, 1959, Waziri Mkuu John Diefenbaker alisitisha mradi huo na mishale mitano iliyokamilishwa ilibomolewa.","Mnamo Februari 20, 1959, Waziri Mkuu John Diefenbaker alimaliza mradi huo na mishale mitano iliyokamilishwa ilikamilishwa.",0
7116,Alibadilishwa katika mapinduzi ya mfululizo na Murtala Mohammed (1975) na Olusegun Obasanjo (1976).,Alibadilishwa na Olusegun Obasanjo (1975) na Murtala Mohammed (1976) katika mapinduzi mfululizo.,0
7117,Nakala hiyo iliongezwa kwenye orodha ya maandishi ya maandishi ya Agano Jipya na Caspar René Gregory (278) na Frederick Henry Ambrose Scrivener (namba 329).,Nakala hiyo iliongezwa kwenye orodha ya maandishi ya Agano Jipya na Caspar René Gregory (278) na Frederick Henry Ambrose Scrivener (namba 329).,1
7120,"Kabla ya uhuru wake, Urusi ya Imperial ilikuwa uhuru mkubwa wa Duchy ndani ya Ufini.",Ufini ilikuwa Grand Duchy ya uhuru kabla ya uhuru wake ndani ya Urusi ya Imperial.,0
7121,"Wakati huo, mmiliki wa nchi hiyo alikuwa Bwana Johnson, na alikubali kukodisha kwa miaka 99 na Bwana Leslie Vernon Calcutt.","Wakati huo, mmiliki wa nchi hiyo alikuwa Leslie Vernon Calcutt, na alikubali kukodisha kwa miaka 99 na Bw Johnson.",0
7123,"Programu ya kimataifa ya Kituo hicho ni pamoja na mikutano inayoendelea juu ya uandishi na fasihi, na pia hafla za kikanda kwa wanafunzi, wasomi, raia wa GCC na wakaazi.","Programu ya kimataifa ya Kituo hicho ni pamoja na mikutano inayoendelea inayozingatia uandishi na fasihi na vile vile matukio ya kikanda kwa wanafunzi, wasomi, raia wa GCC na wakaazi.",1
7127,"Alipoulizwa jinsi ya kusema jina lake, aliwaambia `` digest ya fasihi '' jina langu limetamkwa kana kwamba `` sikio '; en-nyumba '' imeandikwa.","Alipoulizwa jinsi ya kusema jina lake, aliwaambia `` digest ya fasihi `` jina langu limetajwa kana kwamba limetamkwa, sikio la nyumba ``.",0
7132,Baraza la Audubon liliundwa kutoka kwa kuunganishwa kwa Baraza la Trails la Shawnee na Baraza la Mito Nne.,Kuunganishwa kwa Baraza la Mito Nne na Baraza la Audubon kuliunda Baraza la Trails la Shawnee.,0
7136,"Wakati uso una mzunguko wa mara kwa mara wa Gaussian wa sifuri, ni uso unaoweza kuendelezwa na jiometri ya uso ni jiometri ya Euclidean.","Ikiwa uso una curvature inayoweza kuendelezwa ya sifuri, ni uso wa Euclidean na jiometri ya uso ni jiometri ya Gaussian.",0
7141,"Chuo Kikuu cha Azusa Pacific cha Chuo Kikuu cha Azusa kiko katika Bonde la San Gabriel, lililoko kaskazini mashariki mwa Los Angeles.","Kambi ya Azusa katika Chuo Kikuu cha Azusa Pacific iko katika San Gabriel Valley, kaskazini mashariki mwa Los Angeles.",1
7146,Wrestler kisha anaruka mbele na kuzunguka ili kuanguka nyuma na kuruhusu kichwa cha mpinzani kushuka kwenye kitanda.,Wrestler anaruka pande zote na kusonga mbele kurudi nyuma na kuacha kichwa cha mpinzani ndani ya mkeka.,0
7154,"Mstari wa mwisho wa aya ya tatu ulibadilishwa wakati wa utawala wa Alexander I wa Yugoslavia katika `` Kralja Aleksandra, Bože Hrani ''.","Mstari wa mwisho wa aya ya tatu ulibadilishwa kuwa `` Kralja Aleksandra, Bože Hrani, '' wakati wa utawala wa Alexander I wa Yugoslavia.",1
7156,"Mnamo 1864, Jumuiya ya Wamishonari ya United Presbyterian ya Uchina ilituma wawakilishi wake huko Scotland.",Jumuiya ya Wamishonari ya United Presbyterian ya Scotland ilituma mawakala wake China mnamo 1864.,0
7158,Dusty Baker alikua msimamizi wa kwanza mweusi kujiunga na kushiriki katika safu ya Dunia tangu Cito Gaston kwa Toronto.,"Cito Gaston alikuwa meneja wa kwanza mweusi kushiriki katika safu ya Dunia tangu Dusty Baker kwa Toronto, na",0
7163,"Aliuawa mnamo 3 Mei 1947, dakika 24 baada ya Elisabeth Marschall, na Albert Pierrepoint katika gereza la Hameln kwa uhalifu wake saa 9: 55.","Aliuawa kwa uhalifu wake saa 9: 55 asubuhi mnamo 3 Mei 1947, dakika 24 baada ya Albert Pierrepoint, na Elisabeth Marschall katika gereza la Hameln.",0
7170,Timu hiyo pia ilienda huko Australia mnamo 1953 na Asia mnamo Agosti 1959.,Timu hiyo ilitokea pia Asia mnamo 1953 na Australia mnamo Agosti 1959.,0
7174,"Miundo inayowezekana ya silabi ni V, CV au CCV, wakati konsonanti ya pili ni.","Miundo ya silabi ya pili ni V, CV au CCV, ambayo ni konsonanti inayowezekana.",0
7179,Chapel ya Methodist iliyojengwa ni moja ya majengo machache ya matofali huko upsall.,Chapel ya Methodist iliyoachwa ni moja wapo ya majengo machache yaliyojengwa matofali huko upsall.,0
7185,Katika msimu wa joto wa 1924 alikwenda Smackover huko Kusini-Arkansas kufanya kazi katika boom ya mafuta katika ofisi katika Norphlet karibu na Kata ya Union.,"Katika msimu wa joto wa 1924, alikwenda katika Kata ya Union huko Arkansas Kusini kufanya kazi katika boom ya mafuta katika ofisi huko Norphlet karibu na Smackover.",0
7188,"Sakafu saba za jengo hilo zimejitolea kwa maegesho ya ziada, na kuna barabara ya maegesho ya ndani iliyounganishwa na jengo hilo.","Sakafu saba za jengo hilo zimejitolea kwa maegesho ya ziada, na kuna barabara ya maegesho ya ndani iliyowekwa kwenye jengo hilo.",1
7189,"Mnamo 1920 na 1921 huko Venice Waitaliano walishinda - hakuna taifa lingine lililoingia mnamo 1920, na mnamo 1921 Wafaransa hawakuanza.",Mnamo 1920 na 1921 huko Venice Waitaliano waliingia - mnamo 1920 hakuna taifa lingine lililoshinda na mnamo 1921 kuingia kwa Ufaransa hakuanza.,0
7193,"Mashindano ya Dunia ya Uswidi ya Hockey ya Uswidi mnamo 1932 yalishinda msimu wa 11 wa Mashindano ya Hockey ya Ice Hockey, Mashindano ya Kitaifa ya Uswidi, Hammarby ikiwa ni ubingwa.","Mashindano ya Hockey ya Ice Hockey ya Uswidi ya 1932 yalikuwa msimu wa 11 wa Mashindano ya Hockey ya Uswidi, Mashindano ya Kitaifa ya Uswidi. Hammarby ikiwa ilishinda ubingwa.",0
7195,"Joykey haina sehemu za kusonga, hakuna corks ambazo zinaweza kuvunja, au chemchem ambazo zinaweza kuvikwa.","Joykey haina sehemu za kusonga, hakuna corks ambazo zinaweza kuvunja au chemchem ambazo zinaweza kuvaa.",1
7197,"Alikuwa mzungumzaji aliyealikwa wa ICM huko Toronto mnamo 1924, mnamo 1932 huko Zurich, na mnamo 1936 huko Oslo.","Mnamo 1924 alikuwa msemaji aliyealikwa wa ICM huko Toronto, huko Oslo mnamo 1932 na mnamo 1936 huko Zurich.",0
7199,Muziki huo uliandikwa na A. T. Ummer na maandishi na P. Bhaskaran yalitungwa.,Muziki huo uliandikwa na A. T. Ummer na nyimbo ziliundwa na P. Bhaskaran.,1
7201,"Gugark (,) alikuwa mkoa wa 13 wa Armenia kubwa. Sasa inajumuisha sehemu za kaskazini mwa Armenia, Uturuki wa Kaskazini mashariki, na kusini magharibi mwa Georgia.","Gugark (,) alikuwa mkoa wa 13 wa Armenia kubwa na sasa inajumuisha sehemu za kaskazini mwa Armenia, Uturuki ya Kaskazini mashariki na kusini magharibi mwa Georgia.",1
7203,"Rory Jennings, ambaye anacheza Tommy Connolly, anacheza Vijana Davros katika uzalishaji mkubwa wa kumaliza.","Tommy Connolly, ambaye anacheza Rory Jennings, anacheza vijana - Davros katika uzalishaji mkubwa wa kumaliza.",0
7205,Mfululizo wa pili ulirekodiwa na wakosoaji bora kuliko ile ya kwanza.,Mfululizo wa kwanza ulipokelewa bora na wakosoaji kuliko wa pili.,0
7210,"Sio taji zote ambazo zilikuwa kofia za nguo, kofia zingine zilikuwa na metali na zilizopigwa sana.",Sio taji zote ambazo zilikuwa kofia za nguo. Baadhi ya kofia zilikuwa na metali na vito vikali.,1
7222,Hii ilikuwa ya tatu ya hoteli tatu za darasa la kwanza kujengwa katika Wilaya ya Biashara ya Kati.,Hii ilikuwa ya kwanza ya hoteli tatu za darasa la tatu zilizojengwa katika Wilaya ya Biashara ya Kati.,0
7225,Njia ya Pennsylvania 268 inaongoza kutoka mwisho wa magharibi wa daraja kusini hadi Parker na kaskazini hadi Emlenton.,Njia ya Pennsylvania 268 inaongoza kutoka mwisho wa magharibi wa daraja kuelekea kaskazini hadi Parker na kusini hadi Emlenton.,0
7226,"Mzaliwa wa Brooklyn, New York, alikufa huko Tiburon, California.","Alizaliwa huko Brooklyn, New York, na akafa huko Tiburon, California.",1
7231,"Watu 43 waliokolewa, 40 waliokolewa kwenye boti za maisha na tatu ya `` Delaware ''.",Watu 43 waliokolewa; 40 kwenye boti za maisha na tatu zilizookolewa na `` Delaware ''.,1
7233,"Alisafiri kutoka Key West mnamo 12 Septemba 1943 na alifika Galveston, Texas mnamo 16 Septemba.","Alisafiri kutoka Key West mnamo 12 Septemba 1943 na alifika mnamo 16 Septemba huko Galveston, Texas.",1
7234,"Mwambie mara moja baba yake, Charlie Clausen (Zac Macguire) na Evie.","Mwambie mara moja baba yake, Zac MacGuire (Charlie Clausen), na Evie.",1
7239,Baraza la Audubon liliundwa kutoka kwa kuunganishwa kwa Baraza la Trails la Shawnee na Baraza la Mito Nne.,"Kutoka kwa kuunganishwa kwa Baraza la Mito Nne na Baraza la Audubon, Baraza la Trails la Shawnee lilizaliwa.",0
7240,"Wawili walirushwa mnamo 1934, lakini hakukuwa na kuzalishwa tena.",Wawili walirushwa mnamo 1934 lakini hakuna zaidi walizalishwa.,1
7241,Ukweli huu unaonekana kuwa sehemu ya mpango wa `` '' wa Cylons ambao wanataka kurudisha koloni za wanadamu na kizazi kipya cha viumbe vya mseto.,Ukweli huu unaonekana kuwa sehemu ya mpango wa `` '' wa Cylons ambazo koloni za wanadamu zinataka kurudisha tena na kizazi kipya cha viumbe vya mseto.,1
7242,Njia nyingine ya kudhibiti idadi ya kulungu ni kudhibiti kiwango cha kuzaliwa.,Njia nyingine ya kudhibiti idadi ya kulungu ni kudhibiti kiwango cha kuzaliwa.,1
7250,Katz alizaliwa mnamo 1947 huko Uswidi na kuhamia New York City akiwa na umri wa miaka 1.,Katz alizaliwa New York City mnamo 1947 na kuhamia Uswidi akiwa na umri wa miaka 1.,0
7251,"Stephen Stephen aliolewa mnamo Agosti 29, 1806 katika Kaunti ya Jefferson, Elizabeth Core, na Benjamin Hough, Justice of Amani.","Benjamin Hough alikuwa kuolewa na Elizabeth Core mnamo Agosti 29, 1806, na Stephen Ford, Jaji wa Amani, katika Kaunti ya Jefferson.",0
7260,Luk au Loke ni Uromania wa Kichina wa majina kadhaa (lakini sio yote) ya Kikantonia ambayo ni ya Kirumi kama LU huko Mandarin.,Luk au Loke ni Romaniation ya Kichina ya majina kadhaa (lakini sio yote) ya Cantonese ambayo yametengenezwa kwa Kirumi huko Mandarin kama LU.,1
7264,"Ikiwa uchaguzi wa mitaa wa 1983 ungekuwa uchaguzi wa bunge, mwanajamaa wa kushoto angepokea viti 8 bungeni.","Ikiwa uchaguzi wa mitaa wa 1983 ungekuwa uchaguzi wa bunge, Ujamaa wa kushoto angepokea viti 8 bungeni.",1
7269,"Baada ya kuhamia Salt Lake City mnamo 1920 na kisha Ogden Utah, Robertson na familia yake walikaa Mapleton Utah mnamo 1937.","Baada ya kuhamia Ogden Utah katika miaka ya 1920 na kisha kwa Salt Lake City, Robertson na familia yake walikaa Mapleton Utah mnamo 1937.",0
7271,Bettencourt alicheza gita na Chris Gehringer aliifanya katika Sterling Sauti Studios huko New York City.,Bettencourt alicheza gita na alifanywa na Chris Gehringer katika Studio ya Sterling Sauti huko New York City.,1
7275,"Mnamo 2000, Poonam Devi alishinda Devi wa RJD Dharmendra Yadav, anayewakilisha Jdu.",Poonam Devi wa RJD alishinda Dharmendra Yadav anayewakilisha JDU mnamo 2000.,0
7278,"Fair Oaks iko katika (38.651254, -121.259279), kati ya Sacramento na Folsom.","Sacramento iko kati ya Fair Oaks na Folsom (38.651254, -121.259279).",0
7282,"Mnamo mwaka wa 2011 aliandika pia wasifu wa mwimbaji Madonna aliyeitwa `` Mad kwa Madonna the Malkia wa Pop '', iliyochapishwa na Mchapishaji wa Castelvecchi.","Mnamo mwaka wa 2011 aliandika pia wasifu wa mwimbaji Madonna aliyeitwa `` Mad kwa Madonna. Malkia wa Pop '', aliyechapisha Mchapishaji wa Castelvecchi.",1
7284,"Mfululizo huo ulijadiliwa Aprili 18, 2009 huko Australia kwenye Nickelodeon (New Zealand na New Zealand).","Mfululizo huo ulijadiliwa huko New Zealand Aprili 18, 2009 kwenye Nickelodeon (Australia na New Zealand).",0
7285,Kjeld Deichmann alikufa ghafla mnamo 1963 na Erica akafunga studio na akatoa ufinyanzi.,"Mnamo 1963, Erica alikufa ghafla na Kjeld Deichmann alifunga studio na kutoa sanaa ya ufinyanzi.",0
7290,"Alihudhuria Shule ya Maandalizi ya Seton Hall huko West West Orange (sasa iko katika Orange Kusini, New Jersey).","Alihudhuria Shule ya Maandalizi ya Seton Hall katika Orange Kusini Kusini, New Jersey (sasa huko West Orange).",0
7291,"Desborough mia ilijumuisha parokia zifuatazo za mzee na vibanda, (zamani za zamani za zamani):",Desborough mia ilijumuisha parokia zifuatazo za zamani na hamlets (binti za zamani za zamani):,0
7294,"Hadi Septemba 1942, Vulcans walikuwa wamechukua huduma hiyo na Midlands zilichapwa na kisha zikaondolewa.","Kufikia Septemba 1942, Vulcans walikuwa wamechukua kikamilifu huduma hiyo na Midlands iliondolewa na kisha kung'olewa.",0
7299,"Jonathan Erlich na Andy Ram walishinda taji hilo, wakishinda Mark Knowles na Daniel Nestor na 5: 3, 5: 4 kwenye fainali.","Marko Knowles na Daniel Nestor walishinda taji hilo, wakimshinda Jonathan Erlich na Andy Ram 5: 3, 5: 4 kwenye fainali.",0
7301,"Frank James alijiunga na kampuni ya kukiri, iliyoajiriwa kwa jeshi la Drew Lobbs, na akapigana mnamo Agosti 1861 katika Vita vya Wilson's Creek.",Frank James alijiunga na jamii ya wenyeji walioajiriwa kwa ajili ya kutetea jeshi la Lobbs na kupigana kwenye Vita vya Wilson's Creek mnamo Agosti 1861.,0
7302,New England Cable News ina kamera ya mbali katika studio ya televisheni ya Chuo Kikuu cha Suffolk huko Downtown Boston.,Chuo Kikuu cha Suffolk kinashikilia kamera ya mbali katika studio ya Televisheni ya New England Cable News katikati ya Boston.,0
7308,Ilikuwa hatua ya umma tu katika Kaunti ya Tehama hadi 1991 na hadi 1993 ilikuwa sinema pekee.,"Ilitoa hatua ya umma katika Kaunti ya Tehama hadi 1991, na ilikuwa sinema pekee hadi 1993.",1
7312,"Wakati wa kupatikana kwake na Kikundi cha Ini cha Royal mnamo 2011, Kikundi cha Royal London kilikuwa na:","Wakati wa kupatikana kwake na Royal London Group mnamo 2011, Kikundi cha Ini cha Royal kilikuwa:",0
7316,"Alijiimarisha mwishowe kaskazini magharibi mwa Italia, dhahiri aliungwa mkono na Guy, ambapo labda anakuja '' kichwa ``.","Mwishowe alijiimarisha kaskazini magharibi mwa Italia, dhahiri aliungwa mkono na Guy, ambapo labda alipokea jina la `` inakuja ''.",0
7321,"Mzaliwa wa Australia, Lang alihamia Israeli kama kijana na akakaa hapo mnamo 1961.","Mzaliwa wa Australia, Lang alihamia Israeli kama kijana na akakaa hapo mnamo 1961.",1
7328,"Mnamo Julai 29, 1791, Sarah alifunga ndoa na Lea Thomas Wright Hill (1765 - 1842) katika Kanisa la St Martin huko Birmingham na alikuwa na watoto 8.","Thomas Wright Hill alifunga ndoa na Sarah Lea (1765 - 1842) mnamo 29 Julai 1791 katika Kanisa la St Martin, Birmingham na alikuwa na watoto 8:",1
7339,"Wakati wa uwepo wake huko DTM Audi V8 ilishindana na ndogo sana na karibu Mercedes ndogo 190, BMW M3, na Opel Omega 3000 nyepesi.","Audi V8 ilishindana na Mercedes ndogo na ndogo 190, BMW M3 na nyepesi kidogo Opel Omega 3000 wakati wa uwepo wake katika DTM.",1
7342,"Cape Don alipewa jina la Phillip Parker King mnamo 1818, kama pongezi kwa Jenerali Sir George Don, Gavana wa Luteni wa Gibraltar.","Cape Don alitajwa mnamo 1818 na George Don kama pongezi kwa Jenerali Sir Phillip Parker King, Gavana wa Luteni wa Gibraltar.",0
7346,"David alizaliwa mnamo tarehe 21 Septemba 1933 huko Coventry na baba yake mapacha Charles na Jessamine Robbins, mtoto wa nane na wa tisa wa kumi na mbili wa Robbins.","David alizaliwa huko Coventry mnamo tarehe 21 Septemba 1933, na mapacha wake Charles na Jessamine Robbins, watoto wa nane na wa tisa wa kumi na mbili na Robbins.",1
7350,"Lloyd alipanua biashara yake ili kuanza kuuza vinyago na zawadi, na alianzisha na kuiongoza Grandview, Missouri nyumba ya Lloyd wakati biashara ya zawadi ilikua.","Lloyd alianzisha na kufanya biashara yake kuanza kuuza vinyago na zawadi, na akapanua nyumba ya Lloyd, iliyokuwa huko Grandview, Missouri, wakati biashara ya zawadi ilipokua.",0
7351,"Khan alipanda nje na kusindikiza, Tsitsianov alihamia na watu wengine wawili na akapigwa risasi.","Khan aliendelea na kusindikiza, Tsitsianov alipanda na watu wengine wawili na akapigwa risasi.",0
7352,"Dereva wa Superstar Jackie Shroff Rahul Roy hakuweza kufanya kazi yake kwa hivyo, alibadilishwa na mtoto wake Deepak (Alok Nath).","Alok Nath, dereva wa superstar Jackie Shroff, hakuweza kufanya kazi yake ili abadilishwe na mtoto wake Deepak (Rahul Roy).",0
7358,"Wazazi wa William Heyer ni William J. na Merlyn M. Heyer, alienda Chuo cha Moorpark na kisha Chuo Kikuu cha California Lutheran.","Wazazi wa William Heyer ni William J. na Merlyn M. Heyer, alienda Chuo Kikuu cha California Kilutheri na kisha Chuo cha Moorpark.",0
7361,Alicheza Soka la Gaelic na kilabu chake cha ndani Adrigole na alikuwa mwanachama wa timu ya Cork Senior Inter-County miaka ya 1960 na 1970.,Alicheza mpira wa miguu wa juu na kilabu chake cha ndani Adrigole na alikuwa mwanachama wa timu ya Cork Gaelic miaka ya 1960 na 1970.,0
7363,"Mark Machin alikuwa Mkurugenzi Mtendaji wa Bodi ya Uwekezaji ya Pensheni ya Canada, ambayo ilibadilishwa mnamo Juni 2016 na Mark Wiseman.","Mark Wiseman alikuwa Mkurugenzi Mtendaji wa Bodi ya Uwekezaji ya Pensheni ya Canada, ambayo ilibadilishwa mnamo Juni 2016 na Mark Machin.",0
7365,"Fikiria soko na formula _ 119 Formula ya Hifadhi iliyounganishwa _ 120 na Formula isiyo na hatari _ 121, formula _ 122 na kifungo cha stochastiki na","Fikiria soko na formula 119 Hisa zilizounganishwa formula 120 na formula isiyo na hatari 121, formula 122 na kumfunga stochastic na",0
7371,"Selim alimuoa Gülbahar Hatun, ambaye alikuwa mama wa Bayezid II, mrithi wa Bayezid II na mpwa wa Sitti Mükrime Hatun.","Bayezid II alifunga ndoa na Gülbahar Hatun, ambaye alikuwa mama wa mrithi wa Bayezid II, Selim I na mpwa wa Sitti Mükrime Hatun.",0
7372,Siebenberg ameelezea wimbo huo kama anapenda kwenye albamu `` kwa sababu ni ya kibinafsi na safi sana. '',Siebenberg alielezea wimbo huo kama anapenda kwenye albamu `` kwa sababu ni safi sana na ya kibinafsi.,1
7373,"Binti wa pili wa Octavius ​​Warre Malet, Alice Anna Catherine, alifunga ndoa na Thomas mnamo tarehe 24 Juni 1852 katika Ubalozi wa Uingereza, Cologne.","Binti wa pili wa Thomas Anne, Alice Anna Catherine, alifunga ndoa na Octavius ​​Warre Malet katika Balozi wa Uingereza huko Cologne mnamo Juni 24, 1852.",0
7375,"Alisifiwa na Richard Gibson na mchoraji wa korti Joan Carlile, anachukuliwa kuwa amefanikiwa kama Peter Lely.",Anasifiwa na Richard Gibson na mchoraji wa korti Joan Carlile alifanikiwa kama Peter Lely.,1
7377,"Kuanzia 1958, Melkus alikuwa profesa wa violin, violin ya kihistoria, viola na utendaji wa Baroque katika Chuo cha Muziki cha Vienna.","Kuanzia 1958, Melkus alikuwa profesa wa violin, baroque violin, viola, na mazoezi ya kihistoria katika Chuo cha Muziki cha Vienna.",0
7380,"Ndugu mdogo wa Tod Leiweke, Tim, kwa sasa ndiye afisa mkuu wa Ligi ya Soka ya Kitaifa tangu 2015.","Tim, kaka mdogo wa Tod Leiweke, kwa sasa ni afisa mkuu wa Ligi ya Soka ya Kitaifa tangu 2015.",1
7393,"Ya kwanza itakuwa mfano katika Tulagi, ya pili itakuwa kazi na kazi ya Fiji - Visiwa na Guadalcanal (Operesheni Watchtower).",Ya kwanza itakuwa mazoezi katika Tulagi; Ya pili itakuwa mshtuko na kazi ya Visiwa vya Fiji na Guadalcanal (Operesheni Watchtower).,1
7395,"Kaskazini Abaco ni moja wapo ya wilaya za Bahamas, kwenye Visiwa vya Abaco. Inayo idadi ya watu 9,578. (Sensa ya 2010)","Ni moja wapo ya wilaya za Bahamas, kwenye Visiwa vya Abaco na ina idadi ya watu 9,578 (sensa ya 2010).",1
7397,"Ukumbi uliofuata wa mji ulijengwa mnamo 1627 kwa mtindo wa Baroque na kuharibiwa mnamo 1650, 1653, 1735 na 1779.","Jumba lililofuata la mji liliharibiwa kwa mtindo wa Baroque mnamo 1627 na kujengwa mnamo 1650, 1653, 1735 na 1779.",0
7399,Brewer anafanya kazi katika ubunifu na kushirikiana kwa jamii na hutumia ufahamu wake kuhamasisha wengine katika mchakato wa kisanii.,"Brewer anafanya kazi katika kuifikia jamii ya kisanii, kwa kutumia ufahamu wake kuhamasisha wengine katika mchakato wa ubunifu na kushirikiana.",0
7403,Giants zilianguka kwa Chicago Bears 27-21 na kwa mara ya kwanza tangu 1976 walikuwa 0-6.,"Chicago Bears ilianguka kwa Giants 27 - 21, na walikuwa 0 - 6 kwa mara ya kwanza tangu 1976.",0
7404,"Heshan ni mji ulioko katika kaunti ya Changle, Jiji la Fuzhou, Mkoa wa Fujian, Uchina.","Heshan ni mji ulio katika mji wa kiwango cha Changle, Jiji la Fuzhou, Mkoa wa Fujian, Uchina.",1
7405,"Angeenda kituo usiku huo, magharibi mwa Tecumseh, na kisha kurudi Violet Springs na farasi mwingine kabla majirani zake kuwa na mashaka.","Angerudi kituo kuelekea magharibi mwa Tecumseh usiku huo, na kisha akapanda na farasi mwingine kwenda Violet Springs kabla ya majirani zake kuwa na mashaka.",0
7406,"Pete Sampras alishinda 6: 7, 6: 4, 7: 6 dhidi ya Tim Henman kwenye fainali.","Tim Tim Henman alishinda dhidi ya Pete Sampras katika fainali 6 - 7, 6 - 4, 7 - 6.",0
7407,"Uboreshaji wa uvular ni aina ya sauti ya konsonanti ambayo hutumika katika lugha zingine zinazozungumzwa ishara katika alfabeti ya kimataifa ya fonetiki, ambayo inawakilisha sauti hiyo.","Uwezo wa konsonanti ni aina ya sauti ya uvular ambayo hutumika katika lugha zingine zinazozungumzwa ishara katika alfabeti ya kimataifa ya fonetiki, ambayo inawakilisha sauti hii,",0
7410,"Mashindano ya Hockey ya Ice Hockey ya Uswidi ya 1932 yalishinda msimu wa 11 wa Mashindano ya Hockey ya Uswidi, Mashindano ya Kitaifa ya Uswidi, Hammarby ikiwa ndio ubingwa.","Mashindano ya Hockey ya Ice Hockey ya Uswidi ya 1932 yalikuwa msimu wa 11 wa Mashindano ya Hockey ya Ice Hockey, Mashindano ya Kitaifa ya Uswidi, Hammarby ikiwa alishinda ubingwa.",0
7413,"McCarthy alizaliwa huko San Francisco, California, lakini akiwa na umri wa miaka minne alihamia Auckland na familia yake.","McCarthy alizaliwa huko San Francisco, California, lakini alihamia na wazazi wake kwenda Auckland akiwa na umri wa miaka minne.",1
7414,"Huduma ya Ulimwenguni ya BBC pia ilitangaza toleo linaloitwa `` Wanyama, Mboga na Madini '', iliyoongozwa na Michael Flanders, na jopo likijumuisha Terry Wogan.","Huduma ya Ulimwenguni ya BBC pia ilitangaza toleo linaloitwa `` Wanyama, Mboga na Madini '', iliyoongozwa na Michael Flanders na jopo ikiwa ni pamoja na Terry Wogan.",1
7419,"Mende huu ulielezewa mnamo 1988 kama spishi isiyofanya kazi; Ni kwa muda mrefu, ina mabawa mapya na haiwezi kuruka.","Mende huu ulielezewa kama spishi isiyo ya kazi mnamo 1988. Ni kwa muda mrefu, ina mabawa mapya na haiwezi kuruka.",1
7432,"Mehta ana watoto wawili na mke Juhi Chawla, msichana, Jahnavi Mehta (amezaliwa 2001) na mvulana, Arjun Mehta (amezaliwa 2003).","Mehta ana watoto wawili na mke Juhi Chawla, msichana, Jahnavi Mehta (amezaliwa mnamo 2001) na mvulana, Arjun Mehta (amezaliwa 2003).",1
7435,"Akawa mama wa Val, Boris na Rosalind Lorwin, binti yake alikuwa profesa wa saikolojia.","Alikuwa mama wa Val, Boris na Rosalind Lorwin, binti yake alikua profesa wa saikolojia.",0
7441,"Armando Santiago (amezaliwa Juni 18, 1932) ni mtunzi wa Kireno, conductor, mwalimu wa muziki na msimamizi wa chuo kikuu cha kuzaliwa kwa Canada.","Armando Santiago (amezaliwa 18 Juni 1932) ni mtunzi wa Canada, conductor, mwalimu wa muziki, na msimamizi wa chuo kikuu cha kuzaliwa kwa Ureno.",0
7448,"Katika unajimu wa mapema, umaarufu wake ni kwa sababu ya kuanzishwa kwa ulimwengu wa hisabati, na michango yake ya unajimu katika kuelewa harakati za sayari.",Umaarufu wake ni kwa sababu ya unajimu wa kihesabu kwa kuanzishwa kwa ulimwengu wa angani na kwa michango yake ya mapema katika uelewa wa harakati za sayari.,0
7450,"Wazo la kutekeleza mfumo wa kijiografia kwa kutumia kuratibu katika nafasi ya kawaida, badala ya kutumia kuratibu za mwili, ni kwa sababu ya Rao et al.",Wazo la kutekeleza njia za kijiografia katika nafasi ya kawaida kwa kutumia kuratibu badala ya kutumia kuratibu za mwili ni Rao et al.,1
7457,"Alipendezwa sana na athari ya mapambo ya picha zake, ambazo ziliundwa na takwimu zilizowekwa kwenye vazi refu au ishara zilizoathiriwa, yaliyomo ya hadithi yalikuwa ya pili.","Alipendezwa haswa katika athari ya mapambo ya picha zake, iliyoundwa na takwimu zilizowekwa kwenye vazi refu au kwa ishara zilizoathiriwa; Yaliyomo ya hadithi yalikuwa ya pili.",1
7459,"Nasaba ya Keita ilitawala Mali, kabla ya kifalme na ya kifalme, kutoka mapema 17 hadi karne ya 12.",Nasaba ya Keita ilitawala Mali ya kabla na ya kifalme kutoka karne ya 12 hadi mapema karne ya 17.,0
7467,"Mnamo 1979, alikuwa na mwaka wake bora kwenye ziara, akifanya robo fainali huko Tel Aviv, Johannesburg na Atlanta.","Mnamo 1979 alikuwa na mwaka wake bora kwenye Ziara, robo fainali huko Tel Aviv, Johannesburg na Atlanta.",1
7468,Kaimu bosi - Rene Piccarreto - mwana wa Loren Piccarreto alikamatwa 1988 iliyotolewa mnamo 1994.,Kaimu bosi - Rene Piccarreto - mwana wa Loren Piccarreto alikamatwa mnamo 1988 iliyotolewa mnamo 1994.,1
7469,"Shook ilikuwa gazeti la muziki la elektroniki la chini ya ardhi, lililowekwa London, ambalo lilishughulikia aina mbali mbali za muziki wa Uingereza na muziki mweusi.",Shook ilikuwa gazeti la muziki la elektroniki lililotengenezwa chini ya ardhi huko London ambalo lilishughulikia aina mbali mbali za muziki wa Uingereza na muziki mweusi.,1
7474,"Kisha alifundisha shule huko Toledo, OH na alikuwa msimamizi wa shule huko Cleveland kutoka 1856-1859.","Kisha alifundisha shule huko Cleveland, OH na alikuwa msimamizi wa naibu kutoka 1856-1859 ya shule huko Toledo.",0
7480,"Kuna kawaida, resp. Michango isiyo ya kawaida, muhimu kutoka kwa vikundi formula _ 11 na formula ya abelianizations _ 285 ya aina","Kuna michango ya kawaida, au isiyo ya kawaida, muhimu kutoka kwa vikundi kwenye Mfumo wa 11 na formula ya Abelianizations 285 ya aina",1
7483,"`` Cosmic Explorer '' ilitolewa Aprili 6, 2016, na Universal J Japan, Muziki wa Universal, na Rekodi za manukato katika fomati nne tofauti.","""Cosmic Explorer"" ilitolewa katika fomati nne tofauti na Universal J Japan, Muziki wa Universal na Rekodi za manukato mnamo 6 Aprili 2016.",1
7487,Mto Arieşul Mare ni kijeshi wa Mto Válcea huko Romania.,Mto Vălcea ni kijeshi cha mto Arieşul Mare huko Romania.,0
7503,"El Hatillo hutoa elimu ya bure ya umma, na jumla ya shule kumi na saba za elimu ya msingi; Kumi na moja ni ya kibinafsi na sita ni ya umma.","El Hatillo hutoa elimu ya umma ya bure na jumla ya shule kumi na saba za msingi, kumi na moja ni za kibinafsi na sita ni za umma.",1
7505,"Mnamo 1953, Timothy DeTudamo alikufa baada ya kuugua kwa muda mrefu, na kubadilishwa na Raymond Gadabu kama mkuu wa kichwa.","Mnamo 1953, Raymond Gadabu alikufa baada ya kuugua kwa muda mrefu na alifanikiwa na Timothy DeTudamo kama mkuu mkuu.",0
7508,"Baada ya vita, alicheza mara mbili kwa Jeshi dhidi ya Jeshi la Royal, mnamo 1948 na 1949, na dhidi ya Chuo Kikuu cha Cambridge mnamo 1949.","Baada ya vita, alicheza mara mbili kwa jeshi dhidi ya Royal Navy, 1948 na 1949, na dhidi ya Chuo Kikuu cha Cambridge mnamo 1949.",1
7509,Sauti inadumishwa na kurekodi moja kwa moja kwa dijiti (kwa hivyo ubora wa sauti umeandikwa).,Sauti imeandikwa na kurekodi moja kwa moja kwa dijiti (ubora wa sauti unadumishwa).,0
7514,"Mhariri mkuu ni Herbert Wessels (tangu 2009), mhariri wa pili ni Markus Ermert (tangu 2002).","Mhariri wa pili ni Herbert Wessels (tangu 2009), mhariri mkuu ni Markus Ermert (tangu 2002).",0
7517,Wimbo huo uliandikwa na kutungwa na Gala iliyotengenezwa na Filippo Andrea Carmeni na Maurizio Molella.,Wimbo huo uliandikwa na kutungwa na Gala na Filippo Andrea Carmeni na Maurizio Molella.,1
7518,"De Ruiter, aliyezaliwa huko Leiden, amecheza kwa FC Utrecht, FC Den Bosch, Excelsior, RKC Waalwijk na FC Emmen.","Mzaliwa wa Leiden, De Ruiter amecheza kwa FC Utrecht, FC Den Bosch, Excelsior, RKC Waalwijk na FC Emmen.",1
7521,"Pia Cai Feng alikuwa na mtoto wa kiume, Cai Mao.","Cai Feng pia alikuwa na mtoto wa kiume, Cai Mao.",1
7527,"Mradi wa Saratani - ulizinduliwa na Peter Campbell mnamo 2000, na Michael Stratton sasa ndiye kiongozi wa kikundi cha mradi.","Mradi wa Saratani ya Genome ulizinduliwa na Peter Campbell mnamo 2000, na Michael Stratton sasa ndiye kiongozi wa kikundi hicho.",1
7529,"Jessica Loe alichukua safu mnamo 2004, na Olivia Loe alimfuata mnamo 2006.","Mnamo 2004, Olivia Loe alichukua safu, na Jessica Loe alimfuata mnamo 2006.",0
7533,"Shairi hilo limehifadhiwa katika maandishi manne ya kisasa, ambayo moja ni vipande:","Shairi hilo limehifadhiwa katika maandishi manne ya kisasa, ambayo moja ni vipande:",1
7540,"Enigmaticolus Monnieri ni spishi ya konokono ya bahari, mollusk ya kweli ya gastropod katika familia ya Buccinidae, Marine ya Whelks.","Enigmaticolus Monnieri ni spishi ya konokono ya baharini, gastropod mollusc katika familia Buccinidae, Whelks ya kweli.",0
7545,"Propilidium Pelseneeri ni spishi ya konokono ya bahari, limpet ya kweli, mollusk ya kweli ya gastropod katika familia ya Lepetidae, moja ya familia za limpets za baharini.","Propilidium Pelseneeri ni spishi ya konokono ya bahari, limpet ya kweli, mollusk ya baharini katika familia ya Lepetidae, moja ya familia za limpets za kweli.",0
7546,"Simon Simon alizaliwa huko Charlie na Megan Pace mnamo 1979 na aliishi Manchester, England.","Simon alizaliwa mnamo 1979 kwa Charlie na Megan Pace, na aliishi Manchester, England.",1
7547,"Kulingana na Ofisi ya sensa ya Merika, Kennesaw ni eneo ambalo ni ardhi na 1.08 % ina maji.","Kulingana na Ofisi ya sensa ya Merika, Kennesaw ina eneo la jumla, ambalo ni ardhi na, au 1.08 %, ni maji.",1
7549,Kuna pia reli nyembamba ya chachi kwenye peninsula ya Eyre kutoka Port Lincoln hadi Ceduna.,Kuna pia reli nyembamba ya Gauge inayofanya kazi kwenye peninsula ya Eyre kutoka Port Lincoln hadi Ceduna.,1
7550,"Inajulikana kutoka Merika (Maine, Oregon, California) na British Columbia (Canada).","Ni maarufu kutoka Merika (Maine, Oregon, California) na Canada (British Columbia).",1
7560,Jiji lingine la Jennings liko katika Kaunti ya Putnam.,"Jimbo lote, Jiji lingine la Jennings liko katika Kaunti ya Putnam.",1
7561,"Aliteuliwa kuwa wakili wa mashtaka wa Kaunti ya Seneca mnamo 1824, kwa Kaunti ya Williams mnamo 1826, na kwa Kaunti ya Sandusky mnamo 1827.","Aliteuliwa wakili wa mshtakiwa mnamo 1824 kwa Kata ya Williams, 1826 kwa Kaunti ya Seneca, na Kaunti ya Sandusky mnamo 1827.",0
7564,Gharama wazi huzingatiwa pamoja na zile zilizo wazi wakati wa kuzingatia faida ya kiuchumi.,"Wakati wa kuzingatia faida kamili, gharama za wazi zinazingatiwa pamoja na zile za kiuchumi.",0
7576,"Yesu alikaa siku tatu tumboni mwa samaki, na Yona angekaa siku tatu kaburini.",Yona alikaa siku tatu tumboni mwa samaki; Yesu atakaa siku tatu kaburini.,0
7577,"Mhariri mkuu ni Herbert Wessels (tangu 2009), mhariri wa pili ni Markus Ermert (tangu 2002).","Mhariri mkuu ni Herbert Wessels (tangu 2009), mhariri wa pili ni Markus Ermert (tangu 2002).",1
7585,"Guillermo Coria alishinda Alberto Martín 6 - 3, 3 - 6, 6 - 2","Alishindwa Guillermo Coria Alberto Martín 6 - 3, 3 - 6, 6 - 2",0
7586,"Rangi ya ganda ni laini, chini ya epidermis nyembamba sana, nyeupe, hudhurungi.","Rangi ya ganda ni laini, chini ya epidermis nyembamba sana, nyeupe, hudhurungi.",1
7588,"`` Kuniamini '' ni wimbo ambao uliandikwa na Ned Wever, Milton Ager na Jean Schwartz.","`` Kuniamini '' ni wimbo ulioandikwa na Jean Schwartz, Milton Ager, na Ned Wever.",1
7593,"`` Fallbeil '' ilitumika kwa mara ya mwisho huko Ujerumani Magharibi mnamo 1949, huko Ujerumani Mashariki mnamo 1966.","`` Fallbeil '' ilitumika mara ya mwisho huko Ujerumani Mashariki mnamo 1949, mnamo 1966 huko Ujerumani Magharibi.",0
7595,Inatumikia kitongoji cha kusini-mashariki mwa Melbourne cha ufunguzi wa Edithvale mnamo 20 Septemba 1919.,Inatumikia kitongoji cha kusini mashariki mwa Melbourne ya ufunguzi wa Edithvale mnamo 20 Septemba 1919.,1
7596,Shida zingine ni pamoja na uamuzi wa Peter Jackson wa kubadilisha watunzi kutoka Howard Shore kuwa James Newton Howard wiki saba kabla ya filamu kufunguliwa.,Shida zingine ni pamoja na uamuzi wa Peter Jackson wa kubadili watunzi wa Howard Shore kwa James Newton Howard wiki saba kabla ya mabadiliko ya filamu.,0
7598,Hali yake kama mji wa satelaiti wa Kuala Lumpur umefungwa kwenye eneo lake moyoni mwa Bonde la Klang huko Malaysia.,Hali yake kama mji wa satelaiti wa Kuala Lumpur umeunganishwa na eneo lake moyoni mwa Bonde la Klang huko Malaysia.,1
7599,STATESBORO - Uwanja wa Ndege wa Kaunti ya Bulloch ndio nyumba ya Jeshi la anga la Msaidizi wa Merika; Statesboro `` Eagle '' Composite squadron (GA451) ya doria ya hewa ya kiraia. www.statesborocap.com.,STATESBORO - Uwanja wa Ndege wa Kaunti ya Bulloch ni nyumbani kwa Statesboro `` `Eagle '' Composite squadron (GA451) ya Patrol ya Air. www.statesborocap.com,1
7600,"Chicago Bears ilianguka kwa Giants 27 - 21, na walikuwa 0 - 6 kwa mara ya kwanza tangu 1976.",Chicago Bears ilianguka kwenye Giants 27 - 21 na kwa mara ya kwanza tangu 1976 na 0 - 6.,1
7603,"Alikufa huko Alicante mnamo 6 Januari 1976, na akazikwa katika Kanisa la Madrid.",Alikufa mnamo 6 Januari 1976 huko Madrid na akazikwa katika Kanisa la Alicante.,0
7611,Alikuwa wa sehemu ya Kiyahudi ya Chama cha Waandishi wa kabla ya Waandishi na Watunzi huko Warsaw.,Alikuwa mmoja wa sehemu ya Kiyahudi ya Chama cha Waandishi wa Taifa na watunzi huko Warsaw.,1
7613,"Hoppkorv ilikuwa albamu ya saba na bendi ya Rock Rock ya Amerika Hot Tuna, na albamu yao ya mwisho ya studio iliyorekodiwa kwa Grunt Record, kama Grunt BFL1-1920.",Hoppkorv ilikuwa albamu ya saba ya American Blues - Rock - bendi Hot Tuna na albamu yao ya mwisho ya studio ya Grunt Records iliyorekodiwa kama Grunt BFL1-1920.,1
7616,"Wakati wa kifo chake, David Cardinal Beaton alikuwa Lord Chancellor wa St Andrews, Askofu Mkuu wa Scotland, na Kardinali Legate wa Scotland.","Wakati wa kifo chake, David Cardinal Beaton alikuwa Lord Chancellor wa Scotland, Askofu Mkuu wa St Andrews, na Kardinali Legate huko Scotland.",0
7618,"Somers alikuwa mtoto wa Charles Cocks, 1 Baron Somers, na Elizabeth, binti ya Richard Eliot.","Somers alikuwa mtoto wa Richard Eliot, 1 Baron Somers na Charles Cocks, binti ya Elizabeth.",0
7621,"Anataja hii ugunduzi mpya wa uandishi wa hadithi, na anaiona ni ukweli wa hadithi za Kichina.",Anaelezea hii kama ugunduzi mpya wa hadithi - uandishi na anaiona ni ukweli wa hadithi za fasihi za Wachina.,1
7623,"Barons de Longueuil wameishi sio Canada kwa vizazi kadhaa, lakini waliishi Scotland na Ufaransa na miaka ya 1970 huko Luzon, Ufilipino.","Barons de Longueuil hawajaishi huko Scotland kwa vizazi kadhaa, baada ya kuishi Canada na Ufaransa na, katika miaka ya 1970, huko Luzon, Ufilipino.",0
7625,"Mlima DeVoe ni mlima kwenye Kisiwa cha Vancouver, Briteni ya Briteni, Canada, iliyoko kusini mashariki mwa Rambler Peak na kusini mwa Gold River.","Mlima DeVoe ni mlima kwenye Kisiwa cha Vancouver, Briteni ya Briteni, Canada, iliyoko kusini mashariki mwa Mto wa Dhahabu na kusini mwa Rambler Peak.",0
7638,"Somatherapy (au SOMA) iliundwa na Wilhelm Reich mnamo miaka ya 1970 kama tiba ya kikundi, kwa msingi wa utafiti wa Psychoanalyst Freire.","Somatherapy (au SOMA) ilianzishwa katika miaka ya 1970 kama tiba ya kikundi na Wilhelm Reich, kwa msingi wa utafiti wa Freire ya Psychoanalyst.",1
7645,Inapatikana katika magharibi mwa Ulaya na Kati na Asia ya kusini.,Inapatikana kusini mwa Ulaya na Magharibi na Asia ya Kati.,0
7647,Inatumikia eneo la Cantonment ya Chandimandir ya Panchkula ya Jiji.,Inatumikia eneo la Cantonment la Chandimandir la Panchkula City.,1
7657,"Wakati wa Vita vya Vietnam, Triad iliondolewa kaskazini lakini kusini.","Triad iliondolewa kaskazini wakati wa Vita vya Vietnam, lakini kusini.",1
7659,Filamu hiyo ilihaririwa na Alena Kruchkova na kutengenezwa na Andrei Litvinov.,Filamu hiyo ilitolewa na Alena Kruchkova na kukatwa na Andrei Litvinov.,0
7660,"Huko Sri Lanka, jina la Mhasibu wa Chartered (CA Sri Lanka) linaweza kutumiwa na washiriki wa Taasisi ya Wahasibu wa Chartered wa Sri Lanka.",Huko Sri Lanka jina la mhasibu wa Chartered (CA Sri Lanka) linaweza kutumiwa tu na washiriki wa Taasisi ya Wahasibu wa Sri Lankan.,1
7661,Zingone alicheza mpira wa kilabu kwa Lito.,Lito alicheza kilabu cha mpira wa miguu kwa Zingone.,0
7662,Baada ya masomo yake ya msingi na sekondari huko Isparta alimaliza Shule ya Upili ya Pertevniyal huko İstanbul.,"Baada ya masomo yake ya msingi na sekondari huko Isparta, alikamilisha Shule ya Upili ya Pertevniyal huko Istanbul.",1
7666,"McMillan alikaa miaka miwili katika Royal Medical Corp. huko Didcot - na baadaye huko Tidworth, ambapo aliendesha MRS kwa askari aliyejeruhiwa katika Vita vya Korea.","McMillan alikaa miaka miwili katika Royal Medical Corp. huko Tidworth - na baadaye huko Didcot, ambapo aliendesha MRS kwa askari waliojeruhiwa katika Vita vya Korea.",0
7674,"Jacob Markell (Mei 8, 1770 - Novemba 26, 1852) alikuwa mwakilishi wa Merika kutoka New York, baba ya Henry Markell.","Jacob Markell (Mei 8, 1770 - Novemba 26, 1852) alikuwa mwakilishi wa New York, baba ya Henry Markell.",1
7679,"Kazi yake ya baadaye katika kilimo ilikuwa hasa huko Norfolk, lakini pia alipendekeza embe kubwa huko Lincolnshire, ambazo zilifanywa kwa mafanikio.","Kazi yake ya baadaye katika kilimo ilikuwa kimsingi huko Lincolnshire, lakini pia alipendekeza embankments kubwa huko Norfolk, ambayo ilifanywa kwa mafanikio.",0
7680,"Kulingana na Ofisi ya sensa ya Merika, mji ni eneo la jumla la ardhi ambalo ardhi na / au 33.45 % ina, ni maji.","Kulingana na Ofisi ya sensa ya Merika, mji ni eneo la jumla, ambalo lina ardhi na au 33.45 %, ni maji.",1
7684,"Ilielekezwa na George Fitzmaurice na inatokana na mchezo wa 1917, `` Tiger Rose '', na Willard Mack.","Kuongozwa na George Fitzmaurice, ni kwa msingi wa kucheza `` Tiger Rose '' na Willard Mack mnamo 1917.",1
7686,Kuna pia reli nyembamba ya Gauge inayofanya kazi kwenye peninsula ya Eyre kutoka Ceduna hadi Port Lincoln.,Kuna pia reli nyembamba ya chachi kwenye peninsula ya Eyre kutoka Port Lincoln hadi Ceduna.,0
7688,"Mbali na mbuga za manispaa, kuna mbuga kumi za serikali, vituo vitano vya kitaifa, na bustani zingine kadhaa na arboretums katika eneo hilo.","Mbali na mbuga za jiji, kuna mbuga kumi za serikali, vituo vitano vya kitaifa na bustani zingine kadhaa na arboretums katika eneo hilo.",1
7700,"Vita vya vita ni ya wavuti iliyoandikwa na kuonyeshwa na Mike Norton, iliyochorwa na Allen Passalaqua, na iliyoandaliwa na Chris Crank.","Vita vya Wavuti ni wavuti ya Mike Norton, iliyoandikwa na Allen Passalaqua, iliyoandikwa na kuonyeshwa na Chris Crank.",0
7706,Iliachiliwa baadaye kuthibitishwa kama moja kwa albamu hiyo mnamo Oktoba 15 nchini Uingereza na Oktoba 23 huko USA.,"Iliachiliwa baadaye kudhibitishwa kama moja kwa albamu hiyo mnamo Oktoba 15 nchini Uingereza, na Oktoba 23 huko Amerika.",1
7707,Alikuwa ameolewa na Elisabeth Young (1854 - 1932) na alikuwa baba wa Usafirishaji wa Usafirishaji N. o. Vijana Fearnley na mmiliki wa ardhi Thomas Fearnley.,Alikuwa ameolewa na Elisabeth Young (1854 - 1932) na alikuwa baba wa usafirishaji wa Thomas Fearnley na mmiliki wa ardhi N. o. Vijana Fearnley.,0
7715,"Aliendelea na uhusiano wake na ESPN akielekeza filamu zingine mbili kwa mtandao, `` Wendell Scott '' na `` Herschel ''.","Aliendelea na uhusiano wake na ESPN kuongoza filamu zingine mbili kwa mtandao, `` Herschel '' na `` Wendell Scott ''.",1
7723,Mnamo 2001 Airlines ya Siberia iliunganishwa na Enkor.,"Mnamo 2001, mashirika ya ndege ya Siberia yaliunganishwa na Enkor.",1
7726,"Mnamo tarehe 29 Novemba 1171, Gonzalo alisaini hati kama `` Gonzalo Ruiz de Bureba '' kwa mara ya kwanza.","Mnamo tarehe 29 Novemba 1171, Gonzalo Ruiz de Bureba alisaini cheti kwa mara ya kwanza kama '' Gonzalo.",0
7729,"Hadi ujio wa teknolojia ya video ya elektroniki na ya dijiti, utengenezaji wa filamu za ponografia uliunganishwa moja kwa moja na tasnia ya filamu.","Hadi ujio wa teknolojia ya video ya elektroniki na ya dijiti, utengenezaji wa filamu za ponografia ulifungwa moja kwa moja kwenye tasnia ya filamu.",1
7733,"Alichapisha na kuandika maelezo ya matoleo ya Robert Owen (1934), Thomas More (1935) na Tommaso Campanella (1950).","Alichapisha na kuandika maelezo ya matoleo ya Tommaso Campanella (1934), Thomas More (1935) na Robert Owen (1950).",0
7734,"Lang alizaliwa huko Israeli, alihamia Australia kama kijana na akakaa hapo mnamo 1961.","Mzaliwa wa Israeli, Lang alihamia Australia kama kijana na akakaa hapo mnamo 1961.",1
7743,Dayosisi ya Kirumi - Katoliki ya Bungoma ni dayosisi katika mji wa Kisumu katika mkoa wa kidini wa Bungoma nchini Kenya.,Dayosisi Katoliki ya Bungoma ni dayosisi iliyoko katika mji wa Bungoma katika mkoa wa kidini wa Kisumu nchini Kenya.,0
7745,Nozomu Sasaki imeonyeshwa katika safu ya asili na Mackie katika Kijapani na Frank Trimble kwa Kiingereza.,Nozomu Sasaki ametolewa na Mackie katika Kijapani na Frank Trimble kwa Kiingereza katika safu ya asili.,1
7748,"Brigade tatu (battalions 11) zililelewa kwa vita vya kawaida; Kikosi kikubwa cha waasi (kinachokadiriwa kuwa 100,000) kilifunzwa.","Brigades tatu (battalions 11) walipata mafunzo ya vita vya kawaida, jeshi kubwa la waasi (linalokadiriwa kuwa 100,000) lilianzishwa.",0
7749,"Huko Korea, muundo huo ulitumiwa kuwakilisha Daoism huko Joseon na kuelezea tumaini la maelewano ya Yin na Yang.","Huko Korea, rasimu hiyo ilitumiwa kuwasilisha Daoism huko Joseon na kuelezea tumaini la maelewano ya Yin na Yang.",1
7750,Yeye ni mpokeaji wa Scholarship mashuhuri ya Carnegie kwa hisabati na Lucas (Martin Hansen).,"Yeye ni mpokeaji, na Martin Hansen (Lucas), wa kifahari cha Carnegie Scholarship kwa hisabati.",1
7754,"Mashindano ya 2007 yalifanyika kutoka Januari 21 hadi 28 huko Spokane, Washington katika Kituo cha Mkutano wa Spokane na uwanja wa Spokane.","Mashindano ya 2007 yalifanyika kati ya Januari 21 na 28 huko Spokane, Washington katika uwanja wa Spokane na Kituo cha Mkutano wa Spokane.",1
7755,"Zedtwitz alikuwa rais wa Ligi ya Bridge ya Amerika mnamo 1932, moja ya mashirika ambayo Merger ilianzisha Ligi ya Daraja la Amerika mnamo 1937.","Von Zedtwitz alikuwa Rais wa 1932 wa Shirikisho la Daraja la Amerika, moja ya mashirika ambayo kuunganishwa kwake kulianzisha Ligi ya Bridge ya Amerika mnamo 1937.",0
7759,"Wana miiba 13 ya dorsal, mionzi ya laini 11 hadi 13, miiba 2 ya anal, na mionzi 11 hadi 13 laini.","Wana miiba 13 laini ya anal, mionzi ya laini 11 hadi 13, miiba 2 ya nyuma na mionzi 11 hadi 13.",0
7761,"Na Vinny Testaverde alizingatia nyota huyo, Ray Lucas alikuwa akishindana dhidi ya Zolak kwa kazi ya chelezo.","Na Vinny Testaverde kama nyota, Zolak alikuwa dhidi ya Ray Lucas kwa kazi ya chelezo.",0
7763,"Hii ilirekodiwa katika maandishi mawili marefu kutoka kwa hekalu lake la Medinet Habu, ambalo limetengana kwa mwili na kwa kiasi fulani tofauti na mwingine.","Hii ilirekodiwa katika maandishi mawili marefu kutoka kwa mwili wake Horde Medinet Habu, ambayo ni tofauti ya mwili na tofauti fulani kutoka kwa mwingine.",1
7764,Katika nakala zingine ilipongeza maoni ya kiuchumi yaliyowekwa msingi wa mpango wa Schuman na kusifu upanuzi wa soko la kawaida la Ulaya.,"Katika nakala zingine, ilisifu maoni ya kiuchumi yaliyowekwa msingi wa Mpango wa Schuman na kupongeza kwa upanuzi wa Soko la Kawaida la Ulaya.",1
7767,"`` 2 '' Benjamin Hough aliolewa mnamo Agosti 29, 1806 na Stephen Ford, Jaji wa Amani, katika Kaunti ya Jefferson na Elizabeth Core.","Stephen Stephen aliolewa mnamo Agosti 29, 1806 na Benjamin Hough, Jaji wa Amani, katika Kaunti ya Jefferson, Elizabeth Core.",0
7768,"Kwa mazoezi, mesquite `` moduli '' ni madarasa ya Java, kawaida darasa ndogo za ufafanuzi wa darasa la saruji.","Kwa mazoezi, mesquite `` moduli '' Java - madarasa kawaida ni vifunguo vya ufafanuzi wa darasa la saruji.",1
7770,"Katika lithostratigraphy ya Ulaya, miamba ya umri huu wa Jurassic huitwa mbwa.","Katika Jura ya katikati - lithostratigraphy, miamba ya wakati huu wa Ulaya huitwa mbwa.",0
7771,Uchunguzi wa nguvu wa athari halisi za GLA unasema kwamba athari za kupambana na uchochezi za DGLA zinatawala.,Uchunguzi wa nguvu wa athari za kupambana na uchochezi za GLA unasema kwamba athari halisi za DGLA zinatawala.,0
7775,Wimbo huu uliandikwa na kutungwa na gala iliyotengenezwa na Filippo Andrea Carmeni na Maurizio Molella.,"Wimbo huo uliandikwa na kutengenezwa na gala, ambayo iliundwa na Filippo Andrea Carmeni na Maurizio Molella.",0
7783,"Mnamo Mei, Spencer McLaren alifika kama Kieran Fletcher, shauku ya upendo kwa mhusika aliyeanzishwa Sally Fletcher (Kate Ritchie).","Mnamo Mei, Kate Ritchie alifika kama Sally Fletcher, shauku ya upendo kwa mhusika aliyeanzishwa Kieran Fletcher (Spencer McLaren).",0
7789,"Mehta ana watoto wawili na mke Juhi Chawla, msichana, Jahnavi Mehta (amezaliwa 2001) na mvulana, Arjun Mehta (amezaliwa 2003).","Mehta ana watoto wawili na mke Juhi Chawla, msichana, Jahnavi Mehta (amezaliwa 2001) na mvulana Arjun Mehta (amezaliwa mnamo 2003).",1
7792,"Sculcoates ina maktaba, ofisi ya posta, bwawa la kuogelea linaloitwa Beverley Baths, shule ya upili na shule mbili za msingi.","Sculcoates ina maktaba, ofisi ya posta, umwagaji wa kuogelea unaoitwa Beverley Road Baths, shule ya msingi na shule mbili za upili.",0
7796,"Ungagala Rambabu ni filamu ya Telugu, iliyoandikwa na kuandaliwa na Kranthi Madhav na iliyotengenezwa na Paruchuri Kiriti.",Unganala Rambabu ni filamu ya Telugu iliyoandikwa na kuongozwa na Paruchuri Kiriti na iliyotengenezwa na Kranthi Madhav.,0
7802,"Alihudhuria Shule ya Maandalizi ya Seton Hall katika Orange Kusini Kusini, New Jersey (sasa huko West Orange).","Alihudhuria Shule ya Maandalizi ya Seton Hall huko Orange Kusini, New Jersey (sasa iko West Orange).",1
7803,"Depot tu ya tramu iko katika San Antonio, Termini ni Miraflores na Oriente.",Depo ya tu ya tramu iko San Antonio. Termini ni miraflores na oriente.,1
7804,"Kati ya treni maarufu zaidi ni: Simanta Express na Rupsha Express kwa Khulna, Titumir Express kwa Rajshahi, Nilsagar Express kwa Dhaka na Lalmoni Express kwa Dhaka.","Kati ya treni maarufu zaidi ni: Simanta Express na Rupsha Express kwa Khulna, Titumir Express kwa Rajshahi, Nilesagar Express kwa Dhaka na Lalmoni Express kwa Dhaka.",1
7805,Andesite ilikuwa aina ya lava ya mafic na sampuli zingine kubwa za kutosha kuainishwa kama basaltic andesite.,Andesite ilikuwa aina kubwa ya lava na sampuli kadhaa ambazo zilitosha kuainishwa kama basaltic andesite.,0
7815,"Nashua Silver Knights, sehemu ya ligi ya sasa ya majira ya joto, ni timu ya pamoja ya jiji.","Nashua Silver Knights, sehemu ya Ligi ya Collegiate ya majira ya joto, ni timu ya sasa ya jiji.",0
7817,Barabara ya County 540 ni maili chache tu kusini mwa Jimbo la Jimbo 540 katika Jiji la Nyanda za Juu na inaendesha magharibi kutoka Amerika 98 hadi Barabara ya Kaunti 37B.,Barabara ya Kaunti 540 ni maili chache magharibi mwa Jimbo la Jimbo 540 katika Jiji la Nyanda za Juu na inaendesha kusini kutoka Amerika 98 hadi Barabara ya Kaunti 37B.,0
7819,Ya kwanza itakuwa mazoezi katika visiwa vya Fiji; Ya pili ingekuwa mshtuko na kazi ya Tulagi na Guadalcanal (Operesheni Watchtower).,"Ya kwanza itakuwa mfano katika Tulagi, ya pili itakuwa kazi na kazi ya Fiji - Visiwa na Guadalcanal (Operesheni Watchtower).",0
7821,"Jiwe la Urafiki wa Cambodia - Vietnam huko Phnom Penh, mji mkuu wa Kambodia, ni mnara mkubwa wa zege unaokumbuka muungano wa zamani kati ya Vietnam na Kambodia.","PHNOM PENH - Mnara wa urafiki wa Vietnam huko Kambodia, mji mkuu wa Kambodia, ni jiwe kubwa la zege ambalo linakumbuka muungano wa zamani kati ya Vietnam na Kambodia.",0
7828,"III. Claude Simon Brancion, alioa Aprili 26, 1646, Mary, binti ya Beaufort, Bwana wa S. Quentin ambaye alikuwa naye:","III Claude Simon Brancion, aliyeolewa Aprili 26, 1646, Mary, binti ya Beaufort, Bwana wa S. Quentin, ambaye alikuwa naye:",1
7834,Kuna waalimu wa kudumu 43 na waalimu wengi ndio wasanii bora wa nchi.,Kuna waalimu wa kudumu 43 na waalimu wengi ni wasanii mashuhuri wa nchi hiyo.,1
7835,"Hukumu ya bibilia, kwa maana yake rasmi, ni baraka hasi.","Adhabu ya bibilia ni, kwa maana yake hasi, baraka rasmi.",0
7839,Adhabu ya bibilia ni baraka hasi kwa maana yake rasmi.,Adhabu ya bibilia ni baraka rasmi kwa maana yake hasi.,0
7840,Inapatikana kusini mwa Ulaya na Magharibi na Asia ya Kati.,Inapatikana kusini mwa Ulaya na Magharibi na Asia ya Kati.,1
7844,Mnamo tarehe 25 Juni 1866 aliteuliwa Askofu wa `` Nisa huko Lycia na Askofu wa Velletri wa Titular.,Aliteuliwa kama Askofu msaidizi wa `` Nisa huko Lycia '' na Askofu wa Titular wa Velletri mnamo 25 Juni 1866.,1
7852,Bakuli la kihistoria la mpira lilitumiwa na Mlinzi wa Kitaifa wa Merika kama msingi wakati wa ghasia za rangi ya Wooster Avenue ya 1968.,Bakuli la kihistoria la mpira lilitumiwa na Mlinzi wa Kitaifa wa Merika kama msingi wakati wa ghasia za ubaguzi wa rangi ya 1968.,1
7862,"Tasha kutoka Uzalishaji I.G, Danny Choo, Kaname, Mitsuhisa Ishikawa na Tomohiko Ishii na Miyuko kutoka Korea walikuwa wageni maalum kwa hafla hiyo.","Tasha kutoka Uzalishaji I.G, Danny Choo, Kaname, na Mitsuhisa Ishikawa na Tomohiko Ishii na Miyuko kutoka Korea walikuwa wageni maalum kwa hafla hiyo.",1
7867,"Wakati huo, ilikuwa na meli kutoka Italia, Ufaransa, Ujerumani, Pakistan, Canada, Uingereza na Merika.","Wakati huo, ilikuwa na meli za Canada, Ufaransa, Ujerumani, Pakistan, Italia, Uingereza na Merika.",1
7868,Mwanawe alioa Mary O. Kennedy (kutoka San Francisco) na alikufa mnamo 1883 huko California.,Mwanawe alioa Mary O. Kennedy (wa California) na alikufa huko San Francisco mnamo 1883.,0
7872,Kumbuka pia kuwa `` sio NFL '' inamaanisha kwamba algorithms hazieleweki tu na `` kipimo cha utendaji.,Kumbuka pia kuwa `` sio NFL '' inamaanisha tu kwamba algorithms hazieleweki na `` baadhi ya vipimo vya utendaji kwa jumla.,0
7880,"Shughuli za Ulaya zikawa sehemu ya Ebel, wakati shughuli za Asia ziliuzwa kwa mjasiriamali wa Hong Kong Joseph Wong na sasa ni mali ya Stelux Holdings.","Shughuli za Asia zikawa sehemu ya Ebel, wakati shughuli za Ulaya ziliuzwa kwa mjasiriamali wa Hong Kong Joseph Wong na sasa ni mali ya Stelux Holdings.",0
7881,Bwana Ross: Nitathibitisha kwamba Curry ya hapo awali imepiga risasi na kwamba Hoffman ametoa pound kwa mtu wa kwanza ambaye angefanya hivyo.,"Bwana Hoffman: Nitathibitisha kwamba Curry ya risasi ya hapo awali, na kwamba Ross alitoa pound kwa wa kwanza ambaye angefanya hivyo.",0
7882,Li Bian alichukua wakati baba yake Li Jing alikufa mnamo 943.,Li Li alichukua wakati baba yake alikufa Li Jing mnamo 943.,0
7885,"Baada ya kustaafu, alibaki Krzemieniec na akafa hapo.",Baada ya kustaafu alikufa na kubaki Krzemieniec.,0
7887,Hii ilimfanya kuwa grader ya kwanza ya 994 kucheza kwa Roosters.,Hii ilimfanya kuwa grader ya kwanza ya 994 kucheza kwa Roosters.,1
7894,"H. T. J. Macnamara alioa Edith Cranstoun Macnamara, binti mkubwa wa Mr. Neville, ambaye wakati mmoja alikuwa jaji wa korti za kaunti na kamishna wa reli.","Neville alifunga ndoa na Edith Cranstoun Macnamara, binti mkubwa wa Bwana H. T. J. Macnamara, ambaye alikuwa jaji wa korti za kaunti na kamishna wa reli wakati mmoja.",0
7899,"Bonnie Bedelia Culkin (mzaliwa wa Bonnie Bedelia, Machi 25, 1948) ni mwigizaji wa Amerika.","Bonnie Bedelia Culkin (amezaliwa Machi 25, 1948 huko Bonnie Bedelia) ni mwigizaji wa Amerika wa Amerika.",1
7918,Kutumia hypotheses mpya lugha inaweza kuunda sentensi za uchambuzi na kuunda mwongozo wa tafsiri.,Mtaalam wa lugha anaweza kutumia hypotheses mpya kuunda sentensi za uchambuzi na kuunda mwongozo wa tafsiri.,1
7935,"Mnamo Aprili 1942, Montagu Slater alirudi Uingereza na, muda mfupi baada ya kurudi, alimuuliza Britten kuwa mwandishi wake wa `` Peter Grimes ''.","Britten alirudi Uingereza mnamo Aprili 1942. Mara tu baada ya kurudi kwake, aliuliza Montagu Slater kuwa mtoaji wake wa `` Peter Grimes ''.",0
7946,"Walakini, Madonna, Prince, na Michael Jackson walikuwa ushawishi kwenye albamu.","Michael Jackson, Prince na Madonna, hata hivyo, walishawishiwa kwenye albamu hiyo.",1
7948,"Mnamo 1781, Gavana wa Illinois Thomas Jefferson alimkuza Clark kwa Brigadier General na akampa amri ya wanamgambo wote katika kaunti za Kentucky na Virginia.","Mnamo 1781, Illinois - Gavana Thomas Jefferson Clark alikuza Brigadier Mkuu na kumpa amri ya wanamgambo wote katika kaunti za Kentucky na Virginia.",1
7950,Kampasi hiyo ilikuwa katika Wan Chai na Sai Kung na kuhamia kwenye tovuti yake mpya katika mji wa Kennedy mnamo Agosti 2013.,Chuo hicho kilikuwa katika Wan Chai na Kennedy Town na mnamo Agosti 2013 shule hiyo ilihamia katika eneo lake mpya la kudumu huko Sai Kung.,0
7956,Ameolewa mara mbili: Kwanza kwa Daktari Mark Soroko na baadaye kwa benki Jim Hays.,"Ameolewa mara mbili: kwanza kwa Daktari Mark Soroko, na baadaye kwa benki Jim Hays.",1
7957,"Alisafiri kutoka Key West mnamo 12 Septemba 1943 na alifika mnamo 16 Septemba huko Galveston, Texas.","Alisafiri kwa meli mnamo 12 Septemba 1943 kutoka Galveston, Texas, na akafikia Key West mnamo 16 Septemba.",0
7960,"Mnamo 1977, na Rob Taylor, Barber alisafiri kwenda Scotland na Norway kupanda milango ya maji.","Mnamo 1977, Barber alisafiri na Rob Taylor kwenda Scotland na Norway kupanda milango ya maji.",1
7962,"Jiří Veselý alishinda Oliver Golding, 5 - 7, 6 - 3, 6 - 4.","Alishindwa Jiří Veselý Oliver Golding, 5 - 7, 6 - 3, 6 - 4.",0
7963,"Juhi Chawla ana watoto wawili na mke Jahnavi Mehta, msichana, Mehta (amezaliwa 2001) na mvulana, Arjun Mehta (amezaliwa 2003).","Juhi Chawla ana watoto wawili na mke Jahnavi Mehta, msichana, Mehta (amezaliwa mnamo 2001) na mvulana, Arjun Mehta (amezaliwa 2003).",1
7967,"Mnamo 2002, wimbo huo ulitolewa na mtayarishaji wa Uingereza Vincent Stormfield na kufunikwa na Uhuruiente na `` Tamu Harmony 02 ''.","Mnamo 2002, wimbo huo ulifunikwa na mtayarishaji wa Briteni Vincent Stormfield na ilitolewa na Independeente kama '' Tamu Harmony '02 ``.",0
7968,"Elizabeth Prudden, alihamia kutoka Uingereza kwenda Milford, Connecticut mnamo 1653; alioa Roger Pritchard","Elizabeth Elizabeth Prudden, alihamia kutoka Uingereza kwenda Milford mnamo 1653, Connecticut, alioa Roger Pritchard",1
7971,"Rekodi mashuhuri wakati wimbo huo ulikuwa mpya ulifanywa na wasanii kama Paul Whiteman, Van & Schenck, Marion Harris na Quartet ya Amerika.","Risasi za kushangaza zilifanywa na wasanii kama vile Paul Whiteman, Van Schenck, Marion Harris na Quartet ya Amerika, wakati wimbo huo ulikuwa mpya.",1
7972,Alikabidhiwa katika kitabu chake cha juu cha mwaka kilichoitwa `` kichekesho zaidi '' na '' mwenye talanta ``.,Alipewa `` mcheshi zaidi '' na `` wenye talanta zaidi '' katika kitabu chake cha juu cha mwaka.,1
7975,"Mahojiano kawaida huendesha kwa saa ya kwanza ya programu, na mahojiano ya nusu saa wakati wa saa ya pili.","Mahojiano kawaida huendesha kwa saa ya kwanza ya programu, na mahojiano ya nusu saa wakati wa saa ya pili.",1
7980,"Walioathirika, Arthur anajaribu kuwa mwangalifu zaidi kuelekea Gwen (anayejitolea kufanya chakula cha jioni nk.","Arthur anajaribu kuathiriwa, kuwa mwangalifu zaidi kuelekea Gwen (kutoa chakula cha jioni, nk.",1
7984,"Bas Basie Land ni albamu ya studio na Count Basie na orchestra yake ya 1964, ambayo muziki wake uliundwa na kupangwa na Billy Byers.","Ardhi ya Basie Ardhi ni albamu ya studio ya Billy Byers na orchestra yake kutoka 1964, iliyoundwa na kupangwa na Hesabu Basie.",0
7992,Dhamira yao ni kulinda nafasi mbali mbali kutoka kwa vikosi vya meli zinazoingia za adui.,Dhamira yao ni kulinda sehemu mbali mbali kutoka kwa vikosi vya meli za adui.,0
7993,"Kwenye mama yake, upande wa Elizabeth walikuwa Sir William Mordaunt, kansela wa Duchy wa Cornwall, na John Mordaunt, mkuu wa prothonotary wa Pleas wa kawaida.","Upande wa mama yake walikuwa Elizabeth William Mordaunt, Chancellor wa Duchy wa Cornwall, na John Mordaunt, mkuu wa prothonotary wa Pleas ya kawaida.",0
7999,Mnamo 2014 wavuti ilizindua programu za iOS na Android kwa utaftaji wa bidhaa; Vipengele vya bidhaa ni pamoja na hakiki za bidhaa za video zinazoingiliana na vikao vya maswali na majibu ya moja kwa moja.,"Mnamo mwaka wa 2014 ilizindua tovuti ya iOS na Android - Maombi ya utaftaji wa bidhaa, huduma za bidhaa ni pamoja na video inayoingiliana - bidhaa - hakiki na maswali ya moja kwa moja na majibu - vikao.",1
8000,"Katika mwelekeo mwingine, fikiria kuwa `` m` `ni nguvu na sababu ya msingi","Katika mwelekeo mwingine, fikiria kuwa `` m '' ni mkuu, na sababu ya nguvu.",0
